latitude,longitude,bg_weight
40.71,29.23,1.0
40.6,29.08,0.5674814178530161
40.61,29.07,8.609995971287088e-05
40.61,29.08,3.587122086068373e-05
40.63,29.07,0.0004581024996144212
40.62,30.09,1.0
40.55,27.15,1.0
40.62,29.07,0.0003125877234857466
40.73,29.06,0.03179312615514496
40.61,29.08,0.00031015148705382245
40.35,29.37,0.9254195511247232
40.59,29.03,0.00788565910421346
40.02,28.72,1.0
39.63,29.45,1.0
40.82,29.26,0.49431253570979894
40.79,28.17,1.0
40.77,30.19,0.9004254471040013
40.82,28.09,0.07638013546730393
40.66,29.26,0.15054035347482364
40.66,29.27,1.2045396112658757e-05
40.99,30.51,0.9755531489699928
39.66,28.41,0.9948715755860995
41.45,29.47,1.0
40.25,28.85,0.949143247424647
40.19,27.39,0.9965912485085893
39.79,30.46,1.0
39.62,27.68,1.0
40.74,30.57,0.9578534455594878
40.82,27.78,0.9496602554554003
40.78,30.87,0.6441828192242066
40.2,27.44,0.03972748145419469
40.73,27.51,0.7605582853836228
39.75,30.8,0.9758491588777899
40.42,27.07,0.8925139688044315
40.14,29.31,0.9729818608043037
40.11,29.35,7.054074783485742e-05
40.84,27.88,0.2884733973692847
40.08,29.34,0.013155041277281398
40.09,29.34,0.00015918359694877537
40.74,27.6,0.27779315470509514
40.67,29.25,0.005292452987522678
40.72,29.28,0.006997756475887518
40.47,26.15,1.0
39.67,29.45,0.13976920600257514
39.63,29.44,0.0048799959734568965
39.81,30.52,0.15482856682632562
40.83,27.94,0.05872100742915165
40.79,27.94,0.005940123346742654
39.67,29.49,0.010644301849758175
39.67,29.46,0.000529841890458238
40.82,27.82,0.023029874916205006
39.65,29.41,0.004857252929944433
39.73,29.46,0.010463133820770909
39.71,29.44,5.213789084101972e-05
39.74,29.48,0.00012759238935589057
40.47,29.19,0.6458100896247254
39.8,28.66,0.9757195571955881
40.83,30.89,0.11548371047552886
40.65,29.1,0.027482359385758603
40.64,29.14,0.0002697460160475673
40.81,27.69,0.1314108990880014
40.06,29.38,0.01856694126490832
40.63,29.11,0.0011584607892617393
40.68,28.65,0.8627225855622473
40.45,28.36,0.9416861440880102
40.81,28.01,0.05925709171698068
40.59,27.22,0.48317227890838754
40.82,27.84,0.004693392141448038
40.65,29.16,0.005150832605254729
40.55,29.3,0.055126702902653424
40.85,28.69,0.8010924917145062
40.7,28.71,0.053963371513348846
40.68,29.2,0.00799814667148302
39.68,29.44,0.003863966730669688
40.7,28.62,0.01893744249400031
40.5,29.18,0.04353404851510301
40.66,30.62,0.5686934553860257
40.71,30.61,0.0004040297084276778
40.81,30.63,0.026824880209440738
40.7,30.6,0.0001191086468087521
40.74,30.62,0.00026654122094693644
40.7,30.62,4.833565437711851e-05
40.67,30.57,0.00013182074098194718
40.66,29.15,0.0026388026867669723
40.43,28.56,0.8191075221196678
40.6,27.67,0.7748999869130823
39.66,29.44,0.002972173878224238
40.71,30.57,0.0008300518171243665
40.78,30.67,0.0012801742321739695
40.72,30.55,0.00014407951117978435
40.69,30.52,0.00042928018272458957
40.56,30.71,0.050675014410893615
40.67,30.61,0.0005324604223738705
40.65,30.57,0.0004305784960382253
40.72,30.59,0.00030636543591255894
41.11,30.14,0.9124164643745342
40.7,27.83,0.35255672152053363
40.64,30.55,0.0016285846846650909
40.43,28.43,0.16260158679251902
40.66,30.56,0.0005492555989615733
40.72,30.62,0.0007551850236444668
39.63,29.41,0.009022561400866325
40.72,30.6,0.00030136310923434273
40.44,29.09,0.3091675817472631
39.67,28.48,0.457008772024006
39.68,29.38,0.016758105834765225
40.04,28.6,0.7907986227356405
39.67,29.46,0.0023176163196600985
39.66,29.43,2.532765151708194e-05
40.62,27.86,0.23791000004152885
39.65,29.43,0.0005121011304608514
39.97,28.74,0.2468410036048947
39.96,28.75,2.0563740276480225e-05
39.97,28.8,0.0003579472362164049
39.95,28.75,4.241654255021654e-05
39.96,28.74,4.5165803342905875e-06
39.94,28.79,0.0001203491048155092
39.94,28.76,3.6326243309514616e-05
39.83,29.21,0.33656596683604856
40.12,28.79,0.04003154905443318
39.93,28.75,0.0001298473766970787
40.74,30.62,0.0011521662181712689
39.94,28.77,0.00011204979567835949
39.93,28.76,9.241777401403084e-05
39.95,28.72,0.00017713301898591993
40.36,29.12,0.22557962016290312
39.93,28.78,0.0001260218081073905
39.96,28.77,0.00016410191674365304
39.96,28.71,0.00028786023381000003
39.94,28.79,0.0002298890615979321
40.42,28.82,0.6815283767099991
40.3,29.32,0.3851945828261061
39.94,28.74,0.00027867764125477645
40.81,27.85,0.00839930601796901
40.25,29.1,0.23517828408446118
39.96,28.75,0.0001683687894700192
40.49,27.53,0.7698861885554683
40.83,28.31,0.8119871802712787
40.66,30.53,0.003077103531509584
39.64,28.62,0.5146868348975022
39.67,29.46,0.0011964300482252277
40.75,30.62,0.0013450411096735948
39.75,26.49,0.9998763263348941
40.63,30.64,0.012273668702529661
39.62,29.36,0.025474847984484184
40.22,28.79,0.2559033259792154
39.73,27.61,0.9057349857165783
39.61,29.39,0.0023259351297533204
39.93,28.14,0.9316315805401666
40.71,30.59,0.0009204350218270374
39.6,29.42,0.0033274475153750593
39.67,29.52,0.004258467950211342
40.25,27.75,0.9507562219385968
40.83,27.73,0.05493803047170076
40.68,27.88,0.06249087395754227
40.74,30.66,0.0040091497825875955
40.17,28.77,0.04923198802541717
40.78,30.87,0.007978001819072822
40.16,28.69,0.03854933040501485
40.6,28.98,0.1302903861403657
40.82,28.18,0.0912994905356318
40.73,30.62,0.000612505026192367
40.66,30.58,0.0013445712307952329
40.72,30.64,0.0004416992452526136
40.47,30.26,0.6947993521160543
40.67,30.63,0.0014759706921935178
39.81,28.64,0.033191548518407554
40.83,28.17,0.0007242607189618111
39.67,29.46,0.0011174882987368129
39.72,30.78,0.10669320984837938
39.71,28.46,0.09795906139596222
40.2,27.4,0.021382508111681076
40.49,29.3,0.25134745623220833
40.62,27.86,0.006193958261912269
39.61,29.34,0.010067386098279063
39.61,29.41,0.0002999840087350991
40.39,27.31,0.8068556349577451
40.74,28.35,0.4280033174772565
40.83,28.34,0.014668329140527514
40.73,30.57,0.0019268949668891366
39.92,26.81,0.9861681994003271
40.77,30.26,0.35161786707875486
40.64,27.27,0.40081409804199863
41.08,29.32,0.9888566622590544
39.65,29.44,0.0020669435121726254
39.69,29.46,0.0006886537983595842
40.12,29.31,0.027403850868418345
39.72,29.52,0.013228181878495948
39.69,29.48,0.00010656090503513571
39.65,29.45,0.00024825542267448153
39.63,29.44,7.792754296298554e-05
39.73,30.18,0.9847776781173979
39.71,30.19,0.001959243239851971
40.64,29.01,0.052729194202938756
39.9,28.95,0.4135328998306582
41.05,29.31,0.017239392002760368
40.75,27.51,0.0535577634814115
40.77,29.08,0.22375131668443637
39.71,30.87,0.2631539507403182
40.59,27.27,0.05114227911114999
40.6,29.11,0.01621958188332384
40.84,28.61,0.3738554804386849
39.97,27.8,0.9580933052132607
40.63,29.07,0.0025819594078234642
40.67,27.48,0.08078215780658327
39.94,28.61,0.14962426144135188
40.45,28.8,0.083148472564754
40.8,28.85,0.2806397781064076
39.69,30.61,0.6202956679474819
40.47,27.56,0.05744437446737438
40.44,27.76,0.5483835063302107
40.85,29.18,0.2866958137109341
40.55,29.22,0.1134478589993656
40.65,28.93,0.08854072534776658
40.72,29.03,0.03807569467830563
40.12,26.64,0.9700545562024437
40.16,29.18,0.48461550065170567
39.7,29.46,0.002723123681786288
39.6,29.45,0.005290094256019451
40.16,28.75,0.022562059429252157
41.05,28.9,0.8591916755082316
40.34,29.11,0.036036274863743056
39.66,29.46,0.0013454421740803912
40.28,27.28,0.5799491624184143
39.81,26.3,0.9136956947926399
39.94,27.15,0.9056484474691738
39.63,29.39,0.004920930485243669
39.68,27.9,0.9484905455318813
40.81,29.45,0.7905843130532016
40.83,29.21,0.022000647952769903
39.79,27.85,0.25553418114739357
40.22,28.77,0.022472890613486896
39.67,29.42,0.002627678323548377
39.62,29.46,0.0008668420821951184
40.03,28.75,0.04148116808154445
40.21,28.75,0.001248211884787076
40.65,29.1,0.007318154838354185
40.49,27.09,0.4841598761984214
40.27,27.36,0.08545227560098645
39.91,28.71,0.023008348862801897
40.42,28.8,0.02017798483812272
39.65,25.76,0.9994583934146444
40.19,28.81,0.01663300116935562
39.62,29.36,0.0036602142067140297
40.35,28.17,0.9459711292002726
39.61,29.55,0.054176869660204185
40.04,28.94,0.30656167057011596
40.12,28.57,0.31222749248389814
40.76,28.9,0.14895526743691379
40.83,27.68,0.041733893882831885
39.99,29.07,0.20212300746640477
40.78,28.88,0.0003925612833732828
39.65,29.4,0.0023152000375725734
40.21,28.81,0.002495220280551491
39.73,29.44,0.003447526698484138
40.52,29.16,0.04537042312954398
40.12,28.05,0.8628750840260117
40.06,25.91,0.9804564543683973
40.8,27.86,0.016804372355158304
39.61,27.45,0.9246434000489071
40.39,25.77,0.9578635435908598
40.23,29.65,0.957781860882883
40.15,25.69,0.5934917716294946
40.09,26.14,0.6937088629619663
40.32,27.86,0.7100784967653375
40.54,28.12,0.536780618328581
40.17,28.75,0.006780781002104774
40.07,27.6,0.8474977771501748
40.62,29.04,0.011859215524980038
40.74,27.42,0.2900111167126729
40.22,28.77,0.0032911764826553114
40.73,30.68,0.008227292290765464
40.93,29.13,0.47719397183806844
40.37,28.6,0.4956645097270299
40.62,27.32,0.09447457880912069
40.68,27.49,0.012726545025944613
40.03,26.82,0.7950912645705892
40.58,27.19,0.05525292093566203
40.28,27.86,0.06375055042891908
40.82,28.11,0.03533765716362858
40.08,27.23,0.8010062209403492
40.31,25.75,0.4022670828304097
39.62,27.86,0.47419795628383143
40.21,27.94,0.2859558227025023
40.21,27.91,2.9039444242595636e-06
40.18,27.92,1.620613682828953e-05
40.32,25.67,0.01369110871696333
41.12,29.47,0.8625164999252417
39.66,29.44,0.002074772225339583
40.2,27.92,8.3479798914321e-05
40.2,27.95,1.1341099821704503e-05
40.23,27.94,3.542178013216102e-05
40.17,28.9,0.21102815057101476
40.31,25.8,0.0057854273770528986
40.19,28.78,0.006897004184036604
39.84,30.4,0.6192340125854052
40.33,27.48,0.4798114516469535
40.01,28.98,0.12352929905337828
40.19,27.95,0.0005361951032794021
40.66,29.03,0.023766472653359294
40.77,30.31,0.1483833724047109
40.0,29.08,0.011648163825411006
40.46,29.2,0.044180235467560114
40.2,28.78,0.0027983630455866715
39.74,29.41,0.02566587617681848
40.31,29.13,0.07856229566408612
40.67,27.5,0.00620048435059839
40.52,29.29,0.056725788461556514
41.09,29.31,0.02785149282641808
40.13,30.15,0.988503562698607
40.56,28.92,0.26094958803002866
40.29,27.52,0.1108011003017042
40.37,27.33,0.06712665443178834
40.18,28.79,0.004172613266981151
40.56,28.93,0.00122130337367099
40.38,27.83,0.22995463135022942
39.7,26.2,0.9129258426262891
41.76,27.44,0.9998718151661762
40.09,29.34,0.011687279876337331
40.72,26.51,0.9974851293165684
39.64,29.48,0.008537343435401468
41.24,28.49,0.9964250606972224
40.49,30.17,0.6134813990764458
40.2,28.97,0.19391206898794755
39.67,25.63,0.7492921106599939
40.32,29.43,0.48109280848114755
40.4,26.19,0.7268607857302192
40.41,26.08,0.0014956895894111533
40.09,29.37,0.006140227690532907
40.67,27.41,0.11466535448660353
40.71,27.43,0.0017511910214855764
40.39,26.19,0.00020588046336911248
40.1,26.63,0.017540801005529683
40.44,26.09,0.00014833977270134469
40.23,26.86,0.02616580856982842
40.59,26.31,0.006088155685307406
40.45,25.95,0.002941888739087073
40.45,26.08,2.0558287728400515e-05
40.42,26.21,2.7562536859870868e-05
40.44,26.04,6.365215381287648e-05
40.51,26.06,0.00026255089380611274
40.39,26.65,0.026474671906775882
40.42,26.02,3.4589400096374234e-05
40.38,25.99,0.00011276683552363664
40.43,26.01,1.9174175847957997e-05
40.39,26.04,0.00011355709864036001
40.44,25.93,0.00011971315257242043
40.11,26.29,0.03900321072360169
40.37,26.03,6.829125841356642e-05
40.72,27.42,0.0002899920637466913
40.61,27.32,0.002455907212658759
40.42,25.97,7.806561637058174e-05
40.38,26.04,1.9304521696850152e-05
40.04,26.36,0.03711089148141311
40.14,26.42,0.001618156862397191
40.38,26.01,8.527128292712405e-05
40.33,26.19,0.0013336321984517285
40.53,25.72,0.061790754460995245
40.39,26.15,0.00021103238282504932
40.4,25.86,0.004505067487084902
40.38,26.24,0.0004627781466386427
40.41,25.86,2.0485114645252267e-05
40.61,26.0,0.009961570395460528
40.73,27.42,0.00038199819821438386
40.72,27.42,2.1477736330210995e-05
40.68,27.4,0.00011001189673576217
40.39,25.85,8.107625047470979e-05
40.71,27.5,0.002255776237637841
40.46,26.1,0.0004484907007122896
40.56,26.16,0.009711646863873824
40.39,26.11,0.0009330241503123782
40.46,26.1,0.0001890669110051757
40.45,25.9,0.0008646728493596489
40.43,26.1,0.00010670004067048211
40.38,25.99,0.0002179256818302111
40.61,27.42,0.017170566540099075
40.33,26.0,0.002248869592531122
40.2,29.29,0.2268298001650647
40.19,28.83,0.010716241123040593
40.38,25.92,0.002310603290331059
40.4,25.89,2.0454772478806227e-05
40.4,25.95,3.845209482244982e-05
40.37,25.91,8.08218992953691e-06
40.39,25.92,1.4109384618432586e-05
40.44,25.87,0.00023291260841684647
40.39,25.92,1.4943468060524268e-05
40.51,26.02,0.000984954379348535
40.52,25.98,0.00034531545154137255
40.39,25.94,5.576839944398948e-05
40.37,25.9,0.00010966976992843325
40.35,25.77,0.002366852533804753
39.7,27.66,0.2681784554616534
40.43,26.09,0.00035946930303909497
40.49,27.53,0.019034326530724455
40.1,29.31,0.008432255920793774
40.19,28.77,0.0030804936878042755
39.97,25.95,0.4444192155937029
40.39,26.12,0.0008648683837569893
40.83,27.48,0.1480119184625993
40.48,25.74,0.02326188126268036
40.4,25.84,0.0005139294450116072
40.65,27.54,0.0196888421321032
40.42,26.08,0.00035678965896224213
39.9,29.15,0.49618082337326475
40.78,27.9,0.0681009641701934
39.87,29.31,0.06489165897672222
40.64,27.58,0.0063379628538575705
39.71,26.06,0.5202780609248168
39.67,26.31,0.14816472895468424
40.45,25.97,0.0012000221911711018
40.34,26.16,0.004038766033056862
40.71,27.43,0.0010693095336549163
40.85,27.71,0.04129693248908828
40.69,29.17,0.05757793811714762
40.43,25.88,0.0006458868345149416
40.44,26.12,0.0012518743783611619
39.98,28.1,0.4992938715991053
40.63,27.74,0.22039893883290174
40.48,29.22,0.03050820112699626
40.28,29.69,0.42547942823001705
41.08,28.86,0.29350665161119294
40.33,29.7,0.008471133220148586
40.73,29.07,0.026738481221418864
40.22,29.35,0.1167907269720061
40.48,27.92,0.5833229028611547
40.41,26.16,0.00150596329053998
40.63,27.48,0.024999013093660483
40.39,28.63,0.08776534547119186
40.64,29.05,0.009613541324693164
39.97,27.8,0.01809936174887572
39.66,29.41,0.0048350613676203524
40.35,27.63,0.45922102752180227
40.23,29.48,0.21023666701782484
40.68,30.13,0.6710711306901853
39.65,27.75,0.3720705833854856
39.63,29.42,0.003946617560508958
39.9,27.18,0.2857676622825055
41.13,28.86,0.1009043297572878
39.63,28.81,0.9137069047177968
40.41,27.41,0.28722703692694873
39.63,29.41,0.00041687096588260975
41.06,29.36,0.09748168717865613
40.66,25.95,0.14701012095262134
40.7,29.39,0.49756368590831557
40.83,27.73,0.00965266434153711
40.79,29.47,0.08535175615148538
39.76,27.78,0.2499001045493594
39.6,29.39,0.004092284757446385
40.37,27.47,0.06074473076651965
41.14,28.9,0.01604721344555793
40.84,28.46,0.7291388617681727
40.44,28.99,0.44592660772813764
40.44,26.01,0.0017978244680030286
41.33,28.18,0.9846529947221527
40.3,26.03,0.03135452110285697
40.61,26.32,0.0166150539640203
40.7,29.19,0.011812341072638621
39.9,28.12,0.17272846757395177
40.5,26.15,0.0211830827518511
40.53,26.06,0.0029741568949313013
41.15,28.92,0.007590600473734166
39.88,30.32,0.593035601857889
40.27,29.24,0.2879446281957495
41.31,29.17,0.8065753706652151
40.36,26.17,0.003952690428420502
40.47,26.37,0.027583721278516826
40.99,30.68,0.8675705191317707
41.09,29.35,0.02084436392955702
39.7,29.15,0.6894151044875391
40.48,25.91,0.010555829505015657
40.92,30.78,0.23929480371597456
40.71,27.52,0.012677473576659604
40.42,28.36,0.19467474360617387
39.87,28.63,0.3313299622430963
40.75,27.48,0.014559662900092585
39.97,28.08,0.02127596925426467
40.32,27.78,0.2774426107834872
40.4,25.97,0.002211692028705192
40.7,26.63,0.4362642674508246
40.47,26.23,0.045066254112404835
40.5,26.35,0.01669863633222446
40.07,29.37,0.014013159694887478
40.12,29.25,0.0056990075737319845
40.45,26.01,0.0027399770715008653
40.81,29.45,0.017699976588996136
40.84,29.49,0.00017555654979006796
40.47,25.92,0.0034026253494156
41.04,26.39,0.9440348516372392
40.69,27.31,0.15251489217382963
41.11,28.87,0.019056220361613474
41.78,26.66,0.9991568242828053
40.13,28.12,0.3673515224813153
39.73,29.36,0.10039366186118115
40.65,29.18,0.02603305734618433
40.83,29.03,0.3310406597175859
40.7,27.41,0.006652456451932909
40.41,26.01,0.002849324761359795
41.05,29.32,0.022315620876058984
39.66,29.42,0.0034572537716444085
39.98,27.77,0.03927175926192861
40.34,28.23,0.4227060711572844
40.09,29.34,0.004850596306623656
40.12,28.26,0.38859476468685983
39.68,28.79,0.318325539983099
40.78,29.48,0.013757292188067094
41.08,29.33,0.0060018969928277155
40.65,29.11,0.010355865706461964
40.66,29.1,3.735524083958719e-05
40.38,25.91,0.0018909272538220057
40.26,27.87,0.0493554240193953
40.76,27.27,0.2219490520938734
39.86,29.31,0.02059440896164
41.05,29.32,0.001952687075885029
40.56,26.15,0.014961772593756195
40.87,28.77,0.5579831992123556
39.8,28.66,0.031988594318310914
40.2,28.8,0.008110905252292078
40.84,28.1,0.043628908958899815
40.46,27.19,0.5473671495533304
39.67,29.37,0.014127873368062982
40.84,28.34,0.042595624947783794
40.85,28.31,2.7883302878506377e-05
41.07,29.35,0.002716738814915076
40.64,30.48,0.14859736958246794
41.1,28.72,0.46389851118383507
40.85,29.27,0.15919578042383442
40.89,29.23,0.007386888932280011
40.0,29.1,0.03195402100914113
39.66,28.62,0.09716399199878067
40.74,29.26,0.04699055789399742
40.73,30.22,0.2649446656731228
41.03,28.88,0.08866504178601464
40.08,29.34,0.002346843239654617
40.63,29.02,0.013678000475623509
40.21,28.78,0.0035396244012185774
41.0,27.98,0.77650795537736
39.76,29.39,0.03750610204701299
40.8,27.45,0.048962182275589794
40.74,30.18,0.012344128035616353
40.41,27.67,0.3652851873701777
40.71,30.59,0.005195413869563681
40.17,28.19,0.18556680443136397
40.76,27.69,0.21794030783145202
39.91,30.66,0.9489844516435292
40.59,27.03,0.7013987684564065
40.73,29.23,0.01277041044415117
40.73,29.21,7.6263824461131335e-06
40.28,29.2,0.08910311948873839
40.17,29.24,0.06407174573990204
40.78,28.11,0.09633172384575439
40.8,28.09,0.00015410082541700287
40.77,28.09,0.00023427668503916976
40.24,28.75,0.021746321186636997
39.82,30.53,0.06165527030859963
39.8,30.54,0.0001984141075522805
39.8,30.5,2.778831182004282e-05
40.3,27.59,0.24894967706503923
40.3,28.84,0.10069504282938868
39.7,29.35,0.022745462759433788
40.55,30.1,0.6061751236939749
41.16,28.88,0.03402182909024298
39.85,30.53,0.0017572951469004838
40.11,29.31,0.0069490131873489736
40.79,30.65,0.029660803425448412
40.81,29.47,0.011242542982576542
40.25,29.88,0.8594187464953502
39.82,30.53,0.0003852784075277782
39.84,28.95,0.5873358339439783
40.88,29.3,0.04305319548164621
39.96,28.49,0.7266311448815886
41.04,29.66,0.8372062651067786
41.08,29.35,0.0040949913421785
41.1,29.44,0.002487357097149312
40.94,29.62,0.02481501708760625
40.42,27.41,0.020609022808458444
40.52,27.22,0.18958839586724563
40.26,27.99,0.11347772806522094
39.67,27.52,0.6624791936531131
41.01,29.28,0.06983746258043289
40.82,28.71,0.21176201940782013
40.27,29.56,0.40777481713339014
40.83,27.92,0.05789686051008691
40.36,27.55,0.12612117113930332
41.16,29.4,0.12630955283713374
40.84,29.48,0.011746111026766703
40.06,28.99,0.23677886988419738
40.55,27.46,0.2844599957253352
39.64,29.53,0.05716252196512506
40.09,28.97,0.007217064701185993
40.55,27.02,0.08799837593958171
40.86,26.41,0.8870530690013337
39.87,28.72,0.17551049976970778
40.68,27.53,0.027114529539567167
40.78,28.78,0.20113954687350044
39.9,27.13,0.11794480534890217
40.29,28.06,0.1576409711489818
40.09,28.99,0.0031155357346887014
40.79,27.99,0.06375896330843867
40.01,28.76,0.037165307062802744
40.79,28.0,0.00016480021809384127
40.61,27.49,0.03321985984948783
40.84,27.71,0.011492169890322645
40.77,27.98,0.001476158397719196
39.97,29.15,0.1472560290383731
40.15,28.24,0.05961558510161025
40.11,27.58,0.2911823786564066
41.04,29.29,0.015046827474797131
39.61,29.02,0.8212532872022176
39.63,29.01,2.8572455997077917e-05
40.43,28.93,0.25164142093743325
39.63,29.04,0.00013188302183175793
39.62,28.97,0.0006494094732449884
40.4,28.15,0.37743058579078814
39.61,29.47,0.01623649464201804
40.43,28.54,0.09586680148606297
39.62,29.04,0.0004121490047430676
39.63,29.07,0.00023178879550689313
39.63,29.03,0.00014882148157768782
40.55,29.24,0.05564027743070299
40.49,29.16,0.032056207898592426
39.77,29.37,0.02099820101567418
40.83,27.83,0.028547362638330687
40.8,27.63,0.06247061063945636
40.1,28.91,0.08210429420589815
40.02,28.74,0.008999269752432038
39.63,29.04,0.001220465440025409
39.65,29.05,0.00030058830687806903
39.6,29.06,0.00023849409911569364
40.08,28.94,0.005199641049860704
39.62,29.16,0.018697312270040234
39.8,26.85,0.934408177081507
40.11,28.95,0.0030093900239727134
40.31,27.86,0.038195621820285686
41.13,28.9,0.01858485817395583
40.37,28.67,0.13767570272688534
40.6,27.73,0.12622361281186767
39.61,29.49,0.009497258648941687
40.06,28.47,0.5756830149764306
41.23,29.02,0.4236687452341603
40.52,27.6,0.1751952175604372
40.45,25.93,0.004733559687481126
40.21,28.78,0.0056781566128137895
40.44,27.26,0.2673905454007919
40.83,27.71,0.0062810297101379975
41.07,28.39,0.9329958246520732
40.89,27.32,0.6630754582120256
40.74,27.39,0.02762135897991036
39.83,28.89,0.23422331750021785
40.28,27.19,0.5312410743481315
40.43,28.53,0.005188610497767199
40.44,28.52,0.000962429548683974
40.02,26.14,0.6803351497077228
40.57,27.48,0.03727373773062104
40.52,27.45,0.01599518929990118
40.63,29.15,0.02431022179882336
40.18,28.74,0.017130787536976944
40.8,27.69,0.012764248080213592
40.81,27.68,0.0003385054228757234
40.33,28.51,0.20277442613633423
40.42,28.51,0.001223596263300042
39.61,29.46,0.004797580805098622
39.65,27.49,0.08800314014087085
40.89,30.41,0.8114871066828705
41.14,28.86,0.013168988391782155
40.72,30.66,0.015782222626605114
40.85,28.16,0.06085705761735305
40.73,27.63,0.07825542364049387
40.85,27.67,0.014584191354335085
40.78,30.87,0.017718724713580603
40.6,27.5,0.012076553515055655
41.06,29.31,0.008943068557755285
40.4,28.52,0.007622488039467967
40.45,30.34,0.7133397251241549
41.06,29.34,0.0028120697895150926
40.74,30.62,0.006236075741192781
40.96,27.97,0.22770348295889276
40.55,27.42,0.030649100542813335
40.3,29.12,0.050948154393527734
40.67,30.46,0.08788671010164051
40.69,30.49,0.0004277354127520949
41.17,28.9,0.016402095839860964
40.07,27.58,0.045917742099378045
40.12,27.5,0.00961926106948463
40.75,28.28,0.36969730582141236
40.82,28.08,0.017014771125120842
41.12,29.36,0.03327271157172551
40.52,27.49,0.02093026816509036
40.82,30.88,0.021402365847976945
40.09,25.66,0.6648467697917426
40.07,27.92,0.5845035567960171
40.37,27.77,0.1957545134940668
40.72,30.62,0.003777592650320072
40.31,28.81,0.0783561934786765
40.57,30.18,0.4839405903372268
40.43,28.77,0.09627948600857839
41.1,29.37,0.006372958560314723
39.88,29.24,0.29242389469885055
39.86,29.24,1.9742078644524597e-05
39.9,29.25,4.456781197703652e-05
39.87,29.26,7.347654312894747e-05
40.8,27.34,0.18763331202162947
39.88,29.25,4.750354082050379e-05
40.71,29.13,0.07338495103258424
40.56,29.06,0.07072499731137549
40.82,29.48,0.0168746082383886
39.89,29.3,0.0012032258896566006
40.3,25.72,0.07084590278276115
39.9,29.28,0.0004178705240522884
39.9,29.26,7.542632442336661e-05
39.87,29.27,0.00030020162560429053
40.08,29.32,0.010267220456899873
39.86,29.21,0.000818307001768992
40.84,27.78,0.04060149913539857
40.47,28.17,0.5127345891222566
40.77,29.48,0.02053709120923053
41.07,28.52,0.6977660181541361
39.88,29.25,0.0002535455500175532
40.13,29.27,0.01811845240524035
39.88,29.21,0.0002623031265929221
40.02,28.89,0.1374793853924433
41.22,28.99,0.059304687662721456
41.09,28.48,0.006034699933346377
39.63,29.4,0.007192853677767119
41.16,29.38,0.02292192887117006
40.56,27.5,0.014991492909911308
40.65,29.11,0.007497370663295921
40.71,29.04,0.00398461641525194
40.2,26.82,0.3040069570982913
39.87,29.24,0.00024213877551082508
40.55,27.4,0.010611120463524637
40.84,29.47,0.006914319175421513
41.14,28.48,0.018799010998635346
40.56,27.76,0.1550806557826364
40.21,28.9,0.13410362816434795
40.71,29.25,0.026366970664982614
41.08,29.36,0.004400389791167081
41.09,29.36,0.00010795872891611324
41.39,28.08,0.900173295024495
41.16,28.86,0.01035805673926915
40.68,30.64,0.015695086631871247
39.83,28.03,0.8174819574473556
40.59,27.49,0.004424388263634227
40.81,27.75,0.014222743389817105
41.17,29.02,0.049089778305872356
41.1,28.84,0.01673683789679903
41.1,29.33,0.001980404987400597
41.17,28.88,0.0019322256954901196
40.26,27.75,0.08168714008168554
40.64,27.82,0.10997688430108277
39.86,29.23,0.00045352075751969867
40.16,28.79,0.025464496450731344
41.02,29.61,0.26687511683197007
40.45,28.44,0.09293704266643055
39.88,29.28,0.000935051573443646
39.87,29.2,0.0010380332481162435
39.85,29.2,0.0005350512050699141
40.22,28.9,0.004411091960409008
40.61,29.09,0.010950933413568231
40.16,28.76,0.005209988076850802
39.84,29.26,0.0017120981769129795
40.45,30.89,0.9315889789069419
40.18,28.11,0.26781744933178464
41.1,29.34,0.001616210997199552
39.9,29.2,0.0026182160410632704
40.85,29.13,0.22374133983202216
40.28,27.64,0.16552343802187053
40.62,27.78,0.025560132051315132
39.87,29.26,0.00047686270040325773
39.87,29.23,0.00032341315285300265
41.14,28.86,0.0036791972633539727
40.18,28.97,0.05523112952308473
40.84,27.93,0.0218630726699085
40.37,27.55,0.02846563359571419
40.69,27.49,0.017710494071823457
40.18,28.29,0.2290754798475585
40.59,28.97,0.050969472740847066
40.98,30.75,0.41048730526083466
40.57,29.26,0.07271626546955412
39.76,30.8,0.07339399878218411
40.62,29.2,0.017124740463922317
40.94,26.37,0.7159540317002826
39.64,28.6,0.07410664440422687
40.33,27.87,0.03366278743090545
40.85,29.47,0.006693827908607841
40.87,28.77,0.02944180634848348
40.78,27.8,0.06782846590923397
40.86,27.78,0.0013833892697344696
40.76,27.31,0.07962964688511154
40.85,28.21,0.08221379860331446
40.0,28.86,0.051266596021947275
40.16,28.09,0.026169798903205033
40.45,26.11,0.00870008705862979
39.78,25.63,0.8841731729738184
40.81,29.48,0.008388800666613072
40.77,29.19,0.0976427450593953
40.74,29.19,0.0030066508349892995
40.05,28.9,0.02996223853345359
39.89,29.26,0.0012680981488659704
39.88,29.21,3.118075585706315e-05
39.7,29.07,0.0993942760268024
40.74,29.19,0.0012872001348099849
39.97,29.03,0.12210683264738564
39.94,28.89,0.00387574986840189
40.5,27.73,0.27093948852987715
40.24,27.81,0.12103919328991342
40.75,27.38,0.014228773796361116
40.65,27.44,0.045632279440537604
40.68,29.11,0.02067563598196598
40.62,29.07,0.005293939725896979
40.69,29.05,0.0006415740670870917
40.6,27.46,0.013699913640250472
40.63,29.09,0.0008742844958055107
40.63,29.15,0.0019046320852116327
40.4,29.79,0.8738214604246668
40.71,29.61,0.6245899085652263
39.62,29.31,0.09607553523474
40.83,29.45,0.008930455832212747
40.83,29.53,0.0024471427327235062
40.6,29.13,0.003271502106145685
39.93,28.6,0.1130057823039482
40.71,29.22,0.00860212918763914
41.02,28.83,0.21488073441759437
39.71,29.52,0.04663994565624485
40.79,29.49,0.005969678147534574
40.81,29.48,0.0002908647266667286
40.77,29.56,0.0029881952425316882
41.2,28.46,0.32705993316292514
40.65,29.19,0.006586882083715051
40.02,27.69,0.5428759247518808
40.68,29.24,0.006704434629882128
41.15,30.15,0.6026957419233172
40.63,29.04,0.0051717340910958365
40.61,29.07,7.092513657735999e-05
39.93,28.68,0.06631377160027763
40.28,27.49,0.13950189517987432
39.82,26.84,0.07849404599631415
41.15,28.87,0.005874563812758082
41.12,28.97,0.058647593456317315
40.66,27.69,0.20470179252742526
40.68,29.09,0.006040983401716327
40.44,28.61,0.16311331895022874
40.46,27.72,0.09521655325730904
40.64,29.07,0.0029313069952489057
40.84,28.33,0.01977180100551168
40.39,28.06,0.4835352539646578
40.56,26.99,0.12904236213761444
40.25,28.78,0.05249506402831228
40.05,29.06,0.17626877064950142
40.25,28.96,0.13538362685507777
40.51,26.98,0.04286189266508833
40.16,28.86,0.05091206091714162
41.08,28.98,0.053324127040965674
41.06,29.33,0.007100453525776262
39.9,29.27,0.002319251080092899
40.6,28.78,0.5819960435987113
40.12,29.37,0.04636253657780365
39.66,29.48,0.014892865531639154
39.98,28.04,0.21595618007724515
40.31,26.92,0.694947321880841
40.68,29.98,0.8914596869682632
40.28,27.84,0.047005391648964445
40.32,29.14,0.04091374740236042
41.21,28.92,0.08723964505199389
39.89,29.32,0.007638022897912378
41.09,29.36,0.004021697769953314
39.71,30.8,0.10440596990219986
41.05,29.31,0.0023624099012696798
41.1,28.76,0.12822317628063407
40.22,28.77,0.006970090807133622
40.73,30.38,0.4673596295904282
39.75,26.47,0.09806652628384382
41.12,28.86,0.008321120665176096
40.05,28.13,0.25434793025985825
40.5,27.78,0.08095941722055255
41.09,29.34,0.0017128923902366422
39.91,28.35,0.7443168745957313
39.65,30.7,0.37107750902051106
40.94,29.25,0.21861867350089648
39.95,28.83,0.0701759041247455
40.32,27.85,0.014492331668191749
40.82,27.93,0.018625313477856342
40.83,27.89,0.0017626573322389039
40.78,27.45,0.05226180536970726
41.12,28.87,0.0030566405474128366
39.6,29.39,0.016484473889875284
40.5,28.13,0.22977195702868103
40.38,26.23,0.018845965589642577
41.14,28.89,0.003376881618588956
40.74,27.38,0.007906068493849672
40.31,29.17,0.018935374270856453
41.11,28.87,0.001681918972637586
39.67,30.24,0.7378541348809244
39.62,29.44,0.008090158444197693
40.66,27.48,0.018393056426707743
41.15,28.8,0.02045560646703204
40.43,27.94,0.33660474098119864
39.67,30.48,0.5518206557176072
39.94,30.6,0.11950666845994096
39.85,30.18,0.28765896402030555
40.84,27.97,0.01768808074684447
39.66,30.46,0.0002040257195563555
39.71,30.45,0.0001970376320175049
40.12,26.91,0.7784218840082142
40.74,27.49,0.014986992714239644
39.65,29.43,0.004490341939917708
39.66,27.89,0.21337726035634796
41.07,29.34,0.0030681223696807924
41.84,27.28,0.9864954906399223
40.57,28.92,0.03661798425629392
39.61,29.42,0.0022157046407376146
40.36,27.4,0.26478327258110157
40.38,27.41,2.7693045657417592e-05
40.51,30.4,0.6545865308411721
41.13,28.87,0.0016523333543534413
40.47,27.49,0.06083580279587597
40.39,28.64,0.03089712531993216
39.96,27.73,0.2093548550400074
40.25,28.92,0.04301374058690288
40.82,27.6,0.09722145844407504
39.65,28.7,0.488078510525389
39.74,30.72,0.2174734079455216
39.81,30.77,0.06321915613455398
41.4,27.86,0.9791472438126089
40.34,27.83,0.022819813705992953
40.72,29.44,0.21385340641181783
40.25,28.82,0.03065832358627918
40.04,27.51,0.4409016923345612
40.04,27.54,1.6575159900167336e-05
40.75,27.53,0.020783059671821147
39.86,29.25,0.0024114965746325767
40.31,29.77,0.47518796699379573
40.42,27.12,0.37578075829525537
40.46,28.28,0.5104702277840041
41.09,28.89,0.011796751541014006
41.08,29.36,0.0028283864518018342
40.22,29.63,0.1329404617436365
40.61,27.7,0.058515199876197244
40.61,27.65,0.0018982245749580295
39.84,30.72,0.070274871495001
41.04,28.86,0.023811787348677282
39.92,30.48,0.28550068862446354
40.58,27.91,0.20070554310414424
39.83,30.46,0.0389213474408745
39.95,28.66,0.05392648404548728
40.82,29.47,0.006493826067272557
41.08,28.51,0.033666995140183675
40.83,27.61,0.007525926952091089
40.12,29.36,0.009794280447753323
41.16,28.89,0.00552897798903218
41.54,27.96,0.8604125948988536
40.19,27.6,0.4086219655388339
40.02,29.11,0.06563639522341946
40.45,29.19,0.06718290761965195
40.65,28.93,0.051069566955900036
40.75,27.55,0.007644490959380024
39.91,29.28,0.0053512034309973755
40.72,27.29,0.09036999480741881
41.06,29.33,0.0030327316629988887
40.3,29.14,0.013191027960918866
40.29,28.82,0.029051550445139962
39.71,30.67,0.0963541562001008
39.62,29.43,0.003420409662761803
39.79,26.47,0.118559885643583
40.73,30.84,0.3270092840806277
39.67,29.41,0.006930517260481883
40.85,29.49,0.010695047205653507
39.73,30.19,0.0745368813799937
40.81,29.46,0.0009368435916994322
40.33,27.87,0.009107477764658922
40.83,28.04,0.06899517747448214
39.78,30.51,0.03151167438817426
40.85,28.02,0.001133491694738975
41.12,28.87,0.002463752304459943
39.64,29.39,0.002617786079511686
40.79,27.54,0.024858647782793564
41.83,26.5,0.9717473927512029
40.35,27.07,0.3354456797014371
40.81,27.85,0.01999971045093696
40.6,28.97,0.020488205220104527
41.49,28.25,0.93648478364199
40.41,28.93,0.0943894891421615
39.99,29.07,0.021773907420884364
39.65,29.45,0.003232890728400384
39.85,26.15,0.8889882663027258
39.84,29.76,0.7422733520664414
39.83,29.73,0.00010225280131781478
40.7,27.67,0.07875785947418346
40.84,27.92,0.007592955924641598
40.13,25.72,0.25351613468709244
40.68,29.24,0.013604118005392407
40.29,29.23,0.05816075113004848
40.75,28.58,0.6664080371208708
41.14,28.85,0.0038919737762111994
40.17,28.31,0.06222637918828611
40.64,27.81,0.023658351280558154
40.66,27.81,4.9977174537141345e-05
40.68,30.13,0.04978206127949336
39.61,29.47,0.005529998500505062
39.73,29.47,0.016766176852881287
39.67,29.42,0.0007395082627925653
39.67,29.43,3.301661083776608e-05
40.45,29.21,0.009594125731023584
39.64,29.42,0.0008990511509872068
40.7,29.33,0.07432677683587163
40.3,27.51,0.039594640668525916
40.71,29.34,1.1077309806206692e-05
40.7,29.38,8.945659406300877e-05
40.7,29.31,0.00018312907609108198
40.38,27.07,0.021723117199572428
40.47,28.99,0.11022889149938475
39.68,29.41,0.0009798234124686056
39.64,29.4,0.00041334320394148527
39.65,29.38,3.278181736254826e-05
39.69,29.46,0.0009577012687534969
39.67,29.45,6.684858203631627e-05
40.46,28.75,0.14486129015146165
40.49,25.93,0.02719063504323327
39.62,29.45,0.0011180559337764517
40.21,29.65,0.01760622209309859
39.72,30.75,0.036740080311929546
40.83,27.94,0.0038701358605747194
39.69,29.42,0.0006927607144509018
41.04,29.33,0.006707439440179153
40.78,27.55,0.006833440523384859
39.62,29.37,0.0022133507093465843
41.13,28.89,0.003288758815877313
39.64,29.43,0.00043575648821225776
40.65,27.61,0.035455981309360673
39.66,29.46,0.00018807044077751023
39.64,29.42,5.758188707682965e-05
40.8,29.45,0.004681078740246258
39.64,29.44,3.5106176321297866e-05
39.62,29.42,0.00011113506159587949
41.19,28.89,0.009019768846626142
40.2,28.79,0.009686046959767936
40.65,27.5,0.01442510632157823
39.66,29.46,0.00022031886938067569
39.63,29.44,6.826511765889443e-05
39.66,29.49,6.012458310833413e-05
39.65,29.43,6.05730801721549e-05
40.24,28.78,0.004477671993490473
39.64,29.46,3.764511798109993e-05
41.15,27.75,0.9218034661296819
41.07,29.33,0.0018946126405939845
40.81,29.46,0.0008490589269344317
39.71,29.44,0.0006655350253270687
40.58,30.29,0.5688841181684064
40.81,29.5,0.0004179372623045463
39.69,29.43,0.00011672335512957766
39.62,29.43,8.890298662211915e-05
39.73,29.49,0.0021945527337862147
41.03,29.32,0.0013276808852987765
40.33,29.43,0.057400596006877413
41.07,29.34,0.0007162222314293087
40.38,28.62,0.01901560090856247
40.48,28.7,0.003187505053811157
39.69,29.47,0.0007301892060120885
41.12,28.88,0.001535648580611615
40.59,29.23,0.05657795819921452
40.92,30.41,0.23374510802005233
40.77,27.38,0.025156605278482735
40.44,29.13,0.0655542195565264
39.62,29.45,0.00038720992561713796
39.67,29.4,0.00043446218935938585
39.67,29.41,5.743330201846142e-05
39.94,27.26,0.6934557553738163
39.66,29.44,0.00013040966807575938
40.02,27.87,0.46021196760963035
39.63,29.45,0.00019969914920969778
39.72,30.66,0.009870614394276167
40.41,27.59,0.21398802746365564
40.79,27.46,0.013388142465728059
39.88,28.96,0.18999347028002378
40.28,27.86,0.021210890626421564
39.69,29.57,0.025865900742825465
39.6,29.46,0.0011539193820766513
40.29,27.36,0.1385787715240805
39.65,29.35,0.003406135811832911
39.6,29.43,0.0004447590982737948
40.42,27.62,0.011028109982217815
39.78,30.61,0.07855429532260905
40.82,27.79,0.022976223227513137
40.72,30.01,0.239729050769387
40.11,28.69,0.26813984579651096
39.68,29.42,0.0004927741207405578
39.69,29.48,0.00045349579367259807
41.07,29.32,0.0013451780778027667
40.8,27.8,0.0010339100284258995
39.68,29.46,0.0001504137602117428
40.51,30.6,0.7478943380411627
40.93,27.42,0.3900488517889973
39.6,29.41,0.0008543633795647931
40.76,27.39,0.0031705446502634516
39.64,29.5,0.0019704622096050617
40.85,29.48,0.0045971879696797835
39.66,29.48,0.0001368244845108002
41.07,29.34,0.0007043607694044995
39.6,29.45,0.000433160778705477
40.2,28.76,0.006952679483607449
40.09,29.34,0.00837243121876341
40.69,27.51,0.012932810278398432
39.65,29.45,0.0003401419918563908
39.64,29.48,0.0001909537778418402
40.76,29.51,0.025791208715088
41.43,28.78,0.9484982514694802
39.68,29.43,0.0004013551389645542
40.11,29.36,0.0026061008056694757
39.66,28.6,0.052693756131384495
40.77,27.47,0.006387491726168815
40.44,29.14,0.001954947265151774
40.44,28.94,0.024958440615052035
40.75,30.61,0.016074594851350654
40.58,30.27,0.009410333041012131
40.7,29.33,0.0011468665594578376
40.7,29.33,5.399546437301339e-05
39.72,29.49,0.0023617916472270517
41.11,28.48,0.058075890211718995
39.62,29.37,0.001790394801082007
39.64,29.46,0.00037127952031368316
39.65,29.41,0.00013408598106112724
40.19,28.8,0.004772467664680646
39.6,29.45,0.00029447863167508803
39.64,29.39,7.71020022611868e-05
41.85,27.32,0.10628238833630299
39.61,29.48,9.880752104507451e-05
41.12,28.96,0.01885129430692556
40.67,26.55,0.625022393692714
39.65,29.44,0.00024618216886340694
40.41,27.51,0.09975291736555592
39.62,29.39,0.00025385377550546373
39.62,29.45,0.00018535314030654337
40.72,30.61,0.0034813108939247828
39.63,29.45,0.00016853850367337664
39.6,29.47,0.0001852781453463015
39.65,29.43,0.0001135961815164066
39.62,29.44,5.40893401974607e-05
39.63,29.5,0.0002402961663403591
39.67,29.45,0.00015239274899359057
39.69,29.49,0.0003439503526665444
39.9,28.59,0.13925827900655152
39.71,29.39,0.0028453214965160623
40.71,27.46,0.01598817323897106
39.98,27.78,0.03271173395811744
40.29,25.86,0.30118475894480123
40.45,25.76,0.1583518766081914
39.71,30.69,0.010311814602698144
39.93,28.56,0.018650972862446102
40.68,30.36,0.23416406224366493
39.61,29.42,0.0005729977255706231
39.61,29.43,1.2402217165363716e-05
39.63,29.38,0.0004335965504558281
39.75,29.45,0.006330779562515154
40.35,27.79,0.05638005890442055
39.65,29.39,0.00045963228382650545
40.49,26.11,0.04177891210039253
39.94,28.57,0.0015927806111930565
40.34,27.86,0.007217206462571735
41.12,28.88,0.0023602735269806496
39.98,27.73,0.01737662840711829
39.6,29.44,0.0003533094183379992
39.64,29.45,0.0002801403167778105
41.74,27.25,0.6159499574400193
41.13,28.85,0.0016703195497795864
40.37,25.97,0.020061800043286615
39.74,29.47,0.0017513851270301029
39.71,29.44,4.313282590207024e-05
40.38,26.04,0.006199517697932033
39.66,29.43,0.00036037918030207283
39.67,29.44,0.0001236581975752049
39.67,29.47,0.00013590358197712593
40.83,27.74,0.013670399166613945
39.62,29.46,0.00026950823572347016
40.72,30.61,0.0017870351459644551
40.24,28.12,0.3773534102874484
40.45,27.13,0.07053762075180992
40.58,27.73,0.03116109228125752
40.84,28.75,0.136406562342133
41.07,29.32,0.0016500607172397208
40.48,25.99,0.02619205060879748
40.6,27.64,0.010107144563480608
40.61,27.64,4.786928495592591e-06
39.65,29.42,0.00027891047508354916
39.65,29.48,0.0003183068321186422
39.78,29.44,0.005393756283181617
39.64,29.38,0.0003013680392131013
41.11,29.37,0.006757036656039439
39.65,29.44,0.00011911877215364797
39.6,29.41,0.0002749598985176682
39.67,29.45,0.00022168699151314808
39.66,29.42,0.00021872240440390378
40.45,27.14,0.0014523945971830488
39.65,29.46,0.00015763140449054358
39.67,29.46,6.892605123864914e-05
40.88,29.27,0.07584494127503716
40.01,29.08,0.015116335914988954
41.12,28.88,0.0012955268097133432
39.63,29.46,0.00023519414014439022
39.66,29.56,0.001065560987128622
39.63,29.44,2.2392263324011452e-05
39.62,29.42,0.00011591081436468365
39.63,29.42,6.250636366222917e-05
41.11,28.89,0.0004303882740177567
40.74,27.48,0.007308349414032578
40.0,27.87,0.0213137897506408
40.32,27.81,0.014070698486860822
40.43,27.16,0.0035785922208201315
39.96,28.58,0.008364255349275762
39.67,29.47,0.00027720014378584956
39.93,28.59,0.0007105568301899456
39.76,30.74,0.03297721535476994
40.43,27.07,0.011053234013876367
40.89,26.07,0.9259980092613904
40.9,26.08,6.35912808968353e-05
40.94,26.22,0.003458965378442036
40.93,26.19,2.2015301114897134e-05
39.94,28.61,0.00044573341031028946
40.91,26.18,0.00016344343965957187
40.91,26.24,0.00033136847367876143
40.92,26.09,0.00013157604388147615
40.91,26.13,0.00017424948091560033
40.4,27.15,0.0033845217005270545
40.92,26.18,0.00013523317278540947
39.65,29.42,0.00022484695629909623
39.61,29.38,0.00045858554913547067
39.62,29.42,2.787636792556114e-05
39.6,29.47,0.0002877755147301375
39.68,29.44,0.00017429316285266783
39.69,29.42,2.3799400537538595e-05
41.08,29.36,0.002231510196164521
41.11,27.7,0.27727632113193823
40.92,26.16,0.00010414435633965269
40.95,26.16,2.0812163750938417e-05
40.9,26.14,2.810043117484895e-05
39.65,29.46,0.0001282114670586587
41.1,29.36,0.000272249179427031
40.78,29.46,0.009759566416656984
39.69,29.52,0.0005025970258807355
41.14,28.78,0.02540121581381205
40.76,29.52,0.00378730324193699
40.56,25.91,0.12432505852202436
40.9,26.1,0.00016222453933878445
40.91,26.3,0.0036830170314725574
40.91,25.76,0.04687009559288846
40.72,28.48,0.5866893595219731
40.9,26.04,0.0002538531231142116
40.9,26.15,0.00010673229073765444
39.72,29.39,0.0018975176292074236
40.81,26.35,0.024842990529671538
40.84,26.22,0.0036196648358357564
40.61,27.42,0.03551751156622707
40.9,26.13,9.310020825148424e-05
40.76,29.52,0.000511752063532378
40.44,29.23,0.020047670678860263
40.62,27.68,0.004877671300217767
39.62,29.45,0.00023926423087028414
40.2,28.05,0.12433827037168843
39.71,29.35,0.0027916841531320236
40.16,28.25,0.032810915530417706
39.69,29.39,0.0005351379370606146
39.67,29.41,1.7899047836889004e-05
39.6,29.43,0.00017091250310152795
39.65,29.56,0.001158661862797894
39.69,29.45,0.00012030246387872978
39.87,29.67,0.030261510091285748
40.78,25.93,0.08382720817858091
39.61,29.42,5.063936342752928e-05
40.48,27.89,0.14672009036632128
40.9,26.1,0.00016697947835131455
40.9,26.03,0.0003622363585283894
40.9,25.94,0.005630054729530931
39.64,29.43,0.0001699360436574482
39.65,29.44,6.149737020821888e-05
39.65,29.46,9.540701863763879e-06
39.63,29.45,3.0835658172412295e-05
40.31,29.14,0.009038806743607353
39.65,29.45,1.626592249615033e-05
41.21,28.99,0.04189200222491307
39.85,30.23,0.21873025943689695
39.65,29.42,1.737574957394461e-05
40.91,26.07,0.00017589802058914916
40.88,26.04,0.00010837118527962097
39.61,29.44,7.96780013134768e-05
41.2,29.54,0.4476476387674928
39.62,30.1,0.4803484637161147
39.63,29.44,3.478426625158626e-05
40.91,26.18,0.0002720209260629325
40.86,26.14,0.00012513953205839368
40.92,26.17,6.323766448490531e-06
40.92,26.09,7.947007260578065e-05
39.73,29.41,0.0013730159131916109
39.68,29.45,0.00017414954964456442
39.69,29.43,7.417904101458817e-05
39.69,30.61,0.041277403516147726
39.69,29.43,1.9288946687012754e-05
39.63,29.45,8.345509607843304e-05
40.66,27.25,0.15618555693613156
40.54,26.01,0.03699427411535661
40.92,26.15,0.00019042829990734145
39.65,29.44,9.596726217020457e-05
41.13,28.78,0.003261296122512025
41.12,28.51,0.024350310912594875
40.49,26.04,0.008916408382601992
40.57,27.69,0.011780304108948036
40.96,29.12,0.2449705784998225
39.63,29.48,0.000368640895018868
39.64,29.39,0.00037484179196012324
39.61,29.42,9.478617427360891e-05
40.89,28.29,0.28371455597179984
39.65,29.44,0.00010398082619433868
39.64,28.59,0.015958504218637426
39.73,29.44,0.001290290248785686
39.66,29.4,0.00025939696028287607
39.64,29.45,7.193886590983745e-05
41.11,28.88,0.0013738963073350874
39.61,29.36,0.001134384882344186
39.97,27.78,0.006579832322104906
40.01,29.11,0.008919854015700612
39.64,29.52,0.0014866031883956632
39.66,29.44,0.00015424640247807542
39.77,28.56,0.32370153744847985
39.64,29.42,0.0001289704485347709
39.63,29.45,7.108430892621698e-05
40.95,29.51,0.3245067639089071
39.65,29.44,9.857162662663121e-05
39.65,29.49,0.00029190319432781386
39.64,29.45,3.819289839279705e-05
39.67,29.45,8.202795288436704e-05
39.6,29.45,0.00012978537735353068
39.73,30.76,0.009469817677627224
39.62,29.42,6.148038463282823e-05
39.65,29.41,0.00010875494690210097
40.5,28.66,0.13826660452074224
39.63,29.42,0.00012932288121436653
40.76,30.61,0.005728547427197639
40.72,30.61,0.0005764885678239962
39.78,29.53,0.023940975424566635
39.97,28.61,0.009180735479308533
39.64,29.43,0.00010321751153008485
39.71,29.43,0.0005374261328157104
39.69,29.46,0.00030228959151779033
40.59,27.66,0.0036679602447181603
40.55,27.2,0.11717415779779972
40.7,27.5,0.006895269424351369
39.7,29.46,0.0002635177405364564
39.6,29.38,0.0007474249154338919
41.02,29.29,0.015793949537712182
39.87,30.07,0.6108810459791423
40.46,27.14,0.003326935177792145
40.72,30.58,0.0019951640643295354
39.78,29.52,0.0013810506396690903
39.65,30.09,0.033412587264794125
39.61,29.44,0.00022515947657597568
39.7,29.44,0.00020624945634728498
39.91,28.55,0.010343924993425513
41.0,30.64,0.2918196394757505
39.63,29.41,0.00017178901385817014
39.96,28.61,0.0010732066120857642
39.71,29.43,0.00031471824247253366
39.68,29.49,0.0004854204793319772
39.72,29.49,0.00030863037719641717
39.69,29.44,8.625674524731508e-05
39.6,29.45,0.0002407724800761457
41.07,29.32,0.0017142743056637322
39.91,30.02,0.03578696228202083
39.66,29.46,0.00013274015016162544
39.68,29.49,8.541368832370999e-05
39.66,29.41,0.00022325888933527605
40.14,30.58,0.9483493908437466
39.65,29.43,7.046008018440908e-05
39.64,29.46,3.124592639602852e-05
40.27,29.75,0.17490077006676163
39.64,29.44,4.347894726808299e-05
40.45,27.14,0.0014853994121715175
40.82,29.04,0.11310666076155951
41.15,28.43,0.13419026130393397
39.68,29.44,0.00022543109328077016
39.61,29.29,0.010858330058430399
41.48,28.32,0.3753450047044258
41.04,28.84,0.024168823563190833
39.66,28.6,0.005785364983635466
40.38,27.44,0.04887740648533634
39.68,29.45,0.00025213852293004546
39.71,29.52,0.0018032551659188378
40.3,28.98,0.27881077248771
39.81,29.5,0.004601767936067924
39.69,29.47,0.00014693474620530722
39.67,29.44,9.815181122374561e-05
40.53,29.62,0.8358497732535015
40.0,29.13,0.008532112926542768
40.43,28.53,0.015101176462891663
41.15,28.88,0.004326778116166885
40.79,27.52,0.017353012475336715
40.87,28.2,0.07583061710971362
40.82,28.13,0.010328579680856098
40.84,27.85,0.023203338233845683
39.67,29.45,0.00019298887172758405
40.72,27.46,0.005188962236571948
41.14,28.73,0.03791496581654896
40.58,28.99,0.03637741659168259
39.68,29.43,0.00022664499741265054
40.31,29.15,0.0048897345799056025
39.63,29.42,0.00029422747714846764
39.66,29.41,9.758004845483725e-05
39.72,29.54,0.0016272997899338115
39.71,29.52,0.00022010424787000105
40.43,26.2,0.0330327383504464
40.77,29.09,0.05819457700223485
39.68,29.46,0.0002607026520224931
39.66,29.43,0.00013803636583298307
40.7,27.41,0.011402563236192487
40.73,29.03,0.01914628328068535
40.32,25.93,0.08219923381025307
40.63,27.51,0.021969579815876883
39.94,28.58,0.003636437092163325
39.68,29.47,0.0003274761116132119
40.66,27.27,0.011457409784313533
40.12,29.32,0.016317545616076568
39.66,29.46,0.0002365032642301923
40.66,27.56,0.015488774952038487
40.72,27.47,0.0022119613659692394
40.17,28.29,0.01982407266325048
39.65,29.44,0.0002168024201575358
40.79,29.52,0.016882819065700216
39.67,29.43,0.00026631047228364846
40.45,27.16,0.004480175393078767
40.38,28.93,0.08727153575341162
40.79,30.27,0.17990042855562316
39.7,30.16,0.12149109749527487
40.11,28.68,0.01760751434990293
40.38,27.9,0.13955335813342817
39.66,29.43,0.00022204994553776114
41.07,29.33,0.0018774603993635397
40.74,30.33,0.05771169656843722
40.83,26.43,0.1999101316871249
40.8,26.38,0.0006318525499192651
40.86,26.47,0.0006444771935542049
40.52,27.15,0.04903358099198696
40.82,30.85,0.08081114103777465
40.13,25.66,0.14602273994045645
40.38,29.22,0.15245334861085336
39.63,29.44,0.0003369219471558438
40.2,28.8,0.0070018849432507135
41.44,27.85,0.30776350869892766
40.81,30.12,0.427670823239797
40.79,27.67,0.041775081883059006
41.09,29.38,0.005709269843112708
40.71,30.35,0.013819142373678095
39.68,29.41,0.0006418380931754175
39.67,29.42,8.603987329935947e-05
39.66,29.43,9.238598043392887e-05
39.74,30.76,0.010342747971442745
39.66,29.43,6.952521171554871e-05
39.65,29.41,0.0002885978353758256
39.65,29.34,0.0002414749822273743
39.61,29.35,0.00047227707055519375
39.65,29.41,4.453946913807183e-05
39.63,29.44,0.00017831677689150727
39.65,29.41,4.274657034386564e-05
39.65,29.44,4.620625364248898e-05
39.65,29.41,2.7720696780475507e-05
39.71,29.43,0.000491807945301459
39.63,29.59,0.007660676584068993
39.63,29.41,0.00017048144432607604
39.7,29.47,0.0006720805525496365
39.68,29.43,7.526378031097458e-05
40.16,28.82,0.025045975025856704
41.14,28.86,0.003723535102148623
39.68,29.45,0.0001943252425256059
39.63,29.39,0.0003023893738061112
39.72,29.45,0.0005036327845302502
39.72,29.48,0.00010254307319712552
39.65,29.58,0.0019584897633866394
41.03,30.69,0.18353382759044057
40.68,30.31,0.025337490000243212
39.68,29.45,0.00011538708349589921
39.76,30.18,0.08779520682010278
39.67,29.48,7.993776140091668e-05
39.8,27.57,0.8083422865366912
39.67,29.36,0.0011958356365565637
39.65,29.41,5.993536985671177e-05
41.05,29.32,0.003067362037082133
40.17,29.27,0.08707016623173724
39.65,29.44,8.821064967934333e-05
40.83,29.46,0.007485086061711943
40.21,29.36,0.00912585459688997
40.3,27.89,0.035621930937415724
39.72,29.43,0.0005298094959487187
40.83,28.68,0.1410723801295446
39.67,29.44,0.0001391555464491656
39.7,29.45,0.00012663690965286634
39.62,29.36,0.0005737932782051702
39.63,28.62,0.02166143848103186
40.83,27.96,0.01577301441805279
39.71,29.45,0.00021156304248870494
39.73,29.47,0.0001718249161688501
39.69,29.42,0.00015746530435145623
39.67,29.41,9.039177899361484e-05
40.45,25.94,0.011007971088489277
39.7,29.44,0.0001610588889175979
41.15,28.89,0.002814007847260158
39.66,29.39,0.00025466919677696875
39.69,29.4,0.00016275731559911577
39.68,29.47,0.00010923496068926397
39.7,29.43,3.55374724219093e-05
39.64,29.41,9.335715684377632e-05
41.06,29.33,0.0009664528411618134
40.72,30.63,0.004829539298412899
40.72,30.64,2.056337934874808e-05
40.45,27.48,0.07113807234396108
39.71,29.47,0.0002709363072260773
39.7,29.43,4.377642781505653e-05
39.6,29.44,0.0005814275247638667
39.71,29.45,5.0351665443315596e-05
40.83,29.49,0.0034634156737989308
40.17,28.79,0.00557414442860138
40.83,27.79,0.012644187854247035
39.64,29.45,0.00023821952078628694
40.18,28.79,0.0005862818684314597
39.64,29.37,0.0006396373914316911
39.62,29.36,4.462974051588908e-05
39.72,29.41,0.0006184833046409821
40.77,28.0,0.0354469518470899
40.81,27.43,0.040081044968031665
39.63,29.4,0.0002900817445995463
39.6,29.4,0.000703445216328924
39.65,29.44,0.00020488763126891296
39.75,29.51,0.003359605356165307
40.42,27.73,0.1501149238470555
40.37,27.68,0.008135102722596765
39.62,29.42,0.00032331575636845855
40.51,27.52,0.04980315919312617
40.43,27.73,0.00034578327835010914
40.0,29.11,0.0069895410414471115
39.96,26.23,0.8132666762074053
39.62,29.35,0.0007525526739643462
40.6,30.31,0.058245779792681085
40.41,25.96,0.00898241035606373
39.71,29.51,0.0014746126301415918
39.63,29.4,0.0002702256392401736
39.64,30.06,0.06312556156952376
39.67,30.6,0.041099901759357294
39.67,29.45,0.0002365433244561066
39.93,28.56,0.0063105168485857455
40.79,29.46,0.007288228410171627
39.74,30.17,0.012640126271186825
39.67,29.38,0.0008194006902519924
39.63,29.42,0.00021616213447461785
39.7,29.44,0.00032798300606062814
40.22,28.79,0.006936864972274637
39.66,29.45,0.00015849267054346416
39.74,30.16,0.0005603750821362441
39.64,29.43,9.971736477487614e-05
41.2,28.79,0.11740441159499926
39.61,29.38,0.0006190657933482502
40.68,27.58,0.027957128201487436
40.11,28.92,0.037542315161993356
39.61,29.48,0.001172687218485624
40.64,29.08,0.010854926518014896
40.25,28.83,0.01101155691955047
40.36,28.62,0.010984634717498665
40.64,30.31,0.02488604837763042
39.69,29.42,0.0003516096021256576
40.33,27.85,0.009843911499792024
40.62,30.45,0.05712305887451896
40.92,26.02,0.011656359774590341
40.64,27.33,0.07798160981613644
40.4,25.96,0.0018977962260995351
40.89,28.71,0.18381815160935022
39.95,28.58,0.0042511068859848455
41.52,27.92,0.26064748439783036
39.89,30.46,0.18639552383200408
40.21,28.79,0.0022817314804631783
39.65,29.43,0.00023657900241114138
39.63,29.4,0.00034980186754218767
40.82,29.46,0.0030991216654965292
39.64,29.45,0.00019868377373977175
40.41,27.2,0.06135012355375158
39.62,29.38,0.0004248245723905697
39.63,29.44,0.00016984701633704358
39.99,29.09,0.0063362667306240406
40.76,28.59,0.045896741427179255
39.94,28.57,0.0015735300765538085
39.64,29.43,0.0001830375630766934
39.89,29.86,0.5967776982312638
40.48,27.55,0.0327768535755798
40.17,28.92,0.05662052671225193
39.68,29.48,0.0006352654887658016
40.81,29.49,0.0033284065094726367
40.04,29.06,0.0188214764711937
41.15,28.87,0.0031400847555805855
40.78,27.78,0.03193186458127273
40.79,29.02,0.10521484231329237
40.78,29.04,9.230014846983714e-06
41.89,27.63,0.9883505275940713
40.64,30.31,0.0031573264743326446
40.64,27.83,0.024658142605870847
39.66,29.47,0.00044495707420277864
39.64,29.48,7.280032809120485e-05
39.94,28.6,0.0022907257758895128
41.14,29.02,0.10344365391868504
41.08,29.38,0.006399069458130846
40.99,30.09,0.8838036187116975
41.06,29.33,0.0007619738486006611
39.88,28.61,0.0053238014040869475
40.04,27.67,0.13801294023640442
39.74,30.19,0.0050762232460570544
39.68,29.47,0.0003295334261588234
41.23,28.89,0.0663545040282909
40.25,27.15,0.4449908058480967
40.31,29.19,0.029521447236616094
39.62,29.43,0.00037509811673774873
39.66,29.44,0.00014773155380687353
40.43,30.06,0.8563323771128959
40.48,30.12,0.0005825109153365648
40.44,30.09,7.425939642902168e-05
39.73,30.17,0.0016864737428561316
41.04,30.68,0.01655216608225918
41.06,28.75,0.16050257059994277
40.79,29.49,0.00444907009633666
40.27,29.23,0.021582333455201663
39.64,29.44,0.00023087157532175606
40.83,28.35,0.041395178100096075
39.65,29.44,0.00019526118285062566
39.69,30.15,0.0105392278798484
40.16,28.88,0.020240799607752935
40.59,28.98,0.011718217397774566
40.43,28.94,0.015211248807571964
40.76,27.41,0.01663948205903265
39.8,30.64,0.10404299434180075
40.15,28.88,0.001091982678157466
40.24,28.79,0.005674929601195755
40.73,30.66,0.00783561767574481
41.13,28.89,0.003434968724523646
40.83,30.36,0.3246739365942609
40.7,29.32,0.004468546983291799
40.73,29.32,2.257703699626301e-05
40.73,29.32,7.912240094887224e-06
41.09,28.87,0.009148531578402008
39.66,29.41,0.0004292740681685059
39.66,30.68,0.06985343285748014
39.71,29.43,0.0005766664850213044
40.67,30.5,0.052846475287755545
41.12,28.86,0.002065812083939189
40.7,29.26,0.006624624629471332
39.95,28.87,0.08189967803542986
41.09,29.35,0.003554755398504028
39.75,30.87,0.2510987658524608
39.7,29.41,0.0007106832595578094
41.11,28.87,0.0005892835006781061
40.46,28.46,0.08976585732974052
39.95,28.86,0.0005358728623982012
40.78,27.52,0.013597755958734692
39.61,29.41,0.0007566082721781608
39.68,29.5,0.0013054418172078197
41.05,28.74,0.007894084677264823
40.97,30.22,0.6245002836484291
40.68,28.96,0.10739496274293092
40.77,27.57,0.00933294580650812
40.39,26.1,0.02805699948744589
40.14,28.81,0.017562827897177002
39.7,29.47,0.0007492700042734945
39.61,29.36,0.0012982639753631453
41.07,29.33,0.001642967787811922
39.67,29.55,0.004581306068448865
39.77,29.35,0.024214919543157798
39.67,29.48,0.0005259976027868207
41.12,28.86,0.000987368759928886
39.6,27.09,0.9915406117713734
39.6,27.14,0.0004299350908777422
39.71,29.5,0.001267249006573934
39.65,29.42,0.00029895982819860834
40.45,28.38,0.08147682013131075
39.72,29.41,0.001242731390608376
41.07,29.32,0.001133889458281967
40.13,28.3,0.11620245745384017
40.22,28.77,0.004544051066257326
40.55,29.25,0.05357946168555083
40.45,27.48,0.010883557494333562
40.64,27.51,0.012825403459217122
39.63,29.42,0.000366859766331995
39.62,29.43,1.820406609776004e-05
39.72,29.58,0.01173117006892932
39.66,29.41,0.00025891142253575694
39.64,29.38,5.1187604414137944e-05
39.69,29.47,0.00047738903082250594
39.66,29.47,0.00011157932809724436
39.69,30.18,0.012537412278162186
39.74,29.49,0.0014596461998218624
40.0,26.88,0.7711051286123713
39.67,29.41,0.0002966594573363679
40.0,26.93,0.002263945356835717
40.13,28.9,0.014055327092961867
41.12,28.88,0.0012903831897462803
40.42,29.99,0.19363472405694337
40.68,30.15,0.03244760977391237
39.72,29.44,0.0008252627461221573
39.62,29.4,0.00043359603352988163
39.63,29.41,0.00021887985688551215
41.11,28.86,0.0009225649855012508
40.84,28.42,0.1485428639243508
40.28,29.21,0.01107715611100557
39.7,29.46,0.0004507470769309352
40.21,27.1,0.2505161144456497
41.52,28.41,0.7677830974767305
40.37,27.92,0.050698709134362585
40.59,29.07,0.026782398636063354
39.97,27.77,0.01335258975747311
40.22,29.43,0.2287372268307144
39.64,29.47,0.0005768552299274532
39.71,29.49,0.0006953317986928553
40.46,30.08,0.018109701057505423
40.59,30.52,0.14774683369153208
41.07,29.33,0.0011949099934760454
39.65,29.4,0.0003984441257325333
39.74,30.61,0.08814343296793214
41.11,28.87,0.0008896363585382261
40.58,28.19,0.7022102844811934
39.97,27.13,0.3799469735203963
39.71,29.45,0.0005418623915522947
39.63,29.5,0.001469227638562165
40.78,27.53,0.004342284135821384
39.65,29.45,0.0003132534312694224
40.49,27.08,0.07281204060779078
39.65,29.41,0.0003410436029287478
40.67,28.94,0.016090969219280438
39.78,29.51,0.010301917300763241
40.3,27.87,0.015890111870999535
40.0,25.83,0.8371322577873452
40.71,30.64,0.00538209303177839
40.71,30.62,1.2635793566806441e-05
39.75,29.3,0.04024435824358985
40.6,29.0,0.010859804857881628
40.57,27.37,0.1443364184107453
40.34,27.8,0.022578232542703303
40.88,29.53,0.12403782262077445
40.73,30.61,0.0022583722849360832
40.71,30.61,4.913964910069346e-05
40.74,29.23,0.030195549795221877
40.74,30.61,0.0003238741439797188
39.66,29.41,0.00040651022373949797
40.24,29.03,0.26667461559327643
39.66,29.43,0.0002475157182261212
40.91,30.88,0.5001319512525286
39.69,29.48,0.0007179858004731088
39.71,29.47,8.918280168224157e-05
39.68,29.46,0.0001128688300743308
41.07,29.34,0.0015969290918810275
39.66,29.45,0.00016376017727481873
40.46,29.09,0.08439120155467839
40.32,29.18,0.011138821395957788
39.68,29.41,0.0005012622753577389
40.92,29.52,0.03549271869104176
39.62,29.38,0.0008281661700298981
40.91,30.43,0.07055489199576126
39.91,28.63,0.03120648347682109
39.66,29.4,0.00020843378697421588
40.73,30.61,0.0005871202262841546
40.74,27.44,0.015828419295872975
39.97,27.79,0.007248073322089876
40.71,30.63,0.0008520583669879844
40.74,30.61,0.0005132104014766714
40.85,29.47,0.00927893162487381
39.66,30.89,0.5252758606760073
39.75,30.14,0.018544043825861167
41.07,29.32,0.0014689929620772535
40.28,27.85,0.010395281669925982
39.73,29.49,0.0017267894029017183
39.7,29.38,0.0016918087984454377
39.69,29.44,0.0003620241555852832
39.68,29.45,5.0512676158298575e-05
40.05,30.01,0.8780306197221566
39.62,30.05,0.053424844886869716
40.45,27.38,0.20975684280076323
39.95,28.82,0.02543480187884828
39.68,29.38,0.0010105543036049713
39.71,29.5,0.0009525078019034794
40.38,27.53,0.06231366092333279
39.68,29.48,0.0004880677366878583
39.67,29.4,0.0003233042119618057
39.68,29.46,0.00014195623550516956
39.75,30.84,0.0430317985230011
40.88,27.8,0.08257263925551572
40.32,27.18,0.2618042594306029
39.61,29.38,0.0010225008263281543
39.66,29.51,0.001063759387213703
39.62,29.4,0.0001271333452412815
39.6,29.37,7.008780131334547e-05
39.62,29.38,6.122487112725228e-05
39.67,29.44,0.0001975637285216436
40.42,26.03,0.017928801564329855
39.67,29.4,0.00016735995224503863
39.62,29.41,6.190333049171937e-05
40.75,27.58,0.02259092382850969
40.69,27.65,0.0017792642276125425
39.68,29.39,0.00023263941074280758
39.63,29.42,0.00018665238984194588
39.66,29.43,5.48010071906857e-05
39.62,29.38,0.00010375491790570734
39.67,29.38,0.00010580331147591604
39.67,29.38,3.7737057461129098e-06
39.61,29.41,0.0001037306282756223
39.6,29.44,6.0928327782150404e-05
39.63,29.46,0.00010969641332625457
39.66,29.42,0.00013914431021777585
39.67,29.37,0.00013293496588484555
39.6,29.43,0.00021011179410779235
40.81,30.41,0.14197647980546657
40.59,29.22,0.03839326146276978
39.7,29.45,0.0004306989124441829
39.69,29.41,0.00011966752471637143
39.69,29.44,3.501218093338032e-05
40.68,27.42,0.021997371718844416
40.3,27.27,0.08487398876277541
40.67,27.5,0.005857323006749793
40.66,27.5,7.109533346938424e-05
40.57,27.41,0.008580253235068724
40.6,27.46,0.002604564828204925
39.88,29.23,0.006212339440587966
40.19,29.51,0.30721737834697027
40.76,30.9,0.1378319248685872
40.66,27.49,0.000385151883485757
39.84,25.62,0.6857271495779371
39.75,29.44,0.003448379066102847
39.94,27.66,0.3018610067102683
40.63,27.21,0.1357701489008003
40.69,27.45,0.002519685258474902
40.73,30.6,0.0012614590973942796
40.15,28.9,0.010835152973912354
40.74,28.02,0.13589618840004503
40.84,27.89,0.02037713602487423
40.9,27.72,0.004943032494447275
40.8,27.9,0.00014637278670337484
40.75,28.07,0.0018101383208816157
40.84,27.81,0.0010588581757937643
40.86,27.97,0.001370774919812856
39.62,29.39,0.0004103544510823953
39.63,29.41,0.00012659266724157625
39.7,29.46,0.00045842505305526693
39.6,29.35,0.0016214859408782978
39.75,29.48,0.002439643626160115
39.65,29.44,0.00029123881956272246
40.79,29.56,0.05786237039771991
39.65,29.45,4.3127197848491505e-05
39.71,29.44,0.00033380022843654267
40.16,28.8,0.00899014801139253
39.61,29.44,0.0002894061626683708
39.68,29.38,0.0004036057373626445
39.6,25.88,0.9357756551436629
40.77,29.11,0.03883078697513953
40.27,29.62,0.24902157480796483
40.3637,28.2248,0.2602663692139191
40.5368,30.6017,0.07390432196384444
40.1848,28.932,0.022332961780425542
40.3578,27.8852,0.03292923626303512
39.6295,29.3627,0.0009673819492911351
40.6962,27.4317,0.0036385997093397737
40.7202,29.28,0.016917403081420535
39.6127,29.396,0.00047320226229619067
40.7862,30.892,0.018579073389011436
40.5645,29.1328,0.09264967353943143
40.6592,30.487,0.022523813276545512
40.7248,30.6,0.001231270961174924
40.5603,28.6635,0.5291662357075622
40.7972,27.5243,0.0092014930260782
40.7745,27.4598,0.005855898970766216
40.7088,27.4793,0.0021359076926881215
40.6783,27.4552,0.00038780277449168565
40.6605,27.436,0.00015593888151710367
39.7492,29.3915,0.007127476980373193
39.7387,28.5887,0.2938841834113426
40.6755,27.4443,0.0004915989499088003
40.7425,27.5355,0.0014190137827916338
40.6683,27.4153,4.201778837664705e-05
40.6312,27.7317,0.03865789489493454
40.6345,27.7593,1.5579952292177346e-05
39.613,29.4048,0.0004804643688611776
40.845,27.7495,0.020087334081208885
40.3237,25.6915,0.07255069383410606
40.609,27.7235,0.0032408265500176725
39.845,30.736,0.07403481154641434
40.5147,29.866,0.8026963053515322
40.7283,29.1845,0.02710351305291192
40.7637,30.6253,0.007320795518569345
40.7033,30.6058,0.001902601066450793
40.7915,30.6945,0.007333576517749796
40.5995,30.587,0.03242227907477391
39.7018,27.7982,0.6230233090732978
39.6695,29.373,0.0009838131763117985
40.7957,29.5122,0.012383922939029901
40.8323,27.4565,0.03658895621956737
40.6142,30.82,0.40770594225505485
40.3117,30.1142,0.7807968422983923
40.8425,27.7333,0.004620609495360362
40.628,29.0688,0.010405298391958362
40.6312,29.0867,9.23600215019249e-06
40.8313,27.905,0.009049079486078249
40.1683,28.8365,0.014880132306441918
40.2405,29.0025,0.038967880960777856
40.6973,30.577,0.004169487512574399
40.6462,29.076,0.0017452275840840192
39.941,28.4432,0.39797893613945734
40.2648,27.33,0.1393892678471833
39.7007,29.4832,0.0012486208518706077
39.603,29.3978,0.0010495435585147206
40.7433,27.5232,0.006078733216219656
40.2175,25.6295,0.5445236994492031
40.4227,27.7973,0.1567357316799245
40.7895,27.4405,0.008063607034877074
40.6342,27.7148,0.005629402858765564
40.7872,27.5123,0.002002495786833758
39.6108,29.3773,0.0006735368929966512
39.6052,29.3977,0.0002219109147967302
40.6592,27.3757,0.020029983821527098
40.7197,30.5873,0.001967848485145085
40.432,28.5588,0.03769424320648751
40.6133,29.1675,0.032610541491893574
40.1273,28.9117,0.013070714984501741
40.8552,27.9465,0.014108482955761503
39.6,29.4382,0.0011060438229861802
40.4537,29.22,0.02750696436258182
40.1583,28.941,0.012895228480640397
40.783,30.8742,0.010198986630945095
40.7863,30.861,1.5059882205847863e-05
40.8368,28.8772,0.43137679363244674
40.1343,29.0405,0.10868573287335015
39.6148,29.3803,0.0006594407915664346
40.3757,29.4267,0.3355176976632134
40.9107,26.452,0.34944786350787993
39.6618,27.8437,0.16668513955516095
40.8027,29.8135,0.8914425750898902
40.3577,29.3068,0.18269363326801624
40.7247,27.5332,0.008153741234077971
40.1373,28.8662,0.014407393483788389
40.7538,27.3375,0.0472010718491882
40.7013,30.4635,0.06919772068298602
40.3508,27.1212,0.17176929743578084
40.843,28.3317,0.025250346379726674
40.8025,28.3877,0.0021221944840582596
40.6305,29.0905,0.0032800216415610484
40.6283,29.0622,5.971103188284754e-05
39.6747,29.0343,0.15392107118458487
41.0763,28.3933,0.09480387305572902
39.7035,29.4682,0.0011389837284238036
40.6322,29.0902,0.0005387173251683031
40.5927,27.4422,0.020091803873159786
40.5775,30.5185,0.030979241774369837
40.589,30.5157,0.0003022164760826396
39.9745,28.1032,0.08922675460502405
40.115,28.8608,0.00918139725658551
40.8277,27.718,0.01179552395540584
40.6092,30.143,0.39227231049139677
41.1125,27.7118,0.08908971869471272
39.606,29.4215,0.0010100745602497074
40.9207,29.51,0.03356460425229546
39.6245,28.9837,0.056829055267074824
40.7297,27.4047,0.013852938104450985
40.7487,27.4067,0.00013368929517132422
40.7378,27.4083,0.0001019344822270618
40.7612,27.4162,0.0001262951996170436
40.428,26.0512,0.02067659937492483
40.2755,29.219,0.013897865933947262
40.8182,29.4812,0.008056149243575006
39.7408,29.4557,0.004080508045845699
40.4588,27.4877,0.01885973560939802
40.2692,28.806,0.04272103162383667
39.9988,28.846,0.07422400020926945
40.4243,26.3383,0.4975767852308379
39.884,30.5035,0.16140433575029567
39.6277,29.3885,0.0009665885078412595
40.5803,30.32,0.06507187606106368
39.6037,29.386,0.00035761651616594836
39.7442,30.7667,0.022923183142291137
40.1413,27.71,0.6744307877207385
40.8527,28.3115,0.010236494352769965
40.824,29.485,0.003570945380779289
39.9008,30.007,0.09138061723406965
39.6508,29.3487,0.003264653814803564
40.5252,30.1212,0.19210988518340733
40.4842,25.8147,0.1383333901479198
40.0768,27.6393,0.12592603589035178
39.6563,29.3392,0.0006233516180624843
40.1925,27.2592,0.516026747275069
39.7113,30.2805,0.3770662615792326
39.6023,27.8323,0.2611292387696559
39.6893,29.3568,0.0029679431253833988
39.8953,28.911,0.22628426471580187
39.9763,28.1027,0.005058613343935425
39.7712,29.4377,0.010886182895793017
39.77,30.7027,0.057718883387272046
40.0527,29.0167,0.09227686761617826
39.729,29.4688,0.002109538366428021
40.8348,27.7745,0.012586047028231073
40.827,27.8427,0.0004018330190423969
39.8842,28.9493,0.008347358160566198
40.8668,27.743,0.0010612205940726538
39.6017,29.3747,0.0011679056719209324
40.467,30.515,0.40497761093254425
40.8402,28.698,0.06431856837931227
40.0332,27.385,0.7041055042809803
40.5218,28.0872,0.37872353269707415
39.6012,27.1807,0.1767798766236952
39.6252,29.2945,0.013021420434303543
39.8415,29.3208,0.0530867663016894
39.6667,30.5607,0.16319189289922154
39.6248,29.35,0.0006508949508453599
40.6803,27.5848,0.025126154260479372
39.7913,30.4697,0.0740598087305746
39.742,29.543,0.017378611742593475
39.653,30.1648,0.13480936359353646
39.7067,29.427,0.001550128097933312
39.8138,28.8018,0.41633140392923806
40.668,30.1208,0.050300908761480634
40.7033,30.2838,0.091202331837124
39.7238,30.2583,0.01612046804527567
39.6112,29.3747,0.0008343010179903132
40.1455,28.8578,0.008228611743107739
39.8238,28.9887,0.1146947795516382
40.802,27.8078,0.013119534094414131
40.5905,29.1112,0.020786210570782893
40.4175,27.6085,0.05142324608325699
40.7145,30.3058,0.004448148697098531
39.6187,29.4963,0.004583410828431278
41.2792,27.5888,0.9592208948286209
40.3847,27.7575,0.08869951918632968
40.7327,27.4058,0.0021737193873176963
39.602,28.7503,0.5958787669626133
40.1227,27.235,0.326600465396903
40.261,29.1998,0.016639501451870875
39.7688,29.5662,0.020941046144002495
39.7587,30.7338,0.01095767292082761
40.906,28.6922,0.10067730049688484
39.6045,29.3968,0.000929998408611854
39.665,29.834,0.402975639412009
40.0973,27.8635,0.4799354978472702
39.968,28.6637,0.08087514242211646
40.5107,30.4053,0.06462626949209271
39.6463,26.5743,0.9619223780646038
39.675,26.0755,0.3782446983086808
40.6882,27.4775,0.0077768836063006885
39.65,29.45,0.0008101655138585961
40.5992,29.0918,0.0045454104582950405
40.5963,29.0912,5.240980213450097e-05
39.6052,29.4157,0.0006202022400165763
39.966,27.1177,0.05455137164752377
39.7473,28.8543,0.2775509059923368
40.6103,30.3745,0.08227220258710077
39.7277,29.5027,0.003014012239977437
40.6308,30.2912,0.002158967528890887
39.65,29.44,0.00014264455515877739
39.8997,28.7667,0.06374697033292831
39.6348,28.54,0.20304048357039117
39.6327,28.2358,0.5225291661339524
40.1717,28.7222,0.06114262677717108
40.4347,27.2108,0.07464424364812572
39.6965,29.4927,0.0012931555641542136
39.6793,29.4925,7.210254502010294e-06
39.7567,29.6065,0.00486247505563786
40.5953,29.62,0.7157059649747685
39.601,29.3505,0.0018429533424693112
40.1967,29.4012,0.13997321319340883
39.8293,28.8798,0.04543275069009978
40.456,25.9685,0.023336271435960954
40.3792,25.9478,0.007825799547767964
40.024,28.9078,0.0664223155329029
39.6247,29.3912,0.0006269696313704332
40.9978,30.6435,0.04933793698628208
40.41,25.9173,0.004319036486014172
39.7388,29.52,0.001958867112743512
40.2805,26.0192,0.07807619658566334
39.6657,29.4972,0.0009379249755387953
40.8312,29.3517,0.2604957797611913
40.4347,27.0725,0.04009091285777988
39.6002,29.4315,0.0009274402367666079
40.1615,28.888,0.008703805205767079
41.5142,28.4753,0.5618171753454873
39.6752,29.494,0.0006472509834168916
39.8672,30.0725,0.05055049856318605
39.6878,29.4748,0.0002448374161216904
39.6957,29.5005,0.00010156542965100712
39.6302,29.521,0.0028172303736294646
39.6923,29.5327,0.0008227408518983736
39.727,29.5282,0.00011730272353716042
39.7127,29.4388,0.0006341858865566152
40.2578,29.5337,0.18473210568663545
39.7632,28.8575,0.006339908764547819
39.6332,29.3815,0.0007810804002175153
39.6082,28.9262,0.05534658721230301
39.7045,29.4162,0.0006504141775091066
39.7358,29.5427,0.0006202910779453674
39.7112,29.5483,9.776723092413953e-05
40.4107,28.185,0.3040447108661467
40.6408,29.0603,0.004707069236388972
39.6928,29.4938,0.0004014445973069547
40.7017,30.4082,0.07357588209387744
40.0452,28.7022,0.1501219459941644
40.2518,28.8063,0.012999516432737335
40.437,28.4967,0.06192219871098259
39.898,29.7115,0.2770924193789477
41.0693,28.7818,0.09479526844874142
40.5117,30.106,0.02286528990900194
40.5877,27.427,0.01397690270177565
39.6057,28.8423,0.07164389908041946
40.7493,27.4102,0.0024836556127766363
40.433,30.3772,0.2438403876527412
41.0655,28.7935,0.0007914650034839266
40.6535,29.3017,0.09063525753496926
40.7388,27.3745,0.0013406898963204128
40.3187,27.6132,0.18937883438064107
39.9355,28.904,0.04291262239803939
39.7048,29.4652,0.0007474600672903176
40.113,28.7143,0.04479092202411061
40.7952,27.823,0.007875991297986329
39.6895,29.4852,0.0001758658885194775
39.601,29.3297,0.0030211262502150005
39.7203,29.5337,0.0005509014005564694
39.6953,29.5448,3.34513010843418e-05
40.7973,27.7352,0.01215115254515009
39.6338,29.5242,0.0014580506464432208
40.1428,25.6898,0.06411089862930908
39.698,26.4877,0.3891679337879549
40.138,28.9045,0.00630528504703487
40.6373,27.5848,0.03822990587365105
39.9443,29.5025,0.3420908913276638
41.0335,28.8658,0.032593290769501904
40.3872,27.4148,0.050863976146708234
39.7063,29.3963,0.0019920693277573065
39.6998,29.4903,0.00042353451363130734
39.647,29.3732,0.0008488260146830573
40.9922,28.7955,0.0365230414685942
39.8725,29.2963,0.018188562465895286
39.6453,29.3193,0.0018556708356674
40.8753,28.7107,0.02648381788063847
40.9073,26.037,0.013432489587453356
40.8265,30.86,0.02716084672582797
40.7862,30.285,0.0478577722927942
39.6215,29.321,0.0011151242609710454
39.7483,30.7302,0.0058531661657498235
40.6115,29.2592,0.05240976111842599
40.6825,29.0472,0.02294695309547501
39.875,27.34,0.8097854427177573
41.0617,28.3503,0.14891469725168138
40.6822,29.0408,0.0003905716268005621
39.8653,28.734,0.058819002199171355
40.6643,29.0313,0.0006734036064819371
40.4013,27.5163,0.03406611253450398
39.6428,29.3547,0.0008096435469399088
40.404,26.1175,0.029129299167551803
40.423,26.1435,0.0003130492891340042
40.4125,26.0252,0.0027128317943811986
40.0098,28.775,0.0542362507230878
39.7288,29.4595,0.001512966318822473
40.1533,29.3345,0.09625429233955196
39.7078,29.686,0.09486052820044588
39.7303,29.4538,0.0003499338068754243
39.6967,29.4405,0.0002631327791797755
39.7687,29.4977,0.002525626163083494
39.6285,29.3495,0.0008362774147719909
39.7172,29.7408,0.010724212913481912
39.6527,29.3758,0.0003980005531474262
39.6745,29.3843,4.02748309021872e-05
40.2637,29.3515,0.12983172779867713
39.8787,28.797,0.028203975811056492
39.6778,29.5003,0.0007466329193444032
39.8495,28.8902,0.015696035649715
39.6048,29.3728,0.0008552755350301755
40.7425,29.1462,0.05760040017202783
39.6557,29.574,0.007044429653491724
39.6012,29.7175,0.017942476515733774
39.8625,28.8823,0.0015077063958245374
40.0697,28.6985,0.02112730821993325
40.82,29.4788,0.005310068537320967
40.0797,28.8292,0.026448520132635656
40.3992,30.128,0.32458446126511986
39.7047,29.472,0.0005820540522244455
39.6768,29.3797,0.0006670512684389118
39.8902,28.8975,0.002668802606616061
39.8155,29.0185,0.0023298448103376
39.6228,29.3647,0.0003207340895781119
39.7148,29.4803,0.0001947512441090593
39.613,29.4762,0.0020423948450913887
40.8877,28.725,0.006286707936343894
39.8803,28.8975,0.0004986550304885151
40.0235,28.7813,0.0030353348826778204
40.0343,26.4822,0.8947340542661226
39.8533,28.7855,0.004218310412726467
40.1637,29.314,0.005594291054949463
39.6985,29.5925,0.0056564111548149665
39.9763,28.0898,0.00876380808340882
40.6725,27.587,0.009452671028174153
39.6647,29.378,0.00045528060050159525
39.6522,29.5405,0.0017875232545431219
40.5422,28.992,0.10965276258787726
40.7852,27.7027,0.017999741684409543
40.6502,30.5997,0.04371584882919166
40.8215,29.4722,0.001411647315555431
40.034,28.6347,0.047585156544458274
40.8228,27.8407,0.006917871659205432
39.7088,29.4917,0.0005038259294495306
40.0043,28.7075,0.012710992301166346
39.8433,28.7427,0.006621709702322787
40.3515,29.1007,0.10264696725250444
40.2502,28.8552,0.03220427634899159
40.1535,27.72,0.030959324934354382
40.857,28.4068,0.07756162312840043
40.684,29.1783,0.03305078088199609
40.5615,28.9807,0.00461889560105333
40.7888,30.2753,0.00464741802747537
39.8768,28.8975,0.00093220374190639
39.906,26.7987,0.29181866640906606
39.6207,29.3785,0.0005773805947467681
39.6807,29.3907,0.0005780665815093844
40.389,30.1132,0.00477136796445532
40.8467,29.4948,0.0048732158003989
39.6248,29.3848,0.00031130759607689296
40.5367,28.1687,0.26438242823311087
40.0552,27.4002,0.060260786853129966
39.8147,29.3563,0.04565702385576342
40.281,29.2073,0.008120237801076069
39.6797,29.5157,0.0011402032441657495
39.72,29.13,0.1348589082429542
39.6847,29.124,6.875000379291674e-05
39.6812,29.1072,3.652528917819087e-05
39.6777,29.129,3.6380549254921846e-05
39.679,29.123,3.953935248546259e-06
39.6668,29.11,5.452299316222042e-05
39.6197,29.3933,0.0003921463179122897
39.6827,29.3908,0.0005057045116827474
39.6107,29.1457,0.004335694888859543
39.636,27.4837,0.17069050021962873
39.6913,29.1522,0.0003020305625243136
39.6515,29.1763,0.0006981479961183368
39.6765,29.1282,8.253431520710564e-05
39.6868,29.1277,4.117430408179246e-06
39.6948,29.1252,9.60205649014334e-06
39.6572,29.1117,7.567517976037053e-05
40.709,30.6033,0.0036728956066979235
39.6038,29.4472,0.0011774717106928234
39.6682,29.1472,0.00012472981453182097
39.7002,29.116,6.938992832972168e-05
40.8188,28.0152,0.05924936810069681
39.696,29.0982,8.150494321057522e-05
40.4732,29.2075,0.02786597811199476
39.6698,29.0672,0.0005728390033739039
39.7008,29.0912,0.0001530396279392221
39.8918,30.7338,0.3019360264445541
39.7915,29.6042,0.029642555921476688
39.6752,28.9607,0.014806942201041395
40.6057,29.004,0.013719437539101986
40.7767,27.4275,0.00916315622936914
39.6967,29.4362,0.0007537254884382172
39.9865,28.0965,0.0035715977841821456
40.7013,29.9175,0.61338347016458
39.7323,29.196,0.004485882069368952
39.74,29.04,0.00568777274887089
39.6668,29.1528,0.0003872631864498821
39.7375,29.0633,0.0008789307156306103
39.6563,29.1147,0.00025367888089977697
40.3597,27.6637,0.060421205825303526
40.1182,28.1463,0.2096309712210247
40.3142,27.4177,0.1634634636914979
40.6675,27.387,0.017041416170307078
40.6928,27.3873,3.5163253944370254e-05
40.2305,29.6252,0.06547530153775127
40.0878,28.8598,0.01845755284414141
40.7735,27.402,0.002532068218451866
40.84,28.1452,0.06401552104128183
39.65,29.41,0.0007241267757485126
39.747,29.5018,0.002476097737446392
40.7325,29.0655,0.027290750273015862
39.6923,29.4822,0.0004806382847173385
39.6392,30.8105,0.43113749304648386
39.6912,29.4678,0.00012596152621457968
39.865,28.8742,0.0026600479485016093
40.831,29.6347,0.3162960030708206
40.6762,27.3698,0.0007549527801828937
39.71,29.4408,0.0005207063309270454
39.6287,29.1188,0.002014136722044091
39.7235,30.2108,0.03834114553473911
39.8572,28.8515,0.0022388433469642255
39.9683,28.8313,0.014629413000347924
39.6268,29.163,0.001567902265065424
39.6725,29.3708,0.0008228685234480393
40.6943,27.3943,0.0006441344809769989
39.7475,29.5158,0.0011056161423873556
40.7817,27.5345,0.0082583282658526
40.19,28.84,0.021788358634258875
39.8202,28.9503,0.020013427877326406
39.652,29.3432,0.0006753072878643573
41.5315,27.9592,0.09121619542679327
40.7103,27.4153,0.0010679157316009213
39.6393,29.378,0.000507264893081838
39.7798,29.5068,0.0017991823756359215
39.8808,28.8822,0.0013228517023005093
39.641,29.5173,0.0015916504262493136
39.7202,29.4472,0.00045351034192753215
40.6743,27.3997,0.0004912393552927163
40.7635,27.5268,0.001533548709253929
39.6715,29.367,0.00039526537071865597
39.6703,30.1448,0.03342795874882509
39.6387,29.1543,0.0011384739907893682
41.1933,28.5495,0.6508290618197687
40.4625,30.7123,0.6941970042102322
40.7503,27.4198,0.0021723146641199342
39.7147,29.3913,0.001965835064491439
40.5685,30.1327,0.10538183536765178
39.6028,29.3673,0.00102337961005039
40.2982,27.5163,0.044641114223360034
39.8047,29.148,0.05321616771800686
39.601,29.4687,0.00194363940278941
39.688,29.4875,0.0005677631487052137
40.0272,28.9405,0.0396530074791035
40.0357,28.842,0.009563343405923685
40.3842,27.2218,0.11013187471744956
39.6763,29.5923,0.006865916601145106
39.7273,29.4685,0.0009413315242241538
39.6422,28.549,0.0176610507281294
40.6893,30.166,0.056407803182979
39.6825,29.3833,0.0007099050846841592
39.6688,29.6022,0.0010236897140900592
40.0398,28.5212,0.30887212647805395
39.8848,28.7933,0.006723425460555599
39.9308,28.7793,0.0016178757211937622
40.1795,27.8612,0.2578361862278672
39.7487,30.7147,0.0073168014802631465
40.2425,28.7112,0.12171659807251833
39.7513,29.304,0.01927739882862478
39.6142,29.3933,0.0006764211576733015
40.2007,29.9867,0.858379908775439
39.8723,28.8775,0.001746436001419771
39.8608,28.8962,7.328063830203124e-05
39.8798,28.8888,8.598533529680097e-05
39.8385,28.9598,0.0017406889062776543
40.7803,29.0162,0.02091956569997211
39.7065,29.7,0.011756566230287868
39.6113,29.3925,0.0003036219381779004
39.8083,26.4855,0.23296660915860956
39.828,30.4722,0.05267399498044523
39.725,29.488,0.0010190502310468696
40.2668,29.2015,0.0056824659852718895
40.4207,29.1308,0.0501587150377657
40.5685,27.4758,0.034808481060915275
41.1028,27.7163,0.030963679206001737
40.8107,29.4927,0.0049265096633328564
39.8178,29.694,0.10126363294425256
39.676,29.5095,0.0011328424167978968
40.6408,30.5992,0.010004347630569232
40.8065,29.0638,0.022632398540211707
40.7557,29.0627,0.003987175332249571
40.7313,29.0252,4.127678869436657e-05
40.3702,29.1635,0.030342286113100303
40.289,27.9225,0.1224879481376775
40.8417,28.131,0.007646808784848025
40.0302,27.3987,0.016491300379553375
40.779,29.027,0.0017843285087940641
39.8547,30.48,0.010195761383925528
39.7188,29.3642,0.004153912528918835
39.6832,29.487,0.0005980352804656475
39.9177,30.0473,0.09803390759629538
39.8458,29.8535,0.06846936898872258
39.6973,29.465,0.0004556585520448797
39.6795,29.4973,0.00019329503805898263
40.557,27.7007,0.07154070387149725
39.6892,29.5113,0.0003759158827651987
40.7875,29.0548,0.002082899143173389
39.6737,29.0783,0.0030994721232795452
39.837,27.8717,0.7073651954970944
40.6485,29.1833,0.02654470725167357
39.6973,29.5233,0.0008113069469453116
39.8428,28.9107,0.0044099168003221
40.4145,26.256,0.12954073752406503
40.741,29.024,0.0027987315257715917
40.7218,29.0118,6.40337422361803e-05
40.8123,28.049,0.029095436340151548
39.6505,29.0908,0.002985052211460726
39.6978,29.477,0.0005165866445191458
39.6028,28.8022,0.07522554192692787
40.919,28.404,0.296668209050274
40.6327,27.6503,0.03972191868644703
40.4792,29.0177,0.13381773783236117
40.722,30.7007,0.05837725231820268
40.4533,29.0575,0.0025486072243773306
39.7563,29.5678,0.008126444419065293
39.6637,29.1015,0.0012325227795917382
39.6922,29.4747,0.0004400824262382752
39.7043,29.4058,0.0006317559901856118
39.713,29.5035,0.00014522460744836874
39.9657,28.8547,0.01442797660906292
39.6797,29.4857,0.0003436481419789583
40.2913,26.0482,0.05578570341428957
40.8257,28.1287,0.005092657434731529
39.6027,29.4507,0.001546144411650907
39.6375,28.946,0.03925376933543412
40.0015,28.6213,0.06323939724713679
39.7437,29.5295,0.002088087070883815
39.693,29.4707,0.0003810235354155811
39.9037,29.0267,0.11882641056754017
39.66,29.39,0.0009951441581894649
39.637,29.3387,0.0006975318317719026
39.6853,29.4765,0.00024217649107760586
40.7418,29.0387,0.00263254899978671
40.6565,30.6368,0.01953216380338907
39.99,28.65,0.004841870786883362
39.6028,29.3723,0.001006616917464731
39.964,28.7272,0.00505823140846251
39.7258,29.2712,0.018425926712581475
39.8178,28.9895,0.009950902961967878
40.0478,28.4938,0.02386270368044352
40.756,30.8888,0.028942890323165327
39.7518,29.5647,0.0017857725177561345
39.6715,29.1493,0.0017711147740515631
39.9265,29.184,0.06786141146144375
39.6408,29.1155,0.0009966685151673316
39.9895,28.0965,0.005824665454575939
40.6757,27.7175,0.06980670672918066
40.1202,27.6508,0.16952520129464443
40.7213,29.0427,0.001277029711636457
40.794,27.4488,0.010214322114405983
39.85,28.7927,0.009368230592967652
39.7667,28.7257,0.02480877377918611
39.69,30.1557,0.015288971444642807
40.7258,30.5703,0.008752668011272613
40.7782,30.5823,0.0005461023338804161
39.7143,29.0065,0.025747129308980488
39.6272,29.5145,0.002843183820431472
40.0982,28.8415,0.014817411574153838
39.9798,28.713,0.0029858607398824955
39.7577,29.5123,0.0017344242975887436
40.9013,30.3488,0.22163062686562696
39.7525,29.5063,2.2305034700575987e-05
39.722,29.5103,6.895017963992611e-05
39.667,29.1207,0.000699379977777026
39.8688,28.7962,0.0012000649734843494
40.7978,30.622,0.002706920811153757
40.576,30.558,0.02980234914642177
40.404,28.1187,0.23914351139191115
40.4178,28.117,0.0001373702989200254
39.6565,29.3682,0.0009467959095577072
40.4027,28.0988,4.369797556735833e-05
39.6268,29.5195,0.0005239381824380107
39.946,28.8975,0.010685653789516913
39.6915,29.5137,0.0004428504294847757
39.7835,29.2885,0.016714765451562696
39.9097,28.7528,0.006010079993142514
40.7595,29.0727,0.002731610108971716
40.7608,27.4252,0.002768137337933352
41.0063,30.686,0.06632267250185375
39.8585,29.0578,0.03443061226058053
39.6813,27.4562,0.25355607610358943
40.7158,29.8855,0.09254991862853468
39.6988,29.4097,0.0010287711318616166
39.6785,29.5403,0.0013784000146990216
39.9573,30.1098,0.2725926988697691
39.6857,29.6205,0.007281108725720298
39.6368,29.3103,0.0031611103497539705
40.7153,27.4155,0.0031948982969365325
39.8783,28.611,0.037150171666008536
39.68,25.6,0.2976203388203785
39.6737,29.1127,0.0007830557454439058
39.6838,29.4872,0.0004069535984242423
39.8587,28.8635,0.0033982487410623152
39.6085,29.4772,0.0017421269992154986
40.4328,28.9683,0.042013605086389294
39.7772,25.6373,0.0569885089791764
39.7472,29.1627,0.014478633236289729
39.649,29.3143,0.0013711301344980775
39.8193,28.8465,0.009019614575513923
39.7242,29.5333,0.001146989079632288
39.8932,30.0113,0.020916871832646122
40.2212,27.2243,0.23930114638870337
40.7463,29.0547,0.0014198049798525014
40.7512,29.0915,0.0009846225712142331
39.634,30.1913,0.06824244039271388
39.8458,28.8975,0.0021071299680671673
39.6388,29.5135,0.0010555371057355822
39.6998,29.6565,0.009109233682284334
39.6077,29.3792,0.000787396721566358
40.8212,27.6827,0.02910190962839121
39.7743,30.507,0.046461385384998
39.7677,28.83,0.017334115331342326
39.6922,30.5612,0.043762221523774736
39.7967,28.9582,0.007658442920139397
39.728,29.5953,0.005173033490355361
39.6787,29.3787,0.0009839430710909536
39.6995,29.6232,0.0019344474244247234
39.855,28.8798,0.0012804717809263844
39.8457,28.3162,0.7208075920557302
39.7447,28.8532,0.00465829214607838
39.9873,28.0878,0.0028938673679628213
39.7127,28.5995,0.12043443184995228
40.762,29.1205,0.005856488209892596
40.7278,29.051,0.0013291375092873148
39.88,28.9227,0.004011024359153348
39.707,29.4723,0.0006709289651452011
39.9197,27.0173,0.7142295544053054
39.8712,28.8765,0.0011316219664847527
40.047,29.0487,0.03641984821798816
39.8577,28.8573,0.0008499199285346704
39.6182,29.2733,0.010454714894128636
40.8067,28.9765,0.03767031915228447
40.6933,29.2205,0.025029426625895912
40.7303,29.2233,0.0010048616902367247
40.7442,29.2493,5.788726937294708e-05
39.8167,29.5897,0.03412737655150644
40.6662,29.222,0.00109578092205731
40.7145,29.204,0.00032378524545473297
40.7017,29.2538,0.00015804214511683234
40.7128,29.2365,8.483885109900058e-05
40.712,29.2307,5.122813996016884e-05
40.7092,29.2305,5.470400822771282e-06
39.6955,30.1905,0.015712450995855054
39.6315,29.3822,0.0008948962398017679
40.7375,29.0847,0.00219953288502861
40.4833,28.046,0.188732329595383
40.739,29.0725,0.0005653572897592607
39.6513,30.6642,0.07764151150401688
40.7465,29.0945,0.0005930565370020346
40.7542,29.0765,1.1496095764673697e-05
39.867,28.981,0.01631035287117999
40.3408,27.556,0.08339435197628353
39.7077,29.4752,0.0006734909058080385
39.8667,28.9308,0.0028073763658487128
39.8363,29.2618,0.03047799705897536
40.683,27.4903,0.009287698165144187
39.7577,29.4953,0.0022546543798137586
39.7723,29.411,0.012128734270284047
40.4937,28.1258,0.0631484922918486
40.6808,29.4052,0.10410576351492973
40.8345,27.9377,0.017999347422130163
40.6995,29.1813,0.004308137073044227
40.2513,27.6858,0.3007260267859675
40.3557,28.7372,0.44182009399590605
40.6868,29.182,0.0006341457616056978
40.3648,27.0972,0.07789208709244844
40.7585,27.5097,0.010451690781326572
39.7472,29.5287,0.0017550542174225026
39.7437,29.4592,0.0011532744260078776
40.6733,29.066,0.0093829915899174
40.9402,25.9392,0.322601173157296
40.0708,26.8935,0.5635247633236783
39.8318,28.8348,0.00626894624943275
39.6192,29.3407,0.0021980385976466676
40.324,29.5533,0.45561293912753786
39.6222,29.3347,0.0004119319060533755
39.6043,29.4583,0.0010861942260246282
39.8507,27.6297,0.7118909169647845
39.6255,29.3683,0.0005598186063621169
40.7935,29.3313,0.09260222064392365
39.73,29.45,0.001082014762283534
39.8093,29.1738,0.033924188593515536
40.5835,28.7848,0.2036538434528995
39.8533,28.7285,0.016530572358932183
39.843,28.9507,0.004123901032636712
39.7982,28.8548,0.0008603040922873229
40.5795,29.322,0.15085225294035132
39.6847,29.4015,0.0012463474756472248
39.6043,26.4205,0.8171564711737087
39.6747,29.4997,0.001013856479926023
39.8077,28.8335,0.0016229988740705803
40.5585,27.7613,0.06945504289096971
39.7572,28.8743,0.007826130197756576
39.6345,30.534,0.16718270175284078
40.0343,28.4565,0.07820444755298928
39.9047,29.931,0.23480086763116892
40.7438,27.4177,0.0028988938431337985
39.63,29.33,0.0011839634946344546
39.9472,28.771,0.013800871240924995
39.8228,29.0467,0.02979416195156248
39.928,28.7708,0.002575808961224446
39.7203,29.5305,0.0017829675308442816
39.8945,28.7693,0.0032296486484397757
40.6513,29.407,0.045038905038049526
40.771,27.4303,0.0028388380717125905
40.6358,29.1478,0.017207654146107365
40.6253,29.1485,8.431384615592563e-06
40.054,27.554,0.11236053288977732
40.7712,29.1965,0.020805151614084028
39.641,29.3508,0.0012037764531324102
39.8623,28.8868,0.0020306805495247104
39.8815,28.937,0.0005855117056108305
39.6628,27.7503,0.1873857549872916
40.3275,27.1115,0.04989287098490247
39.6893,29.5032,0.0008744512001813698
39.7,29.4192,0.0010552046190496212
39.697,29.5072,0.00012586923931912075
39.647,29.3618,0.0005306995847518259
40.2733,27.1145,0.023620950724044798
40.638,29.0647,0.005241081013810045
39.603,26.7452,0.931550098177867
40.8282,27.739,0.014073080000560956
40.6855,30.2407,0.13740304872848463
40.7593,27.426,0.0016210200989941193
39.9193,30.0117,0.023779002097401025
40.3075,28.1595,0.4418630069184176
40.374,27.994,0.007032518176677827
40.2767,27.5127,0.037639205948664545
40.238,28.9418,0.107287022927262
39.7097,29.4402,0.0012056073687511937
40.8875,27.864,0.140659827724383
40.6185,29.0567,0.005819033341424307
40.1242,27.3617,0.4258196689638625
40.698,29.2248,0.0030292705934242825
40.0897,27.7042,0.16186119186161796
40.679,27.303,0.06880545980345976
39.9138,27.4652,0.5304473078935281
39.7767,29.5457,0.008942603418403916
39.8752,28.893,0.002324566931721228
40.3982,27.9023,0.11284191056069537
40.3575,27.5988,0.059237585274175775
39.9652,29.3178,0.2986018139211346
39.9828,28.6912,0.019988115293292696
39.6892,29.4713,0.000828005850687652
39.7487,29.407,0.005892829558001966
39.7168,29.4325,0.0011927455068346804
39.6108,29.3883,0.0009220046162601303
40.6748,29.3032,0.02411698899603587
39.6643,29.5247,0.002728557524928066
39.7793,29.5505,0.002431195941677955
39.835,29.3217,0.023354564026971558
39.6072,29.3843,0.0005272254590703573
39.8603,28.2698,0.22750110249050137
40.5223,27.4678,0.08799752784982517
40.4437,26.3507,0.08338898592636901
40.332,30.6105,0.9084409040156702
40.8363,27.9718,0.023244662592818544
40.8505,28.3205,0.018892198037855246
39.891,28.9295,0.004616814802522851
40.86,27.9612,0.003026412684626778
39.9703,27.6677,0.2024358722092896
40.6532,29.0735,0.006357166045194651
40.8205,28.2003,0.07398152654550283
40.366,27.8723,0.042823312160452764
40.3962,27.6787,0.08097598873780776
39.69,25.74,0.6165770151779473
39.6788,29.4887,0.0009670962634968916
40.5307,29.1345,0.10378257437445138
39.8565,28.9238,0.00444775696084343
39.6238,29.304,0.0048241565751767634
39.8458,28.7533,0.010533747635645185
40.4272,27.7708,0.04639419079833673
40.4318,27.7937,8.03201380472629e-05
39.6067,29.362,0.001427404529420695
40.4007,28.7902,0.20246903184498632
40.459,29.2225,0.01898924733955043
39.7137,29.4743,0.0012018703824148158
39.731,29.5107,0.0007911013952164314
39.6877,29.399,0.0012289384564836414
40.4265,27.9443,0.05765205946321483
39.8098,30.4962,0.033889217435619234
40.6935,29.2838,0.010602773779322061
40.7097,30.6072,0.005114106325966428
40.2873,27.3002,0.10586736520731777
40.7722,30.7493,0.16429533366037175
40.3408,29.253,0.17364669354991336
39.6103,29.4785,0.002928700601712353
40.4228,26.0142,0.014437335555487985
40.1247,29.2213,0.20907599811226363
40.8167,27.783,0.01767983492519365
40.8465,28.5085,0.45101680667049493
40.2963,30.0442,0.5998690494291887
40.8218,27.8028,0.0008018978743042915
39.6728,29.143,0.003457544845792637
39.8763,29.1793,0.04612204129641939
40.7427,29.1335,0.013912732831370622
39.707,29.0445,0.021234409533268717
39.8753,30.4655,0.04134515261734628
40.8585,28.7817,0.10822016868534512
40.7222,30.5772,0.004976787182262243
39.6187,29.3892,0.0010480494552330688
40.426,27.9185,0.01182260434188731
40.3775,29.1868,0.046030306995541115
40.2455,29.0072,0.0410922734701914
40.6862,30.682,0.04191219980988903
40.8027,27.6843,0.019881366165136027
40.396,27.6025,0.04877110920147154
39.7673,29.5567,0.004571013750227504
39.601,29.3803,0.0010475452947674713
39.6682,29.3455,0.0024965082296961594
40.2355,29.6275,0.02882457233819613
40.4755,29.1747,0.03238267660047489
40.3542,28.315,0.6286763235894733
40.1962,27.9543,0.0466675713421526
40.2307,28.8825,0.059435567714241966
39.9035,26.9893,0.09988023869475704
39.7013,29.4503,0.0012194520880982607
41.5117,27.9548,0.08361510090506041
40.4103,29.0462,0.14869994493685645
40.8017,27.5465,0.028722423505148087
40.793,27.857,0.033263772037874784
40.7355,27.5062,0.014470384861858698
40.3682,27.1168,0.028666542944508322
40.5368,28.2188,0.2909853451628186
40.3957,27.542,0.03653245958087559
40.2848,27.8635,0.029330304594495593
40.4055,28.7728,0.017069605428625678
40.1857,29.6717,0.16454358372280442
40.1353,26.3883,0.4086933734833781
40.7348,29.0578,0.004754497299189975
40.643,29.0907,0.005358420280110465
40.69,30.2145,0.03839934323895977
40.7068,27.4833,0.009860600252728613
39.8747,26.8503,0.41942809011649507
40.7603,28.068,0.0678380234700936
39.8038,26.7125,0.2660636864102286
39.7068,29.4713,0.0011790330238754532
39.6997,29.4912,0.0009470482726400276
39.6067,29.3668,0.0014880584043475142
40.049,29.3152,0.190354390338218
40.7425,27.5443,0.012514009379200663
39.6985,29.4847,0.0006392396251090338
40.6783,29.1217,0.02045791618541304
40.6883,30.291,0.0353011083170357
40.7355,30.3263,0.007337144145394658
40.6955,27.4453,0.0091553638763886
39.6917,29.5415,0.0031799636969831457
40.6128,27.5907,0.07337508362245049
40.7297,30.6037,0.004748752590071237
40.7108,30.3648,0.011970216806540201
40.6795,30.32,3.2246065033048055e-05
40.6988,30.3555,2.1952802488511836e-05
40.467,30.5985,0.25405783422071415
40.7615,27.5087,0.00637746732862654
40.5423,27.8963,0.3335753732562311
40.7467,30.6327,0.0047788686022185445
40.7333,30.6145,1.9346387172713975e-05
40.5893,29.0133,0.026998511414728643
40.6305,30.6075,0.013526629273862945
40.6783,30.2917,0.0015581710174509267
40.6182,27.6558,0.017655321459579598
40.6055,27.6418,0.0002013179263397058
40.8198,28.1413,0.019432357294165925
40.7003,29.2047,0.006576430828293067
40.7113,29.2367,0.0002997267895181732
40.7038,29.243,2.9492024211652534e-05
40.2147,29.6472,0.020107939177203327
40.6028,28.8597,0.24200114782150917
40.3453,27.741,0.1469190609967762
40.0485,27.8798,0.25932921806080866
40.0378,27.9198,0.0010079892570633575
39.7133,29.4872,0.0011630658370905822
39.7193,29.4233,0.002117681549676953
40.4917,25.763,0.10603481514709046
40.3948,25.8412,0.0009165689860963777
40.4385,25.843,0.0025949499602131443
40.4373,25.8413,1.4250929198156292e-05
40.3852,25.7678,0.00033620955438418143
40.4542,25.8148,5.817643634398184e-05
40.4568,25.7248,0.0009882818908560909
40.363,25.7112,0.002479700491399006
40.42,25.88,0.0011858763429066776
40.4655,25.783,0.0003306140774708144
40.368,27.3793,0.11668864178681004
39.6122,28.6553,0.29509330433812875
40.363,26.2578,0.1360221710773617
40.2607,26.0053,0.0480280568431124
40.64,27.4018,0.03516939846994627
39.6168,29.3765,0.0012123836640053343
40.6568,29.0123,0.023690170008175193
40.3767,25.8163,0.003139858001559581
40.456,29.2128,0.010268023561251671
40.9123,29.7987,0.9052556767324145
40.6422,29.0758,0.0037961877519895326
40.5372,29.421,0.4851175277084626
39.9948,28.6123,0.03326256479284939
40.6492,27.4058,0.0037425641577808477
39.6688,29.508,0.00226980483202055
40.2055,29.4077,0.056641880956413315
40.1093,27.185,0.3583554897622002
40.6123,27.3788,0.006024862737301184
40.349,29.1452,0.05615940926148866
40.5122,28.9717,0.09827426394270389
39.6942,29.4827,0.0008173886210446346
39.6035,28.1703,0.7652835830689814
40.792,27.731,0.0240611526581872
40.7025,29.227,0.0021966708343553742
40.1057,28.6787,0.055130917067677365
39.6848,27.842,0.1653572939743072
40.426,25.7083,0.022889664724210612
40.3067,29.6832,0.2162924902956982
40.2957,29.688,2.742403534516935e-05
40.7183,29.1192,0.01790838495003344
40.4702,25.7895,0.003017610411478411
40.5893,27.7393,0.03568771991657582
39.6557,29.5352,0.00434272552311088
40.86,28.4108,0.040752910401820386
40.0852,28.6617,0.00969688953992276
40.7705,27.561,0.014838222954965063
40.7227,30.3337,0.004921451488989814
40.6765,30.3278,9.286770950223122e-05
40.2087,28.9565,0.07088395619848042
39.7157,29.4678,0.0013235029290362688
40.4218,30.2065,0.5005415670278831
39.65,27.08,0.6334634121861
40.4488,29.2428,0.014098583704089673
39.8702,30.098,0.10392727470446839
40.2687,29.3262,0.1127665236690153
39.6373,27.9728,0.5516119535407269
39.7083,29.5392,0.003490185964588388
41.103,27.8872,0.8848285687426752
40.156,27.3272,0.2335018225694444
39.794,29.3635,0.04527073589847885
40.5637,28.1263,0.24057236970579154
40.55,28.1327,9.949768974049089e-05
39.7063,29.3943,0.0033792521156854605
39.6057,29.4255,0.0024265040007057648
40.5773,29.0027,0.014172516568989657
40.75,29.8837,0.2188427586344599
40.397,28.2797,0.28144725456834896
40.5797,29.0292,0.0015633649992654597
40.8672,28.4812,0.06762328002308216
40.7183,29.062,0.008098945840562366
40.7562,27.239,0.270763008703386
39.6373,27.0893,0.009502248447042394
40.1555,28.8725,0.02011047625584883
39.7588,30.7852,0.060453556997627333
40.0667,29.0297,0.06551475058853673
40.6775,30.1743,0.040754516464103
40.4902,29.3805,0.2746414287219696
40.7535,27.3875,0.010101300951187886
40.4602,29.2148,0.005277405212639974
40.4118,27.9882,0.12733748691506308
40.3558,28.0358,0.006124053766195514
40.369,28.06,0.0001391008756337353
40.4237,28.0323,0.0011447191395186351
39.885,28.673,0.13710812172083064
40.6322,29.3972,0.08493856860022841
40.763,29.1262,0.013682498980725266
39.6855,29.5038,0.001562570777733585
40.2075,27.6757,0.29528625068811964
40.5917,27.709,0.016917675896922724
40.388,27.1995,0.06368685908825944
39.601,29.3695,0.0020274098098989057
40.8448,28.8153,0.08797709843310275
40.0718,28.553,0.19126740464362024
39.66,28.88,0.28583329728358176
39.8537,28.952,0.013815387038026095
40.4368,27.3387,0.16556836850406154
39.8548,28.8657,0.006434701162642553
39.6133,28.7782,0.06727037674950453
39.8715,28.9507,0.0024024668851345687
40.5138,29.2028,0.0487760273898552
39.8793,28.9537,0.0006022287431398654
39.9838,28.745,0.034432979465539026
39.8615,28.8262,0.008235817883786578
39.8443,28.948,0.001717278406387468
39.7367,29.026,0.02048210428321573
40.6042,29.2435,0.04291181702015412
39.9217,28.7243,0.023342376885056026
39.9542,28.0945,0.046889682249661946
40.5377,27.7398,0.05486746458020164
40.0092,28.8533,0.039939615671621964
39.879,28.9303,0.0021994300826922997
39.8793,29.973,0.13241991529462782
40.4228,29.1265,0.03007663958342366
40.4175,25.9097,0.012088759801757831
40.6917,30.3265,0.005824262515330081
40.3915,27.8752,0.05028785855554929
40.4468,27.1938,0.050641349849819495
40.7077,27.4382,0.009293936484679466
40.8252,27.7752,0.012954821529283955
40.686,29.3535,0.041096439019271624
40.044,27.5373,0.0498535818433703
39.9193,27.006,0.0298346596566067
39.65,25.95,0.8465919119933719
40.3757,28.3287,0.07676927933013822
40.0957,27.8843,0.07818998259904564
40.3855,28.0797,0.020809483107058657
39.6617,29.5265,0.003517798278809936
40.1577,27.8182,0.09806128033956052
39.685,29.4892,0.0010559663584785994
40.8223,27.8665,0.028219091954431175
40.5828,28.9463,0.049304243949768956
40.4295,27.2298,0.019277962138186222
40.085,28.8192,0.04455640980203224
39.8323,28.8383,0.010568649711309441
39.7945,29.3393,0.02137860190463492
39.9477,28.7733,0.010955571205608083
40.8103,27.7325,0.011572752096468686
40.7123,29.402,0.04941353429302986
39.8228,28.8012,0.001464283473188721
40.3217,28.3435,0.07040723098374324
40.5813,29.0315,0.006128078752618671
39.8608,28.8748,0.0023830060926860464
40.0565,28.9115,0.0445176762056676
39.8652,28.8838,0.0005721280244227467
39.8662,28.9877,0.005230096573159093
40.8505,28.044,0.08722778445436741
40.8312,28.0567,0.0001874386220921398
40.7562,27.4642,0.014887197224309978
39.8502,28.815,0.0027842925642611593
40.035,29.1677,0.27139190313872374
40.6702,29.473,0.12049090788288153
39.6157,28.653,0.01797689324481877
40.6908,30.6152,0.013218611143347991
40.7618,30.8543,0.059760287088122865
40.5445,30.5198,0.1348905165629446
40.673,30.8775,0.021562973613098557
40.7483,27.4475,0.0022633211524334396
39.784,29.347,0.0033304269227919514
39.8913,29.0488,0.033707833525059905
39.8368,29.2967,0.0033482262847390754
40.6267,29.0552,0.007170376257726763
40.606,29.0615,0.0004856560465674731
40.5715,29.0427,0.000822193413559269
39.8708,28.8642,0.0018811557397042655
40.6028,28.9915,0.0030815513358783964
39.8565,28.848,0.000899570915764758
39.8723,28.9153,0.0015199731709029107
40.0263,28.8842,0.011804617630224223
40.5775,27.7467,0.014882621290184028
40.2923,27.2948,0.013553370777368734
40.2493,28.0538,0.353039701978618
40.6893,27.4777,0.00985791528657709
40.7785,27.5488,0.009871527345300724
41.0177,30.6698,0.06269341540550866
39.69,28.4782,0.33018129125893714
40.0278,28.0607,0.19203359892083038
39.6583,29.942,0.7431365565627024
39.8513,28.8922,0.002210577322627305
39.8715,28.9042,0.0010312475010750832
39.8767,28.865,0.00020165572364383433
40.6872,27.4873,0.001997946586321131
40.7883,27.5082,0.009710448830063445
40.805,28.001,0.03223071622164453
40.7403,28.0615,0.001378528103585075
40.3218,28.7552,0.24806272818426667
40.4607,29.0805,0.04396989047121891
40.4707,25.6102,0.4231779434824462
40.4138,27.5692,0.061333829269493045
39.6207,28.9998,0.05084185790530149
40.539,30.8262,0.6913523305728523
40.7273,30.7533,0.12789720302150254
40.3878,28.6678,0.1415010673440148
39.6422,29.5943,0.029051092811498536
40.782,27.6518,0.05708614287685765
40.4013,27.9048,0.02261487712071697
40.3092,25.6915,0.06881503105799647
40.81,27.6755,0.010924695003177609
40.8068,27.6995,0.00034671922585127746
40.8072,27.6792,0.00021850932271549883
40.7933,27.4673,0.009255072811290121
40.7828,27.6843,0.0006263042857391765
39.807,27.7437,0.7093572144617937
40.7885,27.7028,0.0005056438132469143
39.6433,29.5042,0.0048081677334987916
41.85,26.7037,0.9656154184229029
40.627,30.0848,0.2238740371871648
40.0982,29.0525,0.11636217401438442
39.7483,29.5397,0.007802002222378701
39.8892,28.7652,0.018943370826134842
40.8077,27.6612,0.002432578411802555
40.8168,27.7258,0.00010388341834077774
40.0193,28.5603,0.14103537713699377
39.8303,29.0503,0.04218528098918639
40.5927,29.254,0.021642876406287814
39.6822,26.3757,0.7425168651377021
39.9937,28.6045,0.009874216684853776
40.1242,29.316,0.05451929998585392
39.866,28.9693,0.0060875365896925215
39.6148,29.4863,0.00502370146224973
40.461,29.1355,0.037634790753507064
39.7658,26.0962,0.7722930686317945
39.756,28.8928,0.04450203576135203
39.8692,28.884,0.002141639193091849
39.9063,28.7797,0.0013803082994159332
39.875,28.857,0.0003247356720914585
39.8535,28.9897,0.003022092299917345
40.2272,30.3502,0.957022919425184
39.9165,28.7505,0.0019205574859569863
40.8517,28.7023,0.06615817197754004
40.0732,28.477,0.1056744796747432
40.6407,27.2712,0.08198200884244555
40.5442,30.119,0.09574951281284283
40.2578,25.723,0.1624719138439682
40.2243,30.0292,0.45535145009614364
40.743,28.7225,0.26833558322256756
40.385,29.367,0.3710234973546288
40.4127,29.3243,0.004789187002415263
40.1727,28.0137,0.2874269731344322
40.3988,27.5848,0.018843540464293485
40.3648,27.55,0.0020992175630124565
40.763,29.2355,0.0419192500970037
40.8177,28.8115,0.07639854664438328
40.5352,28.9928,0.03584060347549978
40.5912,29.0265,0.006139792494533447
40.367,25.9907,0.04942474338910385
40.3772,25.9788,6.954291880689745e-05
40.4058,25.7208,0.0187726459098575
40.3953,25.9225,0.0005912550293065699
40.3797,25.925,1.2575936310987856e-05
40.3837,25.9497,7.86686962805927e-06
40.7485,27.4183,0.005502519501354275
40.3983,25.9092,9.531182838751207e-06
40.3832,25.943,1.1187225000153234e-05
40.3428,25.9917,0.00014877184707273727
40.3892,25.9138,1.673840764293555e-05
40.38,25.93,1.8779672528279612e-05
40.747,28.7367,0.004058399467349538
40.282,30.2133,0.5540450191572703
40.352,25.9387,0.0006415438473259538
40.3435,25.965,0.00016159263775783472
40.3722,25.9392,9.300797796218951e-05
40.365,25.9292,5.222511273661468e-06
39.722,28.4593,0.09519051021899472
40.2982,25.7658,0.025049930311400237
39.7907,28.8123,0.0294885738360271
39.6768,29.5247,0.0035334500354347043
40.778,28.0348,0.04209574988572151
40.3805,25.9078,0.00023402971179531384
40.3183,25.7967,0.0043943037017436515
40.3065,25.7488,3.1806645654608445e-05
40.5685,27.4995,0.06299498478967902
40.7553,26.5655,0.8135634187073824
39.6937,29.4813,0.001445240617573007
39.6822,29.3592,0.005595402080406209
39.7935,27.9387,0.710410503953024
39.6458,27.4823,0.07006770321969713
39.7558,27.9053,0.004982299697788406
40.1128,28.0325,0.12592302203973327
41.0272,30.6642,0.016556761616994042
40.8448,28.8238,0.01163880530368755
40.8377,28.7982,0.00031578171958734913
40.36,26.01,0.0022387431966442994
40.6692,29.0983,0.017996048248519858
40.8323,28.8182,0.00018313823745474966
39.8272,26.7082,0.10619457093654627
40.7103,30.1565,0.0872403579363824
39.6642,29.1365,0.00765774700397559
40.6467,28.9952,0.022650711640657906
39.8767,29.0,0.009325476311273784
39.6057,27.804,0.16339220399873833
40.343,28.5572,0.42670315318222485
39.835,28.9452,0.0068933825918482405
39.8605,28.9302,0.0025616826080177013
40.2208,29.6407,0.021575032388798987
39.7038,29.5147,0.0025060449049392197
39.9632,28.6705,0.03840906063839933
40.5385,30.1328,0.01112958875575909
39.835,28.91,0.0035048714627446964
39.9413,26.787,0.3033273480730949
39.8862,28.8972,0.0033432368504066057
39.9265,28.7743,0.0053626176248273705
39.9853,28.8618,0.011897808986572223
39.6182,28.7227,0.13212748080088021
40.0198,30.1653,0.7943168478791653
40.6107,29.112,0.018194300685293263
39.8802,28.9937,0.0031071568897053092
39.9832,28.6492,0.007770979802739331
39.7283,29.528,0.003567660129251138
39.7103,29.4218,0.0031555042815570866
39.8868,28.8975,0.001282570497236013
39.8517,27.5997,0.1960549860152655
40.387,26.005,0.005348693120549086
39.7073,29.4865,0.0014359141345950954
40.3693,26.0403,0.00264316931910058
40.816,27.7595,0.011237971897049004
41.2,28.9363,0.20798710331903647
40.3518,29.1982,0.08316951546024776
40.8778,28.7165,0.023880874943154273
39.8257,28.9183,0.0047110857428726005
39.816,28.7808,0.01698070025931553
39.6213,29.5365,0.012648257321569378
40.5962,29.0158,0.006514824150996801
39.7295,29.5753,0.012599919912182345
40.075,28.9282,0.04890674299810882
40.7908,29.0083,0.02937761568413122
40.5997,29.1525,0.02682306729086481
40.4273,28.8202,0.13160187120056033
40.551,30.1097,0.011661717989357001
39.73,26.14,0.24839354569446004
40.7792,27.4625,0.010665742380911447
40.8073,27.83,0.02252690551845471
40.6202,29.197,0.01996519342213887
40.8962,30.4208,0.13153381793194674
39.727,29.613,0.018109942979605886
40.9078,28.0223,0.27127424648263143
40.75,27.38,0.010408676391897909
40.8673,28.1162,0.03918922167132166
40.8663,28.1368,0.00042149516438794166
40.2117,27.354,0.34063583034587985
40.2272,27.6677,0.07146152321541588
40.6402,27.8495,0.12402814039866927
40.1168,27.5975,0.14032884786613142
39.6202,29.3303,0.0071011719603252255
39.9618,29.8637,0.728956881469182
41.0073,30.5977,0.18587532136328466
39.8327,29.6632,0.1850462998487752
40.5458,28.9495,0.053445132583901045
40.4237,28.3507,0.16488083564476408
40.6962,30.3502,0.010160567938740206
39.6723,29.5297,0.003936206735759007
40.0205,28.9648,0.08047417361585796
39.7595,29.6677,0.05982153592629147
40.7988,27.7467,0.009825636767181734
39.7232,29.557,0.005285842962154508
39.7618,29.6547,0.001670770754402695
40.2617,27.985,0.1569479405846298
40.3482,27.9835,0.00019925384118124612
40.2868,28.048,8.114679336157504e-05
40.2597,28.0052,7.416145472838309e-06
40.3023,28.0055,3.8557233757230414e-05
40.3375,28.0637,0.00046988940047865135
40.3633,25.8008,0.034609489777397195
40.3447,28.0438,7.159196918804511e-05
40.289,28.01,6.285218129642445e-05
40.2737,27.9448,0.00011454277404365776
40.2965,28.0007,3.250014315203664e-05
40.2857,28.0248,2.337354835235672e-05
40.5782,28.9777,0.011949333029144249
40.2655,27.9532,5.195197777752014e-05
40.2572,27.9912,1.9686634027182848e-05
40.2823,27.9797,6.628038122846736e-05
40.2577,28.0068,5.0218508419797026e-05
40.2185,27.9932,0.00029083948724473174
40.2323,27.9848,9.086733313334872e-05
40.3385,28.0413,0.0006377224735503173
40.2782,28.0173,0.0001893394465053433
40.2855,28.0323,0.00014589966556288747
40.2698,28.0145,1.7383170894946787e-05
40.3748,28.8777,0.2570171569395614
40.383,29.1417,0.06705118101748841
40.263,27.9947,0.00011157568945474594
40.7968,27.5132,0.011716061250482968
40.4162,28.9878,0.05041732278147748
40.4072,29.05,3.0923124924364664e-05
40.4788,28.8655,0.0007607568510746843
40.5042,29.0265,0.00036706558479038254
40.4423,29.0737,8.821895078936492e-05
40.4662,28.981,8.472112461732628e-05
40.466,28.9845,5.58301450803711e-06
40.436,29.0105,1.5036746652707933e-05
40.4447,29.0657,4.6138119870198224e-05
40.8092,27.7612,0.0036218250428305954
40.4227,29.0223,4.668805154772748e-05
40.4467,29.0452,8.68125052631008e-05
40.4423,28.9878,5.1518596184463306e-05
40.4303,28.9988,2.1784468641428134e-05
40.4105,29.0295,5.7712785403229994e-05
40.3358,29.2357,0.007480391673237552
40.4435,29.0345,2.6271686352163925e-05
40.3722,29.2028,0.0003310035135181133
40.4177,29.0182,1.7921724382308213e-05
40.4333,28.9843,3.083756347643796e-05
40.4383,28.978,1.4082080079025339e-05
40.3997,28.997,4.21858482153592e-05
40.4223,29.0122,8.38773528388792e-06
40.5233,28.9508,0.0011166954809690433
40.4567,28.9932,4.183113583577924e-05
40.4195,29.022,1.323811890863169e-05
40.455,29.0047,2.2533865265295105e-05
40.4532,28.9807,2.4030497537186335e-05
40.4275,29.0135,1.3221506497185231e-05
40.4505,29.0373,5.7250518212925705e-05
40.4523,29.0387,5.6059421509768725e-05
40.4243,28.9873,3.0990970504740645e-05
40.4455,29.0008,2.5101610296340837e-05
40.3935,29.0223,7.695223518344729e-05
40.421,28.9925,2.348944542485132e-05
40.4727,29.0147,0.00010742890873749467
40.4723,29.0142,5.366511362714377e-05
40.3375,28.0355,0.0009307556051074695
40.5935,27.652,0.024214466367722065
39.7667,29.4495,0.01882943492383038
40.4645,28.996,0.00018281023048127842
39.64,29.501,0.004526780629772409
40.6468,29.2215,0.026565635545848565
40.6392,29.2218,2.255238327608655e-05
40.6333,29.2215,5.354069268603823e-06
40.68,29.18,0.0006108530079604879
40.1232,27.6692,0.06297238063993604
40.64,29.225,3.8449684259367345e-05
40.6365,29.2382,2.7919875154713836e-05
40.6495,29.2273,4.2727605671810664e-05
40.6428,29.2425,5.541014344534467e-05
40.4075,28.4283,0.10705569241100366
40.4498,27.98,0.07207904289943312
39.912,29.7222,0.14967192980199695
39.7008,29.4703,0.0017563310427977097
40.3417,28.7322,0.059616675186748735
40.4263,28.9963,0.00021238794254729854
40.2143,28.0085,0.002608120259691038
40.5952,28.9642,0.007628035713666104
40.2765,28.0325,0.0007316769564827963
40.8797,30.4057,0.029210569728557845
39.6543,29.3598,0.004993534665331811
40.876,28.7063,0.013452391333297675
39.6805,29.518,0.0024237801167336093
40.0665,29.3532,0.08035433254508906
39.8153,29.6455,0.021617078063489448
40.5752,29.022,0.006380978633548806
40.2292,27.9762,0.0017902240261753466
39.6227,29.3812,0.0023437009446062307
40.4123,28.6242,0.13718081470101495
40.7462,27.4535,0.009769239115036354
40.4512,29.0157,0.0007159049267017048
40.437,28.6125,0.0037105221220687934
39.7098,29.5375,0.003254686251023431
40.7142,26.2418,0.8828167945186567
40.639,29.2042,0.001581099692129051
40.7282,29.0467,0.01040321522552301
40.7437,29.0587,9.929911417350112e-06
40.4045,29.0037,0.0006388495009914674
40.4187,29.0005,3.9225035890377846e-05
40.4653,29.0128,0.0005280395509611457
39.9308,25.6102,0.924742966963879
39.702,29.5173,0.0012690954385052855
40.7715,27.4778,0.005475221906452887
39.9085,30.3735,0.6781282430392414
39.8368,30.6535,0.34638260700608337
40.8098,27.7653,0.0032160302678845287
40.3508,28.0035,0.007793236624910271
40.4648,29.0022,0.0007513753921010169
40.3475,29.0692,0.02886658724996083
39.6945,29.468,0.0015508866600459914
39.8803,28.9057,0.004367310742510733
40.4565,29.2338,0.01540373541981277
40.4685,28.7052,0.12111179789684401
40.7325,27.3485,0.03347558210363155
40.4165,27.7842,0.0464828390725881
40.4505,29.1805,0.012572061980857474
40.5598,28.8172,0.13470335775441378
40.2627,28.0207,0.0014370652823300079
40.3203,27.4172,0.0888717449774089
40.3388,27.4287,4.663653643666166e-05
40.1267,27.0578,0.7884145759100101
40.34,28.5315,0.067540905918137
40.0865,27.018,0.008377335282511278
40.5807,29.0462,0.007535074437538536
40.8192,28.03,0.0267214581243449
39.6507,29.7702,0.37687048642775267
40.8357,28.0343,6.193723195935252e-05
40.8498,28.036,2.530256970578737e-05
40.3522,28.0305,0.004105962151763509
40.2993,27.9933,0.0008866096530795176
40.819,28.0805,0.004555198486318246
40.7442,27.4067,0.005472309760248373
40.743,27.3695,2.381277651952729e-05
40.4497,29.0333,0.0011430501868731069
40.8177,27.7897,0.005159803374694905
40.201,29.6482,0.03399052057828267
40.2048,29.2763,0.22306918122554176
39.816,27.4537,0.8034239208449301
40.8928,30.3307,0.12222981925716758
40.4382,27.9507,0.026377887199591554
40.4,28.31,0.05610491550822172
40.382,28.3115,4.192609935893543e-06
39.6875,29.4992,0.0017911530124035124
40.1312,27.7812,0.21107687799978503
40.8517,27.7815,0.014000554771502083
40.0492,29.0242,0.04274371555056333
40.4102,28.8023,0.03190080638985082
40.413,28.972,0.0015992576902658096
40.2733,25.7122,0.04671825835983934
39.6145,29.7932,0.07681584838793254
40.2527,25.7413,0.000511549253055632
40.361,25.9293,0.005639687044086794
40.388,25.9307,2.306934217399803e-05
40.4427,30.3027,0.49956581629912666
40.3222,28.0435,0.005974959689886927
40.3887,27.578,0.02467504973508483
40.4825,29.17,0.024512118150996853
40.2313,29.3232,0.08935851988387222
40.3887,29.0353,0.005324001238088849
40.7507,27.5858,0.03456762400637692
39.9658,27.602,0.46393710701821855
40.5892,28.9643,0.008106116766908755
40.8028,30.3593,0.21303978921143096
40.2957,27.3027,0.01836434310770696
39.6243,25.8115,0.7174960785627065
40.1992,27.8947,0.0640877389061989
40.1773,27.8988,2.4076525665828186e-05
40.4223,28.9915,0.0009110334135826736
40.2503,29.377,0.05699374555230696
39.9727,25.6005,0.07720871376155003
40.562,28.9883,0.006851301899928552
40.5903,29.0048,0.0002932941154574209
40.5642,28.9563,0.00037328438742956216
40.3938,27.6128,0.01567866287876607
40.4187,28.9882,0.00044665015788447615
40.3755,28.4313,0.08646961286563559
40.5815,28.9665,0.00041700288101542693
40.4267,28.9915,0.00024954328938386894
40.6117,29.0332,0.003161663569436368
40.6105,29.0423,9.32131787112489e-05
40.6097,29.0337,1.4785825169338906e-05
40.6067,29.0263,7.493081520926204e-06
40.6058,27.255,0.17345925325787503
40.7685,30.3215,0.02445513617620132
40.576,28.9465,0.0006934240730476215
40.6913,29.1453,0.021775560244718384
40.8112,27.436,0.02959085799842276
40.4052,28.9895,0.0006447302320987669
40.3223,27.5325,0.07173176460573849
39.7655,30.4758,0.14221247738244047
40.6943,27.4163,0.015335156216380597
40.2185,29.65,0.011292286135597962
40.6418,29.0482,0.005350778850353177
40.643,29.1032,0.0033513349728098163
40.534,30.1172,0.018078917421835428
40.8862,30.3975,0.016451722390534718
40.4427,27.932,0.015710063786390838
40.8565,28.0808,0.02413790945919303
40.6208,29.0453,0.0013082246926349184
40.59,28.39,0.7076974368864963
40.5632,28.3637,0.00013646458655824922
40.568,28.3647,9.62052347674991e-06
39.6218,26.4612,0.43783873369465653
40.2912,27.9028,0.035447341636832386
40.386,27.0627,0.13555554032946093
39.8663,28.2125,0.6125972137686493
40.2827,27.2138,0.16418687982842628
40.5847,28.9882,0.00222727932699196
41.12,28.87,0.018592439122093296
40.376,28.0893,0.033466406848112085
40.5837,28.984,0.0007244984994821957
40.758,27.4127,0.005560262516119963
41.05,29.3,0.042416701491759135
40.5697,28.9685,0.0008875242318292509
40.3747,25.8712,0.020550414128245098
40.9223,30.856,0.3593248021673855
40.4423,28.9897,0.0013255916771263143
40.4617,29.1917,0.009561505319471308
39.8035,28.7788,0.030494671283210928
40.7167,29.0868,0.017719293676216608
40.845,28.73,0.045644602475372165
40.5753,28.9713,0.0006063056136339506
41.7608,27.2607,0.4943313388745103
40.458,29.2083,0.0020277843391426353
40.2295,27.7883,0.1822713544970167
40.5803,28.3875,0.0023438323895725865
40.4487,27.9553,0.005974756980085538
40.3748,26.1005,0.07440172603533735
39.9267,26.9762,0.10086570902596559
39.8452,26.4143,0.7693466417040362
40.4003,28.686,0.07513052738008608
40.4232,27.6218,0.03057039398011574
40.47,27.9338,0.006588426584193563
40.566,28.7273,0.24764485773546951
40.3022,28.3432,0.13476400944092326
40.7323,29.1623,0.02957705660089127
40.5837,28.9943,0.0013814854213430872
40.4905,28.19,0.22590256063682268
40.4573,29.2025,0.002301643558281996
40.8765,28.7358,0.015378964102437331
40.1743,27.3388,0.10664785916917807
40.3837,27.042,0.014331370429823687
39.8068,25.7145,0.7025406534531093
40.5375,27.9185,0.09639858611491336
39.7278,25.605,0.11803533000878019
40.4692,27.8683,0.0333543061131617
40.5635,27.4023,0.08825809634724735
40.4608,28.9908,0.002248980028066283
40.402,26.1202,0.022490387540907708
40.2268,29.3687,0.03871203055546979
40.4658,28.0487,0.07984946936755843
40.699,30.3945,0.03991076638114088
40.2257,27.4042,0.13673098635824465
40.4137,26.272,0.08923363553451213
41.5113,28.4415,0.3189032539434019
40.711,29.753,0.8661871898376632
40.049,27.7277,0.3219130130702381
40.4888,29.0367,0.010641948880161012
40.8928,28.727,0.009981046599795484
40.6022,29.0538,0.004425049826982885
40.5148,27.5235,0.11295457117165852
40.3583,26.017,0.015451009793012727
40.2722,26.1465,0.1946857290102435
40.188,27.7808,0.11189420583343745
40.4768,26.4265,0.5339913351355653
39.8505,28.6105,0.23601296903514768
40.303,29.8377,0.7524677997042731
40.4742,28.7385,0.08054000938890427
40.7608,29.1662,0.02950147875226483
39.8828,28.7055,0.05279439093001659
40.315,29.0892,0.1031753183359072
40.1243,28.6795,0.08806661358354273
40.1017,27.696,0.0513596126917123
40.688,29.0768,0.021360917826541148
40.3865,27.8912,0.03579492409209606
39.8652,29.9352,0.2700443252794933
40.8183,30.0242,0.817888240756565
40.2628,27.2095,0.034737624638294884
40.2302,27.7875,0.011612089680365312
40.7047,27.3937,0.014351215168480591
40.613,27.7298,0.03538732576572312
40.4515,26.2588,0.04626412603181995
40.6267,26.9402,0.884093143793674
40.7622,27.471,0.009641818909684297
39.6657,29.5162,0.004853811768828931
41.1585,25.6327,0.9959997651121398
40.5627,27.2982,0.2068848784318147
40.5683,28.3793,0.007785203147279374
39.8712,29.9672,0.014101332094335284
40.3777,27.9272,0.02116156883027087
40.3847,28.2502,0.07358987655366478
40.0053,27.8555,0.1580920322502093
40.249,29.0065,0.053118422385864505
39.6107,29.3422,0.00785429224271006
40.6977,28.9548,0.10671182040370986
40.2858,25.91,0.17788274660416958
40.4565,27.8798,0.01603105548611261
40.8375,27.7775,0.01179384874306566
40.33,26.068,0.06324921843372977
39.9823,25.7527,0.6868781201655024
40.445,28.5993,0.04348123151529237
40.3785,26.1197,0.01244889597680654
39.8013,28.7187,0.12101997702585532
40.6508,29.0412,0.010131189810567487
40.1145,27.8105,0.08650295856688217
40.8542,28.1507,0.03230027802302837
40.446,26.3868,0.1086737529093671
40.4525,26.3873,8.826110856507974e-06
40.3185,30.3947,0.8601956353742525
40.3527,30.5363,0.19597909433682026
40.8337,30.8875,0.11514608722196995
40.4435,27.892,0.007298679675607489
40.2598,28.0287,0.006967787983457319
40.4373,27.9625,0.005992217799346888
40.3903,27.8667,0.009995529151925142
41.2847,29.076,0.9080653404463396
39.6367,27.995,0.1649663793152798
39.927,27.5393,0.43781371780593237
40.1363,26.9405,0.4979973986402586
40.3057,29.051,0.05888512718230843
40.1152,28.6497,0.029905368434873902
40.2565,29.602,0.12033088467642905
40.8195,27.5108,0.04219360838814701
40.6327,27.8258,0.05253880217225704
40.3888,28.0525,0.03329673694310187
40.7908,30.8578,0.026149390503774628
39.6172,25.9943,0.6088905217243452
39.8703,28.8182,0.024300890019660182
40.6483,29.0047,0.011307686646319204
40.3168,29.0268,0.006166355216421615
40.2955,27.3425,0.0715265512746932
40.6463,28.9685,0.004390434122948261
40.6538,29.0035,6.879045244956306e-05
40.8495,28.6868,0.030018936040160593
40.215,29.6662,0.017121408816543893
40.5485,25.6822,0.5394102586203642
40.8377,27.5378,0.007832083871624929
40.3768,27.0807,0.026224260946300038
39.8792,26.3308,0.6459607142487802
40.3678,27.0857,0.000523545190700303
40.575,27.3127,0.015210581416747582
40.3867,27.078,0.00020850871194122433
40.329,26.1887,0.11405443039915153
39.846,28.9032,0.010666124926026477
39.6443,29.0662,0.05506840803154778
40.4253,28.9945,0.0017847325226990618
39.66,29.376,0.005626216335708256
39.612,29.4813,0.006378231366012788
40.3697,27.8978,0.010873162979488149
40.7178,29.22,0.014439360493707087
40.8023,27.454,0.010528850867153272
40.4357,26.0452,0.033989850699191804
40.7773,27.3952,0.011702661771012535
39.8395,26.2243,0.40697468228533307
40.4557,29.204,0.006369505609173709
41.0025,27.4697,0.6005841900150135
39.7037,25.8282,0.5307492920985446
40.4712,25.8042,0.028515488454878613
41.7523,26.5183,0.9588850038085007
40.713,27.5292,0.038133479538081216
40.7313,27.3653,0.011903353243501114
40.754,29.1623,0.009833972051447981
40.421,26.2393,0.025538632960817487
39.7142,29.4637,0.004006044061838798
40.7977,30.8637,0.005172383871261621
40.0217,28.8402,0.06728206045744822
40.1292,28.7065,0.026242214053678325
39.6462,27.7372,0.17078171783554263
40.9673,27.5498,0.142825247162643
39.9922,28.8478,0.004505191717294688
40.437,29.1707,0.014028737927335388
40.8783,29.5787,0.5345654912105462
40.3852,28.7225,0.08585390708630236
39.8358,28.8312,0.014221707547354523
40.488,27.3033,0.22678564222384567
40.8018,27.5245,0.006742970280717797
40.3845,27.4338,0.07827066294987806
39.7015,27.8912,0.2962877218576425
39.7193,27.9087,0.001604449032447386
39.6165,29.3507,0.004510152890205177
39.9878,28.2065,0.6658525808297667
40.4305,29.2197,0.014359982265674365
40.3893,25.917,0.005803066234408516
40.1113,28.2822,0.23887977726421528
40.413,28.0002,0.029058918255752353
40.1907,28.9382,0.08833521790877996
39.8582,28.9613,0.014030409100775909
40.3972,25.9267,0.0010747227427188033
40.0292,28.4813,0.1291193185630637
40.2977,27.5267,0.044060888828137634
40.476,30.6863,0.3638997893476664
40.7197,27.3655,0.003993920834796327
40.4775,27.79,0.12362545340597664
40.368,25.8198,0.021382590597216256
40.4053,25.7813,0.012957463995666885
40.3237,27.4243,0.018117764745108622
40.3947,25.882,0.003597196952947468
39.7453,26.3973,0.5675407741033576
40.4475,29.1993,0.003609725680500997
40.1553,28.3203,0.08704476419748453
40.4362,29.1825,0.002420343923549728
40.4202,28.0535,0.028958736177391975
40.8488,27.2653,0.4054928104742985
40.7543,27.3952,0.004578558372549502
41.7525,26.5473,0.03269276383473585
40.3843,26.1773,0.03362987035061171
40.2875,30.392,0.092253211156337
39.6043,29.45,0.0059817211151397265
40.2603,28.1045,0.10076436546308754
39.8298,29.3313,0.05937751316789042
40.2263,27.743,0.08595713061253363
40.7132,30.6395,0.021715743841499324
40.1252,27.3365,0.14588156261834384
39.7328,28.8368,0.10916574979399996
40.5347,29.3453,0.3084945812308457
40.1697,27.7543,0.05136954434113428
40.3343,25.9003,0.030294351192621694
40.76,29.09,0.020000374787572994
40.76,29.09,2.078391943882707e-05
40.4868,26.4098,0.039538543288891836
40.175,27.3432,0.013976271139373608
40.4058,27.7672,0.05840341534567184
40.3715,27.0335,0.021178702852860165
40.0915,27.5133,0.23728125968537928
40.8185,27.7643,0.00855492583718176
39.7667,30.1517,0.1959442105174921
39.8683,28.8958,0.006429277378906195
40.8428,27.9842,0.04529685602970834
40.4705,27.1802,0.11683050890978908
40.4402,29.0165,0.0035301352330610047
40.6923,28.067,0.3412244399576525
40.0857,29.3395,0.04509725945710907
40.1335,28.511,0.4377714819303441
40.7708,29.2112,0.03018640966270525
40.7672,29.2035,0.00017138450265752336
40.6952,29.1935,0.008370982337135735
39.6232,29.4992,0.007596093813204474
40.8275,27.8975,0.03656880574122767
39.9935,27.6787,0.18859328838931144
39.8143,26.2105,0.062215346686024686
40.3515,27.5588,0.039964305352570895
39.7355,27.7313,0.4453449724639429
40.764,27.2415,0.08941863658578952
40.3538,28.2867,0.07745413615585461
39.6645,30.7643,0.5414732484575695
40.639,29.0162,0.00751287183070648
40.0475,27.5235,0.03097706789095056
40.0162,28.504,0.02714348619923823
40.452,29.2203,0.005284692994648066
40.7485,27.4562,0.009826680726429005
40.4888,27.4637,0.12684584050512848
40.7167,27.5103,0.006851646965402525
40.3355,27.8937,0.04841835774765646
40.3855,28.4273,0.04327653976056822
40.8013,27.5302,0.0072403612073299595
41.0162,28.4968,0.8321140608317456
39.8523,26.1283,0.20453460052123207
40.6285,27.2545,0.056970810348570544
40.7868,30.0902,0.44260945953579034
40.7477,30.0545,0.0016333697415482629
40.7852,27.523,0.0017467029099562659
40.6438,27.2412,0.0012429715438819766
39.8995,28.7257,0.04156114041904346
40.3007,29.2827,0.2279099856480179
40.1378,29.2832,0.08716602379182636
39.7813,29.1397,0.19862535288424676
40.4205,29.1993,0.00974655084327214
39.7135,27.8812,0.01669702575694698
39.8278,26.2687,0.07674181615979514
39.8077,27.8818,0.14502060918769777
40.9402,30.7528,0.4800779968955643
40.3488,27.3755,0.06589548771400622
40.3742,27.4915,0.0423107301598189
39.9042,29.0493,0.08554369785189497
39.663,29.5503,0.013132458053546125
40.4658,26.0857,0.06725869212098701
39.6905,25.687,0.40737799394675445
40.4785,27.1502,0.031773765241620455
40.6363,27.2482,0.0020729738303565393
40.639,27.2257,8.153809135658108e-06
39.8635,28.9108,0.005687411974940493
40.4045,25.8353,0.020972146266851843
40.3697,25.7973,0.006501028446444623
40.408,29.2397,0.023638287262539137
40.7797,26.3385,0.5184543259221286
40.4633,29.0438,0.008578400751292126
40.1352,28.178,0.3351511946807575
40.4117,25.6488,0.20091330335967927
39.9063,29.165,0.1269624918485941
39.6327,27.5458,0.5099228787644099
40.432,27.6718,0.12438787528817796
39.845,28.6948,0.07587100158230797
39.8215,28.7003,7.717271569895878e-06
39.7555,28.8478,0.006517136897055575
39.8385,28.6612,0.0007510831381710714
40.4092,26.0342,0.022289634634929167
40.3212,28.0282,0.018665846470161007
39.8365,28.7493,0.003490127651778918
40.249,29.2652,0.11795306819207307
40.7908,27.4337,0.012353074156347343
40.3628,25.8592,0.013176226524007517
40.6303,27.2387,0.001117747253021828
40.3167,27.0875,0.11044087117091228
40.3993,26.0073,0.005023851196341522
39.797,28.6375,0.014722162049311871
40.257,27.1715,0.056212182402107236
39.9102,26.356,0.24065787080779888
39.7643,27.988,0.2967896162908359
40.4137,27.0695,0.03461008653336384
39.7983,26.7402,0.18719048035090913
40.7158,27.4927,0.010990948997085415
39.63,28.547,0.1078146320819029
40.1263,27.7658,0.05043274943598175
39.6865,28.0042,0.19854947698293968
40.568,27.5397,0.1486700160338944
39.6392,27.601,0.10022742590007883
40.4493,27.6957,0.022198540083904095
41.0043,30.6835,0.060374956658379775
40.6685,27.506,0.020790466078119185
40.8602,28.4032,0.06243179234401963
40.8365,28.4223,0.00034389126861922303
39.6242,27.5423,0.008735009994943477
39.8753,30.1368,0.35691066790769743
40.4008,26.1728,0.021303979219610247
40.2128,27.5898,0.29239693717042703
40.3942,29.1545,0.03977046107643312
40.8632,30.8885,0.10310865258574353
39.8165,28.8903,0.028293393984645365
39.7662,27.7708,0.1293268176431095
39.7605,27.7597,9.141233237253132e-06
39.7697,27.8347,0.0015017392952588748
40.2802,29.4793,0.45926871417827775
40.7598,27.3988,0.006016794145640381
40.1515,28.9742,0.16728434796621394
39.6367,29.515,0.00759298140111464
39.7142,28.0007,0.024629488337182925
39.6865,29.5627,0.004122192537915126
39.703,26.21,0.2812582894580926
39.7507,27.7678,0.000573488912388842
40.611,29.0215,0.008128580968144283
41.014,27.4897,0.06585020676473563
39.7468,25.8213,0.24924230410572068
39.6282,29.516,0.001190528888098008
39.7567,27.74,0.0009136191032094176
39.7458,27.753,1.780735277556733e-05
39.7577,27.7553,3.802776110084505e-05
40.4513,29.1675,0.010884725747114188
39.7418,27.7583,2.832771607186313e-05
39.7255,27.764,0.00012360704237901476
39.7457,27.778,2.2202525612358137e-05
39.7382,27.7422,4.1996633771801406e-05
39.7633,27.779,0.00012031823381775109
39.7628,27.8222,2.043394183692815e-05
39.7548,27.8002,2.709714558191134e-05
39.7333,27.8395,0.0008846965522855132
40.183,28.126,0.17772155230798725
40.4672,29.2118,0.004120085044614363
39.7155,27.7418,0.0017378116161292922
40.4825,29.0265,0.009903387989002477
40.7308,27.41,0.007205360929397275
39.7595,27.7698,0.00029781244798154916
39.8487,30.1303,0.026428446667047356
39.7922,28.663,0.019545385823225958
40.2825,28.0133,0.007657179557819083
39.7823,28.6835,0.00014650150219153169
40.459,27.9483,0.019780187343965805
39.8352,26.7122,0.04392528570100973
39.6883,27.6303,0.07182946687281155
40.0848,26.3835,0.6424043957098949
39.7585,27.8658,0.007998565419621184
40.3677,26.1393,0.02905790070118497
40.3778,26.1057,0.0010615678940628648
40.8853,30.3642,0.08130522621423586
39.6403,29.5062,0.0026957641350681127
39.6077,29.4838,0.0002382527662820877
40.3553,25.9817,0.017266279776247173
39.761,26.7262,0.06977001084480616
40.3855,25.8313,0.008081866324984421
40.3793,25.8718,3.126296756739144e-05
40.3758,25.896,2.806380499942307e-05
40.361,25.9755,0.0003218397670153861
40.3682,25.9003,3.382413018104824e-05
40.3905,25.9158,4.6228869083231316e-05
40.5165,28.0872,0.1224039804521686
40.3975,28.6445,0.06435296409313507
40.3842,25.8753,0.00021858851932776702
40.3397,27.4278,0.019581806183564754
40.2037,28.9212,0.04156317979087032
40.4405,29.2118,0.005793595703701415
40.8473,28.6935,0.020447944851984312
40.403,26.1882,0.007544284763209674
40.7335,30.6517,0.025134972227537244
39.8437,28.808,0.018436287404599683
40.982,27.4537,0.06750631378063965
39.8062,30.148,0.06896888161965387
39.7268,25.7408,0.17236620855474638
40.2012,28.6625,0.3802997334255468
40.7283,29.9523,0.3923069576174387
40.6432,29.1277,0.030825959736895947
40.6573,29.0982,0.0015916652100420592
40.957,27.5055,0.06334412823404034
39.8593,30.1803,0.033214107430425965
39.6252,29.3587,0.005896962980414533
40.7155,30.556,0.03795780123536496
40.4423,29.2418,0.007250820164509175
40.6273,29.114,0.002337631105528759
40.3992,26.0268,0.007454657495730821
40.2543,26.0085,0.03444815602930784
40.7883,27.8992,0.09472204863135314
40.3538,27.2265,0.21300829736122195
39.9725,30.022,0.511389170394019
39.6412,29.0878,0.0340821962040081
39.6468,29.123,0.0007783345246498152
40.3498,27.5503,0.01750383969530478
40.8322,28.8528,0.0988040773366029
39.7043,29.1375,0.01863068708833493
40.5103,29.1232,0.0773610239407102
40.5662,28.9345,0.021807771733450276
39.6648,29.0878,0.004427323618458434
40.3295,25.726,0.07395966897951778
40.3318,25.9572,0.008096427191589761
40.048,28.8295,0.08909954518062779
40.0317,26.0525,0.7594289382737884
40.5327,27.5443,0.07048331599426216
40.4847,30.3598,0.5052913024136532
41.5145,27.9387,0.156095895880617
40.4188,28.9347,0.029188591629303873
40.5462,30.6178,0.24513478078748474
40.7878,28.0828,0.09424472288894803
40.7893,28.0968,8.437054720067394e-05
40.7748,28.0917,5.7692077037874157e-05
40.7703,28.103,1.7327088406848823e-05
39.764,30.5438,0.26318201756136106
39.887,29.2992,0.07115411535711436
40.8533,28.0438,0.010518762752520394
40.7715,28.122,0.0010851989089325498
40.5895,27.4415,0.05912050396565527
39.7907,30.539,0.006494474789248916
40.423,25.9095,0.009622053540281339
40.13,28.1,0.19771919447372321
40.507,27.4437,0.032989856949068974
40.4423,28.7738,0.1213000033298599
39.904,26.9237,0.41287869604978944
41.11,28.89,0.038742662511865866
40.6703,29.1855,0.022919359768708736
40.1445,28.9302,0.05411669259272911
39.9205,28.6545,0.1134597845689993
39.7318,27.715,0.008028958465204239
41.12,28.89,0.0026001455677022722
41.678,28.4707,0.9867065804515139
39.7502,27.8395,0.007494796292087491
40.3633,27.4172,0.02368466632369226
40.3313,25.8862,0.010656668502409983
40.4403,29.2352,0.0057364966362428715
39.7862,26.7582,0.028448268137961308
40.8445,28.1755,0.04768430158069392
39.9333,27.351,0.7110506212409473
40.747,25.7108,0.9211863007388859
40.4752,27.1088,0.09920509644184905
40.63,29.1133,0.005217506057966448
40.6522,29.1415,0.001166701666394876
40.2798,29.5515,0.16339996924392797
39.9797,29.4567,0.5811833185922493
39.6063,26.1057,0.7372945444363008
39.7682,26.6665,0.0787096413255991
40.7652,30.7122,0.15641909762107142
40.054,27.3182,0.422748240533509
39.8882,27.7293,0.3414140446402978
40.6287,29.1265,0.0018396875439294913
40.3443,27.7633,0.13505308638103297
40.796,30.7108,0.010616964143704721
40.7303,27.2428,0.12019772176222798
39.6228,27.9627,0.12544425787224955
39.8115,29.5823,0.11146283730607265
40.7387,29.1577,0.01718373396574746
39.6373,27.7597,0.06953594489479653
39.667,27.8057,0.0003444720926586431
39.6592,25.9888,0.22410268274893763
39.934,26.2602,0.16066678639915732
39.7537,25.8452,0.03675101003985748
40.8123,29.03,0.08126256894508321
40.804,27.7355,0.018471934598435213
40.4463,27.8188,0.09237980842937743
39.6608,26.0285,0.005135573804770921
39.6722,26.0267,0.00027701297750548637
39.6582,25.8215,0.08408217175414678
40.4537,27.8535,0.007156724550524074
39.6838,26.0005,0.0010700223599778846
40.3937,27.734,0.03540434792144742
41.0305,30.6697,0.03917638091691589
39.762,27.7705,0.0018098437328780692
39.6463,26.014,0.0013359557538449307
39.6633,29.3618,0.008944206066426985
41.0207,27.407,0.2928183097344713
39.6048,25.999,0.006669883356237527
40.7353,29.1222,0.013437628813625313
39.7478,26.1655,0.11977816150945397
40.9507,27.4523,0.06560448478715131
40.4137,26.1232,0.023776681242633324
40.815,28.0992,0.015216011981660005
40.8087,27.6807,0.017032532997973804
40.8388,27.7865,0.0009799393249086963
40.6552,29.3867,0.15052375708864385
40.7883,27.511,0.010872511681617292
40.7883,27.4975,9.257452037281233e-06
39.8422,27.642,0.12132736058448812
39.654,26.0277,0.0013678465633006898
40.8205,29.0108,0.01467292414569965
40.8157,29.0288,1.1015329580366107e-05
40.8653,28.3877,0.03146745576654442
40.7803,29.2302,0.030820645212923492
40.7352,29.0478,0.012754529813419513
40.649,29.1448,0.004002429843498745
40.9155,29.76,0.5119783871606587
40.1762,29.2445,0.171317204551089
40.6805,30.1395,0.08827801245660438
39.62,25.6962,0.382257997550002
39.6057,29.4097,0.007197711858324518
39.6173,29.3837,8.34746824355248e-05
40.362,27.9025,0.027060303118580542
40.3543,27.1362,0.07640001305123623
40.711,29.0913,0.004961330353534743
39.9997,28.6795,0.104875804162879
40.8023,27.602,0.03919069760082061
39.7768,26.4322,0.3133911630406023
40.0258,28.7112,0.00621492332017981
40.8008,27.7428,0.004228541182602075
40.7542,27.4193,0.006573439498144484
40.5067,26.3962,0.10190199165701608
40.4757,26.1507,0.052751528389715086
40.759,29.1978,0.008184281328008858
40.7673,29.1912,0.00018895115045625133
39.9515,27.1895,0.5605846190385623
39.6153,28.7917,0.10494259777241532
40.7108,25.6082,0.5637422567548002
40.414,30.153,0.36047834945596857
40.7285,29.9667,0.03163472946351009
40.804,27.762,0.0032236915450019055
40.991,27.4838,0.024811045750048222
40.8023,27.7452,0.0001559930295564893
40.1303,28.9518,0.02935317077886812
40.991,27.4487,0.0037676198438884034
40.7897,27.7288,0.0008808701178747436
40.991,27.468,0.0005992684035383
40.995,27.5078,0.0016483905076716265
40.2413,28.354,0.6020291672636227
40.3645,27.8967,0.004273964435467126
40.9637,27.4882,0.001925165831017539
40.4985,27.7902,0.04687847472659268
40.754,29.1377,0.00714284686815625
40.383,25.8182,0.006476197990559873
40.1402,26.0103,0.5739577225433891
40.9797,27.4422,0.0011081101044535524
39.7705,26.4515,0.009898951557425262
40.7613,29.1952,0.0015672375979155495
40.7187,29.2017,0.00010189137572180762
39.9435,26.2148,0.06882916559962426
40.1848,29.6292,0.10985742392716047
40.2822,26.0628,0.10069557401218976
40.975,27.4877,0.0010415362424758268
39.9602,29.207,0.3537450569345677
40.9895,27.45,0.0006771823754426753
40.4423,29.2055,0.0065892761620683915
40.8073,27.7692,0.0013537542107839862
39.6105,25.9253,0.0888493688990335
40.7623,29.2102,0.0013358484941208282
40.7617,29.2177,2.0398299345081305e-05
40.6647,29.3745,0.016154287374384624
40.7172,29.0735,0.006212413855250731
39.6848,29.5575,0.012014978805552246
39.7083,30.1922,0.10249267590816735
39.6237,26.4083,0.24197317276212527
41.1065,27.5755,0.3013619581936975
39.9273,27.0428,0.19928241824700244
40.6137,29.2657,0.04511752236543265
40.4015,29.1817,0.019409846761654248
40.0665,25.7282,0.6923269451773069
40.3575,27.6375,0.10879198468467954
40.4575,29.0065,0.006750482471278296
40.9572,27.4473,0.004059641823264903
40.7093,27.3885,0.014993357155824172
40.7615,27.3658,0.0016933933102341037
40.8797,27.9498,0.12364388619944988
40.7977,27.7477,0.0014052617633029119
40.581,27.9562,0.3491529926130451
40.1402,27.2912,0.18268283642515903
40.4428,29.1733,0.006413646562808406
40.4628,28.9138,0.05974903815629662
39.757,26.0795,0.11254419834090212
40.6452,27.7792,0.1260695072575102
39.6532,25.9678,0.012868292963172379
40.372,28.2695,0.06417247205982923
39.651,27.7013,0.10453761581774312
40.8485,28.302,0.0850849765130165
39.8803,29.2785,0.02952234866141923
40.0997,29.1257,0.4325499967468248
39.8,30.5592,0.02757817524233308
40.5347,27.755,0.08352883152718871
40.4162,27.178,0.09652545838285176
40.6168,26.7208,0.9535827456115856
41.115,29.8075,0.9742070593436989
40.3833,25.8103,0.004956999946645113
40.3637,25.924,0.0011733907266691102
40.6162,29.0072,0.013714564022757725
40.6252,29.0198,8.620227950673076e-06
40.6283,28.9783,3.363470373551891e-05
40.621,29.0193,1.971503134889918e-05
40.6453,29.0743,0.0007535865729492164
40.624,29.0385,0.00010413127422692625
40.2088,28.6008,0.37085861338511594
40.3253,29.0783,0.060093790448296214
41.13,28.85,0.033435115063182974
40.6233,29.0208,7.349439384707335e-05
39.757,27.8613,0.014476981713887005
40.7933,30.6647,0.07748284709448805
40.6637,29.3795,0.006825477246776179
40.4455,27.6528,0.058554012389561705
40.8282,30.8485,0.056142361661081
40.8625,30.3955,0.07515763416559262
40.1738,29.9357,0.8153912878435294
39.798,26.7078,0.03677911869730954
40.2373,27.9858,0.018277955175617366
40.2373,27.9585,2.8939132760474884e-05
40.6198,29.0175,0.00020632636895667744
39.7872,30.7868,0.27857027496753217
40.6125,29.0498,0.000660329495831391
39.8133,30.473,0.06411369629132802
40.4222,27.9647,0.0338766481586098
40.1095,26.9987,0.2841520908804339
40.6212,28.9822,0.0009633706413142429
40.651,29.0465,0.0012308533485317907
41.3795,28.9118,0.9687321703658045
40.3688,27.2025,0.04292698300789455
40.7645,29.1797,0.0042655448825773545
40.6565,29.2102,0.009040482650927162
39.6177,27.7892,0.06729327424259701
40.8033,27.959,0.08939968321657943
40.808,27.5562,0.025302357001174447
39.8378,28.6463,0.030622219552897678
39.8262,28.7293,0.00915067487527721
39.645,30.7203,0.2715849889006342
40.816,27.9085,0.006776168848638409
40.8537,30.382,0.006121609371701253
40.5987,29.0063,0.0012886125848866614
39.7258,26.4712,0.160007308893661
40.328,25.6973,0.05106587609822677
40.1298,29.5532,0.547638269485766
40.5865,29.2615,0.032448087886179144
41.445,28.0973,0.9331024974144266
40.6488,28.3762,0.5565746024538964
40.3032,28.1638,0.1625533639230039
40.6153,28.996,0.0006893366922318123
40.7617,27.3373,0.02462889602397722
40.6333,29.166,0.011003779395608926
39.8858,28.3858,0.7133187733437162
39.6045,28.6123,0.1817732863877204
41.2465,28.2568,0.9180140951787082
40.6263,29.15,0.0011352457915105862
41.0235,28.7718,0.43122949309083014
39.9577,27.3452,0.0912810131545958
39.8105,25.662,0.34377116173997446
39.821,25.7227,0.0016810850231249175
39.84,25.6,0.003506811605282323
39.779,30.5832,0.028704795379716486
39.8327,25.7175,0.0001702286674570841
40.537,29.1605,0.042313313674314346
40.6152,29.028,0.0008390490053178379
40.6155,28.9655,8.087163093595251e-05
41.052,28.8167,0.024525372370949317
40.6847,30.7613,0.34871076427916803
40.3818,27.4163,0.019170742960552878
40.3777,27.4612,0.001047557620235673
39.7727,26.0672,0.026029307682881808
40.6085,29.159,0.0027008094617143596
40.3845,26.0305,0.01664377198967404
40.7078,25.6235,0.014521947062978713
40.6978,25.6075,2.1283334578070523e-05
39.654,29.5323,0.010582461793731901
39.6183,28.5008,0.18057564564305073
39.6158,28.537,0.0031239003731837744
39.807,25.6525,0.0017231039589015174
40.8457,28.8642,0.04701735807415719
40.6317,25.7765,0.2911165205784605
40.6355,28.8642,0.09137070930119573
40.611,29.0332,0.0008756391521026474
40.1648,26.91,0.30119325963362575
40.5645,29.0757,0.0006674244692889131
40.4503,29.2278,0.0071183407108611485
40.842,28.609,0.2532672255446825
39.6112,29.4832,0.007536057282885755
40.8282,28.91,0.020125009081876644
39.7185,27.6308,0.1536478912922946
40.2308,29.2522,0.1096266689107569
40.6003,30.7477,0.36976167656307546
39.8493,29.7908,0.4772037543158447
40.0635,28.2745,0.5028677862178966
39.6267,28.5313,0.0020881470485415443
40.4205,29.1993,0.006702363503251041
40.2928,27.1537,0.12913068848784048
39.8157,25.6875,0.004070243638374382
39.8992,25.7778,0.01761183005257172
40.23,29.18,0.0576835691249028
40.228,29.165,0.00014267906202647396
40.9975,27.4947,0.007182396108892375
40.1605,26.8633,0.02136894866416872
40.158,26.865,1.973303751723332e-05
39.9563,29.1598,0.10066914191598464
40.7198,29.7173,0.2911086227788998
39.9277,29.1363,0.000597901725125749
39.79,25.62,0.009211876052700796
39.8362,25.6917,0.0005579252153664616
39.8488,25.7428,0.0001411900382185527
40.4532,29.0033,0.004831125939125824
40.3858,25.6587,0.11711363366157124
39.868,25.7587,0.0006731714343550799
40.1585,26.9157,0.0016542758106666833
40.168,26.845,0.0007952270496445202
40.1633,26.855,6.239233969829172e-05
39.6823,30.7998,0.20611535214395882
40.3593,25.6468,0.0041255522753183005
40.1547,26.9597,0.0024299424126194014
40.135,26.8688,0.0004087290193770521
40.1572,26.881,0.00011216614573306138
40.152,29.3407,0.09486063128275124
40.2013,26.885,0.002134852814908328
40.5142,27.7542,0.03508022930260646
40.6222,29.2597,0.01245385198596205
40.6522,26.8378,0.6900015403865163
40.1208,27.5778,0.14514965878203046
40.4878,29.1248,0.031090993328260375
39.6087,29.3988,0.005272962908502432
40.1673,26.8533,0.0004669149576060905
39.6382,26.0407,0.01852548852902891
40.6205,27.974,0.1870525059105168
39.6615,29.5887,0.025517561738883532
40.1443,28.0643,0.15589881973675102
39.655,29.5245,0.003637032827943365
39.6822,29.4858,0.0003253560625804397
40.3895,29.211,0.019979113151583405
40.7392,29.9987,0.07037860273687158
40.9868,27.4635,0.004108007692803284
40.6448,29.0718,0.0046678463264369086
40.4252,26.2812,0.052039054259145456
40.6343,28.9378,0.013215935121485334
40.6347,27.3735,0.09861949035643636
41.8948,27.1203,0.9908774115410915
39.7313,27.8563,0.017685797028886507
40.6425,29.0435,0.0023731153734316557
39.8327,25.6978,0.0022661426355126135
41.557,27.875,0.6938920162812626
39.6762,27.9887,0.07415279649567619
40.7377,30.6715,0.030513830915176343
40.8062,27.9488,0.014326125600017003
39.8158,26.1303,0.16252798415235958
40.375,27.1035,0.027957342476611857
40.5,27.8,0.021287145823055242
40.8103,27.5742,0.01165817323929319
40.0435,28.7998,0.07756795272836847
39.692,30.7748,0.01856093276523596
39.7042,29.4498,0.00578639141816728
40.7472,27.498,0.02042957092648312
40.2775,29.6057,0.10789617056806866
39.7943,25.6372,0.0035255770155182553
40.8275,27.8622,0.03434571012170606
39.8642,25.7085,0.0013040881018087092
40.136,26.9013,0.005712841835827653
40.6337,28.034,0.1320215515101958
40.6222,28.0267,6.870954265736362e-05
40.6282,29.1677,0.0047451976134361695
39.7725,25.6583,0.0028041741405304688
39.9712,25.9588,0.2588524074257068
39.8125,25.6982,0.00202457964759728
39.7732,26.7268,0.025701352305198544
40.0492,25.629,0.2708447195534761
40.18,26.92,0.005249091004960849
39.8698,26.3788,0.2529329376333853
40.1508,26.8998,0.0006232580150568046
40.6353,29.1417,0.0026343845573855162
40.2095,26.9157,0.0009867188170409324
40.1915,26.8968,0.0002631331264619785
40.1632,26.9182,0.00026568720939246226
40.2203,26.8513,0.0002964135240197674
40.1455,26.8922,0.0001839944690087414
40.1818,26.821,0.001880679160007226
40.1958,26.837,2.0477508388072607e-05
40.6362,29.0505,0.0021392727810550793
40.6555,29.0415,7.125391278217652e-05
40.1613,26.9085,9.149610997283286e-05
40.155,26.9052,4.22749093280661e-05
40.456,29.2057,0.005728896529332839
40.582,30.4663,0.41490161097929446
40.8185,30.5993,0.09752059404408853
39.7762,25.63,0.0015328286586465678
40.7503,26.915,0.744844412211851
40.1897,26.8958,0.0002368464114004265
39.8302,26.1117,0.014924957227662072
40.4475,30.393,0.20438121477820803
40.1362,26.9267,0.0006499291655700512
40.4158,26.841,0.314037124159973
40.7132,26.0652,0.8750528256031027
40.6083,29.0487,0.0019780746309892017
39.7917,27.7485,0.02719288620248339
40.1632,26.9147,0.00020875737561465435
40.8857,30.378,0.02204815019781703
40.8233,28.0287,0.026363510791883926
40.1717,29.5667,0.1897744668355923
40.6692,30.3775,0.1103787317153202
39.6783,29.5108,0.004729132562964589
39.7147,26.6628,0.18143864798196185
40.3218,26.9832,0.11329818914504697
40.317,26.9103,0.0007704888781078223
39.6402,28.0383,0.15295611918656393
40.3745,30.0188,0.7152845220733395
39.6173,25.9855,0.017603808053714087
39.9983,30.7013,0.9213966498572363
40.6275,29.1187,0.0029451000924850534
40.6142,29.1265,1.3756523497776563e-05
40.397,28.9087,0.07088375831116511
40.6308,29.1298,3.421201913211824e-05
40.6315,29.1192,5.520656586210926e-06
40.6693,29.128,0.00032506261199016784
40.6648,29.1222,2.5662361726297434e-05
40.6657,29.1282,4.119041992656225e-05
40.6335,29.1272,5.612797249776591e-05
40.6692,29.1488,7.718093115471891e-05
40.6615,29.127,4.315221067474617e-05
40.1942,26.8182,0.0018648921581116973
40.5675,30.676,0.266105335364197
39.8507,26.6963,0.06680130479888435
40.3907,28.0287,0.07038359903530977
40.3762,28.0107,9.184822125518632e-05
40.6382,29.1382,0.00021157659392423422
39.6673,30.8478,0.10085298130662046
40.354,28.0297,0.00040205549682226227
40.4108,26.1327,0.018791415711399195
40.1648,28.7355,0.1262578924432205
39.71,27.9793,0.04263276940864469
39.6063,29.4728,0.005854991826639289
40.1655,30.0135,0.5137956308323143
40.213,26.9663,0.008758430774861714
40.438,29.2078,0.00394178207845175
40.6612,29.0703,0.0020642410102762465
41.5578,27.8995,0.020018543529308652
40.4505,27.8875,0.027901150041545586
40.4705,27.9238,0.0004903946616441335
40.8493,27.8748,0.02038055956895779
40.1653,26.892,0.0007372253508046711
40.7385,29.2495,0.024903300428689046
40.2615,30.0112,0.3147181733560249
40.6152,29.1333,0.0009597077507090823
40.4245,27.9553,0.009518979434742003
39.7937,30.5698,0.013071718637782781
40.6327,29.1252,0.0004767581292135503
39.8058,30.5477,0.0009068903518205662
40.4305,29.241,0.0067117404440451
40.4637,29.204,0.0032084871071490495
40.2927,30.0177,0.013834690772305924
39.6565,29.519,0.0035669598977839945
39.844,25.6532,0.011496689917582459
40.4362,29.2047,0.0015545307002784448
40.4132,28.9998,0.006442286587614587
40.6125,27.5748,0.1271521955190874
40.6562,30.1468,0.09369273829442182
40.6747,29.4173,0.05786731008339285
40.1587,26.9023,0.000632966593584916
40.1868,26.9177,0.0007297565039399156
40.4612,29.1822,0.0025322424418937617
40.8127,27.7873,0.010084577078346424
40.7252,27.5772,0.013900703178446827
40.426,29.0177,0.0011311810115124388
39.7032,29.5127,0.005540914912881334
40.22,29.6963,0.13410064583059256
40.2283,30.0127,0.022535999553167763
40.7958,26.0723,0.5061486117930236
39.6047,28.5053,0.017919165562749195
40.2143,26.886,0.0027666924747613564
40.8793,28.8263,0.13904886641588232
39.602,29.4958,0.00533742602126086
39.6825,27.964,0.019662523481282723
41.7807,26.5833,0.4922440222776038
40.6847,26.3075,0.5842785512669948
40.4175,28.8645,0.04947105896820192
40.2092,26.9038,0.0006967710521981196
39.6448,29.0798,0.021105194671483418
39.902,26.8635,0.22906823571077006
40.6883,27.4527,0.02764683928831102
40.7862,27.7647,0.005514767285193289
39.6385,28.5282,0.007430869821576369
39.8787,25.8018,0.03929158284820089
40.4193,29.0267,0.0014903639649667122
40.853,28.1447,0.03223012637268752
40.358,25.8532,0.009410845317333938
40.2875,25.8817,0.002774683364259345
40.3507,25.769,0.004282941523910733
39.9513,27.4265,0.36035683243704797
40.4332,28.7188,0.15015094686699415
40.8217,30.8752,0.027576070132528274
40.4347,29.0182,0.0011315551669149881
40.0073,27.7137,0.1592001817521287
39.9952,27.6677,6.435441798602337e-05
40.0038,27.716,7.431318871820025e-06
40.398,27.1297,0.03649921578371407
40.6483,29.6923,0.5826346918272018
39.9977,27.7615,0.0008539577162545164
40.0453,26.9835,0.16245658493934145
40.1612,26.9083,0.0006696429978049201
40.1147,26.9245,0.0036430470010628824
40.1467,26.896,0.0002108746547022644
40.3972,25.9347,0.009071657174638093
40.4052,25.9252,0.0004094863853907338
40.7408,27.3612,0.014416451259785634
40.7223,27.4085,0.0009248965049006852
40.3702,27.4412,0.01323841034479234
40.2558,28.0212,0.015826913483043326
40.1475,26.8942,0.0005974956835587131
40.7258,29.1538,0.01583085471742396
40.2745,28.7887,0.1792042647282044
40.6963,29.1525,0.004345867675137782
40.3662,27.5875,0.04681795881209738
39.6653,26.3792,0.17674180922104976
40.8505,28.342,0.06156707510799597
39.9357,28.7635,0.042298498517845395
40.8495,28.022,0.02261019116312235
40.819,28.09,0.004332187504910823
40.1365,28.3843,0.5234746070728411
39.8492,28.7722,0.03323528206159698
39.8775,28.7833,0.000489119170802188
40.6385,26.6875,0.20286819465397898
40.4188,29.211,0.005329577485706616
40.7657,27.3155,0.016219005442928647
40.001,26.9733,0.09228340452194572
40.4075,27.1085,0.010861959072756555
40.0233,27.0172,0.0018174471440319806
40.2042,27.452,0.2652569355174398
39.8192,30.4828,0.026265864429361074
40.0247,27.006,0.0006541271277715754
39.6502,29.38,0.008596809110540837
40.2982,27.4993,0.048496625723909226
40.8262,28.8328,0.03346063752479145
40.1212,26.9728,0.015051066372748556
40.0663,26.9402,0.0009990032645589286
40.4423,29.202,0.002466876508888438
40.3238,25.6182,0.16276134798908748
40.6052,29.0292,0.0027799751090923364
39.6542,30.4198,0.609248157383476
40.6655,27.5018,0.02231797171665817
40.763,26.1477,0.3491879361801806
39.767,27.9057,0.06116407994092288
40.3597,29.1332,0.06011840218462916
40.834,27.956,0.027059613827922657
40.823,27.9592,7.822908618460023e-05
40.8872,26.4678,0.4986486703995935
41.8845,27.4552,0.9847566204369507
40.3992,27.9388,0.028394960519984802
40.2805,27.4973,0.00607264941131036
40.0138,27.7765,0.01396591607526132
40.6213,30.3108,0.17667483610811197
40.1603,26.9087,0.0009743666688645236
40.3917,27.0832,0.011584642413051127
40.8117,27.3975,0.060174961143022676
40.3717,25.9303,0.0064951100400899575
40.0848,30.0302,0.5842604059856786
39.6422,27.1257,0.39727286672404427
39.6077,29.3527,0.009520186747972503
39.7548,25.6952,0.03598575441721552
39.7738,25.7097,9.23470817679739e-05
40.8093,27.7632,0.004487261203287685
40.7097,29.117,0.011618193445469771
40.72,29.1162,4.751024784477309e-06
40.4108,29.2188,0.004383725636859626
40.2562,28.2905,0.4433424570648232
40.7193,29.1178,5.2736028842148563e-05
40.7312,29.1237,1.889359432016846e-05
40.7282,29.1105,4.451028075558305e-06
40.635,26.5807,0.5802428097076439
40.2405,28.3342,0.007387867326853037
40.57,28.88,0.11083505079505929
40.6343,29.1728,0.0045258990844401215
39.8348,28.6347,0.027552240259716698
40.0583,28.0873,0.36293524424072265
40.7507,29.969,0.04410692874834499
40.1673,30.0312,0.02894004393322236
40.2263,27.8848,0.14553624602167414
40.0397,28.026,0.022054352157087065
40.4065,26.3617,0.23930357987887985
40.451,26.1117,0.053143341919531295
40.4568,26.0963,2.2316595395421857e-05
40.0632,27.2075,0.4029961845850395
40.6615,26.7192,0.1046764434146028
40.4175,26.0765,0.006306794956292494
40.1883,29.6295,0.029089338516090746
40.6313,30.3172,0.005619271105857915
40.8243,27.6858,0.023646279819587557
40.8815,27.8032,0.010532364586759435
39.79,26.078,0.042456574163522554
40.7787,27.4748,0.01571352837970219
40.3733,26.2683,0.06488697208856276
40.0228,28.6658,0.10062072535852462
40.2548,27.1428,0.08664691719719675
40.248,28.9762,0.13251162257052007
39.62,28.32,0.7753524538587532
40.5872,29.276,0.025395139875228012
40.7632,26.1132,0.03361177393752346
40.3597,26.1588,0.03901720279686216
39.9645,26.1552,0.38918839312403664
40.9267,29.8735,0.7640987123722291
40.3502,29.9992,0.09946562376258761
41.0835,27.3778,0.5688018213915436
40.9017,30.6598,0.5618619678370305
40.6712,27.381,0.028133821373727108
40.6277,27.78,0.061070331101467534
41.0673,28.8887,0.18610509540693854
39.8032,26.5737,0.5098928255751185
40.7637,29.9325,0.031951258772878965
40.0478,30.0103,0.07413607399854638
40.4152,27.376,0.09243130523132903
40.245,30.0113,0.017171202656012907
39.8185,27.8058,0.12404971306779444
39.7658,26.0303,0.048739279754065334
39.8693,26.0852,0.0013636363351819947
39.8183,26.0763,0.0003918883516373928
39.8178,26.0688,1.428361013933177e-05
39.8272,26.0745,4.4598529994943625e-05
40.796,26.0323,0.08855283719050877
40.041,27.0337,0.02405351601337169
40.82,27.7475,0.005309543212838608
39.657,29.514,0.004759218029302348
39.7368,26.7727,0.18822024233098944
40.7503,27.4557,0.012161056824555927
40.2378,28.3843,0.0703258858443675
40.7285,27.3642,0.005863904470460479
39.9713,28.101,0.06060897969992918
40.6818,29.0577,0.012445882167696043
40.0757,27.4832,0.21039433840176658
40.6412,29.0247,0.004274519938854082
40.7427,27.3775,0.002329091019188878
40.7215,29.2225,0.014214804168162898
40.653,29.3868,0.01817880888999346
40.718,29.3475,0.032880890255888695
40.216,27.7787,0.08853366845758825
39.638,28.5153,0.00987406038301264
39.7927,26.818,0.14605264179432131
40.7107,29.3743,0.0038786094032772223
40.3845,26.0938,0.01988804356357532
40.405,26.067,0.0004157286424578688
40.0133,27.3535,0.22827627802326234
40.6485,29.0518,0.0029353397097877654
39.9417,29.1312,0.03516292726986925
40.7948,27.727,0.006437532056860595
40.4337,27.5003,0.12305333838719124
39.7508,25.7605,0.062454629839245546
39.7888,25.7747,0.0008847028146171665
40.7995,27.719,0.0006918771479433872
40.8083,27.7163,2.745176242102687e-05
40.8322,27.7822,0.0022641313396600804
40.6327,27.7432,0.026332278536603804
40.7662,27.7128,0.002228120560766489
40.5503,26.5605,0.6304086463514512
39.648,26.0067,0.014297120366234761
40.6307,29.0133,0.002281711443885115
40.7475,29.2005,0.004944189228640261
40.5673,28.8387,0.038815874887181634
40.6928,30.6725,0.08865442329233264
40.8283,27.5422,0.026440150434897003
40.709,30.6315,0.001353898997504377
40.7307,30.6468,5.034924279612163e-05
40.7123,30.6478,2.5699838825388177e-05
40.6258,29.0298,0.00030419069375198227
40.3873,27.6322,0.05823759582073729
40.7295,29.0078,0.01866697828525199
40.7872,27.5352,0.007574671243729347
40.6567,27.7842,0.014105791762785258
40.3537,29.082,0.053552308425586004
40.6105,26.6152,0.09420480206572257
40.6215,26.5835,0.0005039973755892602
39.7322,29.2408,0.2588375914103195
40.987,29.3415,0.5792162214829222
40.5728,29.003,0.0052242567063064405
40.4213,30.0253,0.2358129189247936
40.2308,28.3247,0.01540235543399271
40.6913,30.6153,0.0017183432361523865
40.3378,25.9388,0.02064008274215756
40.4263,30.0275,0.0006148153017607738
40.0925,30.7072,0.8680776767014808
40.7283,29.201,0.0034203986968485145
40.677,29.1908,0.0021177518380878224
40.7125,29.2217,7.202531753147667e-05
40.36,25.93,0.0013577889914511143
40.4163,26.943,0.42521677152371296
40.0288,27.6112,0.14426140139352506
40.1552,29.9702,0.10359444256905603
39.7573,27.8473,0.014694121508971758
40.597,30.3592,0.1094708607219339
40.609,29.0403,0.001495663521165591
40.2912,29.6642,0.14644486532958823
40.6235,29.03,0.0003729126300515695
39.6243,27.973,0.05147753843189562
40.0777,28.2902,0.07651242452154161
40.5872,29.2902,0.015144272350100074
40.2458,30.0048,0.00688747581228899
39.9867,28.0955,0.013037881140583574
40.7868,28.1202,0.02826246114615616
40.8337,28.6428,0.12150686112348075
41.544,27.942,0.10897233734306355
39.6285,26.0225,0.009552334437588517
40.4138,30.1352,0.05762957598174445
40.7423,29.1698,0.005888388378299747
40.7685,29.1863,4.189185708702858e-05
40.8695,28.8423,0.03335920648842827
40.4242,30.0275,0.0022683529175938633
40.4423,29.2553,0.015036534440435623
40.5833,29.2898,0.0027763263084776835
39.8225,28.6668,0.025119288243327653
39.7012,30.8093,0.057428066760422
39.7412,27.7178,0.020660064320458305
39.9662,28.0753,0.01198475770795282
41.0658,28.361,0.30213824531142697
39.7113,30.8183,0.0017270413996297584
40.4777,29.19,0.012553732398076778
40.2718,25.7668,0.13405912799328779
40.2688,25.9602,0.08207099505992188
40.2758,25.8312,0.0008505404560972263
40.5905,29.029,0.003456790219778405
40.4332,29.0242,0.005131733369412417
40.6507,30.6255,0.0370556752277863
40.2572,30.0218,0.006740681664254788
40.8693,28.7263,0.04050771330035374
39.7637,27.8908,0.018232969692511758
40.7313,27.286,0.06785687348867941
40.4352,30.1445,0.015649514878441684
40.2675,25.6158,0.21408351572678164
40.8717,28.7558,0.0012979806870648813
40.3995,27.4302,0.01862565645558434
40.0955,30.5437,0.7951556158832007
40.3787,27.2138,0.03417345083655299
40.634,29.0642,0.002733031241564765
40.8342,28.868,0.01547403495838795
40.8328,28.702,0.005151501192550256
40.2242,27.7282,0.06915789738571365
40.1477,27.36,0.12153479236107723
40.721,27.5307,0.02772286039376093
39.8435,26.5477,0.16128036271836688
40.1962,29.6225,0.015587113914251272
40.3342,29.9022,0.2543863897181665
40.6208,26.9928,0.5450821463290689
40.6552,29.008,0.0035900053774738927
40.8872,26.2525,0.49302383027253116
40.1613,25.977,0.2120078510495832
40.0842,30.3865,0.5099064715743966
40.4623,29.2117,0.003835993959541928
40.3488,29.9602,0.011844868220974303
39.8487,26.5553,0.0010385049487857678
39.8343,25.7157,0.008990988112062226
39.7107,30.7743,0.012788404646548512
39.7332,30.1843,0.08009512142680286
40.4503,29.1365,0.011684680976341788
39.6983,30.2352,0.006357212567009718
40.534,26.9957,0.14919904020544317
40.4915,27.4308,0.07671358644572235
40.1432,30.0212,0.03864686722352606
40.8733,28.7298,0.0016041888498284917
39.9288,29.164,0.027355788515333157
40.108,27.7595,0.11116594682191883
40.4717,29.128,0.002706302281074602
40.3413,29.7038,0.1679374571708946
40.5813,29.0368,0.0026949322904281647
40.6255,26.6203,0.014628424368299142
40.2588,25.767,0.006413119933871281
40.4312,28.996,0.003932741332666301
39.6278,29.5147,0.008812202762869425
40.4433,29.2038,0.0023004550766185794
40.4727,28.0933,0.24751739881078205
40.643,29.0308,0.0015096972270319808
41.556,27.9375,0.011360848380175925
40.4148,27.0007,0.09704425046265719
40.7432,26.1068,0.054740635530592496
39.609,26.0162,0.01624823695368416
40.4605,29.2093,0.0010766750068693653
40.4048,30.028,0.00765359867801696
40.7893,28.7427,0.06611003161442985
40.7667,27.388,0.0116074811329
39.9087,28.6947,0.07679607085469242
40.1308,27.2993,0.049905350123683134
40.3907,25.9808,0.019493619689289088
40.1487,28.3017,0.10059891287856082
40.1452,28.2907,7.339394673744337e-05
40.6918,27.3892,0.013969507238990375
39.7513,30.7697,0.036748061244541885
40.6885,29.2295,0.011490010362334324
40.7498,29.2448,0.010795428478008073
40.5003,30.139,0.15239371038921745
40.4493,30.7148,0.2729233276515739
40.4453,26.1702,0.07698146789089977
40.6218,29.0888,0.005355800975348268
39.9988,28.1533,0.09763125965887487
40.1845,28.9008,0.09229187530056937
39.9718,28.1777,0.0009890053964777268
39.98,28.176,0.0001645788279128757
39.9733,28.2352,3.650764070539658e-05
39.9807,28.1657,8.214087951874394e-05
40.1222,30.0328,0.020002780362422423
40.5877,30.3687,0.015006834529542878
40.8268,26.091,0.1391775542601883
40.1877,29.5828,0.039282147182724714
40.3632,27.9947,0.025922734060512376
40.4258,29.2227,0.004552260790124052
40.8033,27.9605,0.014564862499200859
40.3627,30.0265,0.0221682862608924
39.7527,30.8118,0.021396101907961596
40.7167,29.1277,0.004220732903737923
40.6033,29.03,0.001420174495673665
39.9765,28.175,0.000544734579835171
39.6328,28.1525,0.44626913771434173
40.2662,29.0837,0.21399848647870845
39.6477,30.6765,0.12342797234221625
40.5082,30.2922,0.24845850215635112
40.3675,27.3697,0.04504010206582576
40.2612,30.0298,0.006062491646620538
40.5928,30.3577,0.0027838708368856935
40.6158,29.0365,0.0009408845058112014
40.8282,30.771,0.2862338418120195
40.6055,30.3787,0.0024295407785686063
40.7793,27.5557,0.016482305846414302
40.4128,28.9563,0.016174957046575456
40.3938,28.9542,3.101144939066103e-05
39.6465,28.6878,0.28286654144157186
40.5418,26.931,0.20258265859828128
40.3702,29.146,0.02450154619851319
40.7452,27.4142,0.0067542402154642245
40.621,29.2662,0.015133018230323758
40.2025,27.8817,0.0607139876014533
40.841,28.84,0.013848986891602189
40.7097,30.7543,0.10006695169038982
40.3148,29.2653,0.09917268430015336
40.8173,27.8832,0.02455604302156733
40.8153,27.8117,0.008811814829030928
39.9623,27.6432,0.0984334766896271
40.782,29.2955,0.07149787429386889
40.6583,29.2392,0.008852115599067845
40.7375,28.9563,0.08620825598821058
40.7488,29.0442,0.0004161116221024219
40.346,27.4725,0.03464557452811501
39.64,29.43,0.007850516568622457
40.7848,30.8272,0.05267062156158808
40.7953,27.9502,0.0045901621890471755
40.7608,29.1752,0.004096616112482909
40.5698,27.3105,0.05774372330367483
40.363,26.1228,0.022905800088136807
40.7752,29.1732,0.00024203610946949006
40.3977,29.233,0.011196502495925076
39.64,29.41,0.0009740514149432222
40.7698,30.2012,0.3732460518480365
39.8572,26.2772,0.29077058362177577
40.4193,28.9343,0.004012628380533401
40.4888,27.9692,0.12200227060711055
40.1275,27.2463,0.077412949153007
40.3843,25.9748,0.006641775286267304
40.3553,27.9293,0.04688510836974791
40.1265,28.918,0.05118440419660153
40.4672,29.1992,0.0031385530318213117
40.7833,29.2682,0.009300500025270164
39.9195,28.9423,0.14429962631465
40.3733,27.9285,0.0021305690282784617
40.4997,29.1757,0.009467864667483061
40.3377,25.752,0.04365053709019884
40.7047,30.6618,0.009028708159026344
40.3152,27.567,0.08660188083987663
40.7472,29.3113,0.01679043663481561
40.2808,27.0312,0.23156090679177388
40.3902,27.1313,0.018321959716750102
40.8702,28.5072,0.26803243417352696
40.403,26.1578,0.020597631341050637
39.7297,30.82,0.012344281117526612
40.0027,30.0265,0.22887764249216858
40.2542,25.6193,0.01976878832094331
40.288,25.6272,0.0004879726165583076
40.4118,27.4587,0.027203397168340193
40.4218,27.4217,0.0013195104813457093
40.43,27.4212,2.9419067278935174e-06
40.4287,30.0475,0.01066294301698667
39.9207,27.716,0.13399332262952712
40.435,27.946,0.014529558061077474
40.8912,30.4115,0.04489213553591831
40.6623,27.4053,0.02056809585908881
40.7222,30.5782,0.019750111560644212
40.7403,30.2097,0.022669112633714184
40.1868,30.021,0.036837737375366664
40.8318,28.037,0.018253038567978885
40.411,25.8053,0.03961019864171722
40.3332,25.8483,0.00023559802914441264
40.3415,25.8777,2.3945698102267876e-05
40.3737,25.9127,0.00041235114800552974
40.3235,25.834,6.846201459465018e-05
40.3227,25.8377,2.2727463239280432e-05
40.3163,25.852,1.3454053176431557e-05
40.3245,25.9028,0.00014515208125942536
40.2978,25.8457,4.159106591750117e-05
40.3377,25.8,7.90327045613326e-05
40.3258,25.7925,2.858833250141135e-05
40.3117,25.857,1.8380583706290032e-05
40.2978,25.8032,8.279639449171317e-05
40.3283,25.809,1.4346769786843794e-05
40.3613,25.8795,8.07117958590009e-05
40.33,25.8395,1.2082241871325117e-05
40.3107,25.8693,2.632046006456612e-05
40.2965,25.8745,3.7248521913113564e-05
40.2992,25.8207,4.883913143349794e-05
40.2997,25.7993,2.385106004831883e-05
40.3525,25.8293,7.514000264818854e-05
40.3655,25.9308,0.00026821892408335213
40.3293,25.936,0.0002560694989164336
40.3013,25.8207,0.00010137679184463178
40.34,25.8933,0.00017188261114642334
40.3403,25.8082,0.00012968749417396896
40.3382,25.8062,1.1570781988101686e-05
40.3863,25.841,0.00044145284167029786
40.3297,25.8768,0.00019214801324274333
40.3228,25.8612,2.0245193429691e-05
40.311,25.8035,8.757146305393704e-05
40.2775,27.3078,0.07057133384767189
40.3533,25.8765,0.00026025873641610797
40.3622,25.7867,0.0005070658699076747
40.2733,26.9937,0.024071648841683002
40.838,27.8745,0.01297985831708337
40.4158,28.9703,0.0035601749775505676
40.3983,30.1263,0.02633137174020972
40.3452,25.8795,0.0002605562930543259
40.685,30.5745,0.015064996505033013
40.3432,25.787,0.00044235494857425284
40.3433,25.8322,0.000264172785495953
40.7862,27.4768,0.013958664148049027
40.7002,30.1783,0.036404408501623964
40.153,30.0267,0.008978620279142868
40.3595,25.8265,0.000497275960347876
40.7615,30.0702,0.0702627275662897
40.3682,25.8007,0.00035454167123005753
40.3513,25.8292,0.00013353118852343915
40.3473,25.8312,2.8982112215913958e-05
40.493,29.1842,0.005547107852178379
40.111,30.0002,0.016397779841137883
40.6278,29.0228,0.0017168287162124818
39.7553,25.6097,0.04437945527611975
39.7822,25.6093,0.0006147986826537943
40.4628,29.2122,0.002233880966825086
39.7873,25.7185,0.010977379495155981
40.3445,25.7075,0.009180567870717526
40.7855,27.7803,0.01290160093097581
40.3713,25.7887,0.0004602794705925728
39.8028,25.749,0.0012142945623511148
40.1492,29.9685,0.00828523076279819
40.04,29.9452,0.010700049736386275
40.4313,29.9985,0.015543436204341843
41.2762,29.5525,0.9841461973064289
40.5973,29.0315,0.0018216315407912909
40.6072,29.0065,1.1497771893131947e-05
40.863,29.3005,0.16386649523683516
39.809,25.703,0.0020084221020653104
40.641,27.7123,0.055628265520320186
40.6102,29.0092,0.00034091850075235186
40.591,29.2533,0.01342441030595154
40.6077,29.005,0.0002162068070571399
40.3723,25.8907,0.0012981213469855923
40.04,27.5127,0.06714297636725375
40.659,27.6768,0.005703336124922798
40.7167,29.1272,0.003474247818905818
40.3575,25.7982,0.0005100427397743967
40.3422,25.837,0.00035506490416747916
40.8777,30.387,0.008941662623737412
40.629,27.5652,0.05783483542646284
40.7062,29.1748,0.0050723692566924106
40.3023,25.8455,0.0007064726567932444
40.3742,25.7213,0.005751934504395373
41.7347,27.6663,0.9801459439293604
40.44,29.2,0.0026748773006319837
40.3913,30.0128,0.0111920597724946
40.81,27.7747,0.003991090447425072
40.3123,25.6613,0.013840635380897304
39.7655,25.6608,0.006278304926445433
40.2643,28.3607,0.07143302702605359
40.6148,29.0145,0.0005448336041556923
40.4237,29.1993,0.0025734892598927583
40.3198,25.8603,0.0006141053987411826
40.3908,25.8068,0.0012946389328454266
39.603,27.743,0.23442934819129413
40.7657,30.3642,0.17358616637667534
40.4165,28.6463,0.09699881804274901
39.994,29.9663,0.07085020958770127
40.2602,28.7793,0.056429169139235125
40.7942,27.771,0.00214684560044498
40.7905,27.745,6.185974789851834e-06
40.7707,27.7847,9.9603704581952e-05
40.7903,27.765,3.746190147235762e-05
40.7493,27.4058,0.004950316102147578
40.35,27.3718,0.017723398513646127
39.9635,28.1097,0.01563666782989226
40.7902,27.7507,0.00017427244779810724
40.7853,27.7643,1.2997897859579055e-05
40.802,27.777,4.285141875215448e-05
40.7898,27.7927,6.7305439196641e-05
40.8122,27.7678,2.8911364642780768e-05
40.7997,27.8062,9.001482423642848e-05
40.8237,27.7453,0.00018770616306851284
40.3158,27.6232,0.067950835513086
40.8178,27.732,2.7599922534982113e-05
40.8268,27.75,4.645442506234776e-05
40.7783,27.7748,5.284019281659447e-05
40.7865,27.7648,1.6706388577647502e-05
40.7798,27.7365,3.2166268462141545e-05
40.7765,27.779,1.511855688696162e-05
39.6372,28.5225,0.010253174460022274
40.8227,27.763,5.3595385630877956e-05
40.8225,27.7522,1.3811646160322155e-05
40.7952,27.75,2.302632823114603e-05
40.8295,27.7528,3.6280017816414656e-05
40.8018,27.7923,6.827351347116206e-05
40.7997,27.7472,2.3085045217086098e-05
40.1423,28.9128,0.016822907786706365
40.8202,27.8003,0.00029072308486199905
40.38,25.9072,0.001768418432374519
40.7785,27.8292,0.0008136376122762634
40.7947,27.78,9.80238095791286e-05
40.8393,27.811,0.0006468200732848706
40.8172,27.7852,0.0001011601522313832
40.8155,27.7567,7.444141249546288e-05
40.4952,29.2092,0.007065647611513515
40.7845,27.735,0.0001689528205295332
41.5443,28.0265,0.3916341820022884
41.1342,27.732,0.3299220200495063
40.384,25.799,0.0010164328803781153
40.4492,29.2118,0.0015945152080091285
40.7968,27.746,0.00013524153089472524
40.0198,27.7723,0.023227953545011504
40.6407,26.5005,0.44320965140991886
39.9715,28.0832,0.005027253849103963
40.3655,27.929,0.00668870644638675
40.7758,27.784,0.0002231375752024256
40.4038,28.9648,0.004459383430615804
40.3875,25.8955,0.0010370062527802482
40.3952,25.7633,0.0014875356637260584
40.3657,25.8387,0.00035045348050088965
40.8142,27.8102,0.0004073450862134287
40.7468,27.3745,0.004018932742594239
40.7548,27.3713,5.6797668377406296e-05
39.8078,30.475,0.028119088484497734
40.448,25.907,0.007349182254370756
40.3363,25.9123,0.0015298618892009008
40.7215,30.6013,0.007076209557622448
40.0242,29.9632,0.010563934789414087
40.1558,30.0635,0.015381321137918236
40.4572,29.1887,0.001420858622373955
40.3055,27.0512,0.04710818988377241
40.3098,25.9545,0.004621071002270494
40.349,25.767,0.0016203542688791872
40.6863,30.5955,0.00263155536785864
40.7125,30.6168,0.0004916558992220654
40.786,27.7623,0.0001655606816508559
40.7763,27.7593,0.00012116109842841283
40.8202,27.7973,0.00011096475951100082
40.3278,25.8942,0.0008472486712232108
40.801,27.7642,0.0001645329278059382
40.8485,28.1272,0.028630915956017633
39.9892,27.7357,0.010395478540459524
40.7158,30.5807,0.001021576548840053
40.7088,30.61,9.645507669420184e-05
40.8743,28.1148,0.0006604910508388739
40.8345,28.1368,0.000148377126079291
40.8305,28.1328,2.4780383887090807e-05
39.9528,28.1185,0.004320395873831484
40.777,27.4075,0.0045838901405526045
40.509,30.6312,0.19647284835948386
40.3127,25.9408,0.0012449718282518951
40.0397,28.7913,0.05444591365037332
40.318,27.7153,0.15266060201631126
40.8447,28.0787,0.004019312663335883
41.5817,26.6135,0.9911836359556023
41.5445,27.4975,0.9611695111137638
40.4205,26.0522,0.01867538307100869
40.8293,27.8468,0.002897299933774966
40.412,28.9358,0.00391223338024993
40.37,27.4822,0.020304411747718687
40.795,30.8385,0.017187850818512374
39.9635,28.8648,0.06280822558500088
41.5118,27.9558,0.04098624017688157
40.2025,26.898,0.007743575539342684
40.4275,25.7708,0.005423564681882875
40.6535,26.6565,0.13116791678485495
40.1478,30.0238,0.004020081208454207
41.2103,27.6882,0.3567307016849839
40.127,25.7443,0.23838527463820947
39.8167,28.6952,0.02228715585506169
40.3115,25.8328,0.00108642915153212
40.1868,29.6305,0.013857412184952178
40.8625,28.1042,0.002141390571343993
40.0677,28.6448,0.16306878877492814
40.6042,29.0795,0.006774726626047611
40.2542,25.9572,0.016065528311996258
40.2355,25.7853,0.02249616483817729
40.3222,25.9038,0.001027485863513533
40.3347,25.914,2.4804145489776275e-05
40.3342,25.806,0.0006831957345472262
40.4177,30.0287,0.005112300055736818
40.7372,25.6932,0.1080203650234921
39.9102,27.1503,0.4024700573075478
40.3023,25.7778,0.0021011835271049772
40.6865,27.3612,0.019543496546154837
40.4255,26.9727,0.05704067777048982
40.4592,29.211,0.0014956041291246391
40.8062,27.5165,0.01404339621302153
40.3583,25.8408,0.0009456225780384298
40.5498,28.1452,0.14882239965978505
40.2748,29.97,0.06789067849249941
40.1832,29.6348,0.002468208072927469
40.2588,29.919,0.0006327661223397563
40.7813,27.799,0.0009220815195111198
40.1258,28.1872,0.11649437431123866
40.6993,27.9078,0.08300967303311757
40.1963,29.9932,0.018607687696473696
40.5377,26.1388,0.2742072822896705
40.6172,28.9462,0.015023138571900851
40.5885,27.2818,0.05078565138187985
40.1447,29.9377,0.019572669807515153
40.4205,30.0297,0.002599018394692232
40.7572,29.0527,0.015277983088447078
40.7445,28.9687,0.0001714191672568255
40.729,29.0162,0.00016000582542430308
40.7345,29.0235,3.276024662879351e-06
40.7752,28.9638,0.0007402581640684192
40.4062,25.8315,0.002692221695358765
40.0592,27.6218,0.12938558144671441
40.8543,30.3512,0.05621830154152685
40.2087,30.0132,0.0048478871982143845
40.4307,30.0362,0.0014987092735463392
40.7152,29.9897,0.07084848372496522
40.0888,29.9413,0.04380686660777844
40.8777,27.5907,0.1257590564990002
40.4007,30.0318,0.0029447864254730227
40.8335,27.5788,0.011109937090820976
40.8482,27.5232,5.324881202450893e-05
40.8425,27.5627,1.4505726942171115e-05
40.8282,27.5295,6.73310154896134e-05
40.8205,27.5793,4.972304466832611e-05
40.825,27.5697,5.482939072287696e-05
40.415,30.0263,0.000530438839188685
40.8235,27.5975,0.00015747192605330973
40.8458,27.575,8.122321830750234e-05
40.8417,27.5587,9.117739708641714e-05
40.1528,27.8178,0.12648380797359526
40.1793,30.0073,0.004354918170223487
40.2305,30.0175,0.0042529549052021665
40.8493,28.044,0.00929178577502543
40.947,28.3748,0.09840333750188512
39.7183,27.7393,0.02642417752232251
39.9693,28.1055,0.004421369997744229
40.7585,27.7318,0.0038421058298879762
40.8447,27.7995,0.0026091907209314646
40.7993,27.7795,0.00011123290743109138
40.6375,26.7058,0.05075699572955705
40.8755,27.7155,0.009782422291193416
40.7455,29.0048,0.002382977369866035
40.7355,29.0273,0.0005130616126132193
39.6945,26.4958,0.18990216469729682
40.7443,27.7392,0.0010764725113231455
40.8947,27.9235,0.05544768656379995
40.3963,25.905,0.002727486389831335
40.7872,27.456,0.008290896851005258
40.1898,28.4088,0.27366513699875405
40.4692,29.2075,0.0020693640281983505
40.637,29.1378,0.005001434131373883
39.6858,29.4813,0.0066377899203056145
40.1607,30.0,0.003525907979268661
40.4582,26.144,0.03543336985246559
40.1693,28.9412,0.029975151623590657
40.801,27.4923,0.003499584766220476
40.6838,29.2048,0.009641642359800029
40.4047,28.9565,0.0037030717328071505
40.6782,27.3553,0.00874117305817812
39.8308,26.0982,0.02127076989482002
40.4523,30.0707,0.016306500693687442
39.9198,27.3272,0.1772674059244953
39.8113,25.7022,0.005446357111581701
39.621,29.6413,0.27219807797506756
39.9167,29.9828,0.21058649831813103
41.1427,27.7487,0.021196034863110058
39.9983,29.5355,0.7190845685438195
40.119,29.6412,0.037671422836127455
40.456,30.0083,0.0073730701525858144
40.0958,30.0308,0.019478186129986974
40.485,29.994,0.004740239648909572
40.4737,29.2052,0.0015928874062757226
40.2742,29.953,0.010124283564390435
40.4172,27.7185,0.10714629297556677
40.5818,27.2652,0.012920789689076617
39.899,27.1432,0.01527647762864015
39.9195,27.1888,5.10046674494502e-05
40.2752,30.0362,0.01311147427240733
40.632,30.3127,0.023604640579765523
40.3348,25.803,0.0011658355166335177
40.7957,27.7905,0.0008452224768414895
40.8085,27.7528,0.0004904761160262616
40.8157,27.7638,1.2369154891667122e-05
40.8215,27.772,3.2318765686989437e-06
40.8053,27.7677,5.578919369364499e-06
40.138,29.5552,0.06507682095324008
40.178,30.0212,0.0032211090830933653
40.7987,27.7552,7.381557047725362e-05
40.8068,27.7818,3.836504829057841e-05
40.8035,27.7732,4.02546545026361e-05
40.1238,29.3925,0.17465412572791683
39.956,28.0797,0.007582517225852792
39.6662,29.1023,0.028428632790323927
39.6507,29.0827,0.000694743525948005
40.7147,30.6372,0.004253394970842761
40.3782,25.7503,0.006119935548484889
40.3763,25.7603,2.386037358292903e-05
40.3735,25.7968,0.00010860877780016764
40.3783,25.733,0.0001477005110336327
40.1442,28.9348,0.007327496062749961
40.4042,25.7743,0.0007930730113411277
40.5883,28.9753,0.007979641720654795
40.5612,29.1198,0.01693433745876116
40.1892,30.0357,0.00260687513169211
40.3885,25.7935,0.0005289700223731764
40.316,25.8322,0.0012582428770138154
40.7767,27.5608,0.009477596000788457
40.2107,29.9968,0.003750048759209923
40.4357,30.0305,0.002676787367654865
39.6077,28.5638,0.05654373896250198
40.4745,29.1697,0.0055928738031019165
39.9033,30.0075,0.02319169578773117
40.891,30.3893,0.011881141737550505
39.6453,26.5082,0.14906809750223327
40.8463,28.3133,0.03920485912851834
39.9428,27.1825,0.010616568145070726
39.9495,27.1605,0.0002763434033562495
41.0187,28.9508,0.6212354132268303
40.2345,27.013,0.10921962215048198
40.2443,27.3927,0.17782843084764788
39.9628,27.6628,0.028870870336923038
40.488,29.1875,0.002748936176924399
40.3688,27.0952,0.02037998232808169
40.7205,27.4372,0.01600799610980408
40.8882,30.4155,0.0037436849082190804
39.9363,28.061,0.021299504893438792
39.7188,29.5812,0.05100217053486944
40.1222,30.0283,0.008348712497212696
39.8758,29.9562,0.038097194887908525
40.578,30.3157,0.06060381781770985
39.9357,27.3302,0.014239848361583651
40.6515,30.31,0.009994638932101396
40.3755,27.203,0.020130789284445783
39.6652,26.4678,0.026501390548041126
39.6318,29.657,0.016537209889415094
40.7488,27.424,0.003903835160664171
39.6455,26.459,0.0008865987558219768
40.6712,30.3318,0.0031922955647928353
40.7553,29.1867,0.005913036727908438
40.2272,29.9853,0.005385677477834916
41.3687,28.3447,0.9635861715366333
40.141,28.9515,0.0052280107102246065
40.5928,29.1093,0.011033971906488471
40.66,29.0625,0.0019413535643376667
40.5822,29.0327,0.0026169978030018415
40.4752,29.1642,0.002300094447058143
40.3847,27.2343,0.0045553808778837634
41.1957,27.679,0.034053163483548254
41.5872,25.6612,0.999632124917298
40.0257,27.9908,0.17420897247405143
40.6813,27.446,0.014234030465526182
40.236,29.9967,0.0022135703149511743
40.4103,30.0498,0.004617068942524116
39.643,27.1372,0.059778117543209275
39.7267,27.5843,0.24224722816109534
40.4513,30.046,0.004776487513782346
40.8258,27.6842,0.008933204051275068
40.3563,27.0618,0.01658825587884183
40.2148,28.8963,0.04708545589417079
40.0173,28.0198,0.004587654902067029
40.3472,28.2473,0.19492180523049862
40.2353,28.2865,0.004392878730263283
40.4765,28.4737,0.26713930672353925
40.2643,28.3733,0.01369613351713439
40.015,25.6288,0.30775357448522234
40.2482,27.8845,0.09682550401797996
39.9913,27.6112,0.06013960649170236
40.3163,28.3115,0.020647953864891155
40.5548,30.3153,0.01597070078356677
40.3273,25.769,0.004016518168484251
40.8028,27.7608,0.0005565310757134068
40.8027,27.7595,0.00010863765206003961
40.5815,30.3212,0.0021495694286652878
40.7955,27.7722,0.00019308927022787525
40.6167,28.9792,0.004855236095750226
40.1847,30.0128,0.002876934968656153
40.1852,30.0053,4.761264897346074e-06
40.4012,25.9903,0.01560122161219224
40.4527,30.0297,0.002950209879659882
40.8267,28.1058,0.011154908222477777
40.5262,27.191,0.21743345136583292
40.4203,30.04,0.0013331150053147445
40.3645,25.9242,0.00296777252431768
40.7133,27.4943,0.016523185425395104
40.1477,30.0457,0.005015608038138497
40.8043,30.8315,0.01399089750682414
40.6103,29.023,0.0017005811960514317
40.5918,29.0378,0.00014041091173155884
40.122,27.6668,0.08487896069628476
40.1898,30.3843,0.6440436421402151
40.3412,26.985,0.0634732301492561
41.038,25.9088,0.9545499984555619
41.6167,28.493,0.8135352210255233
40.461,26.9318,0.13225848618054692
40.146,27.948,0.24593477343943992
40.8257,27.7878,0.0012481763808586122
40.8183,27.7828,6.119758847789036e-06
40.3582,25.9225,0.000720861178964527
40.1617,28.7347,0.04908189345875014
40.4498,28.9497,0.022991987029388095
40.7672,30.0857,0.024103683821899646
40.3515,27.4643,0.017772906109373765
40.4678,29.2077,0.0021632043763617492
39.8967,27.7585,0.10934138915119296
40.651,26.4538,0.2522305054177182
40.5667,30.318,0.0026989258811414008
40.2098,30.0237,0.003185746802238265
40.7285,27.5308,0.008732939953373875
40.7405,27.549,2.262238554640028e-05
40.7562,27.5203,0.00021312794808259206
40.7515,27.6005,0.0009690875599224213
40.655,30.6473,0.038590757195126724
40.6813,30.6055,0.0001936487955138677
40.675,30.6243,4.078301417687058e-06
40.6657,30.655,6.478431301082388e-06
40.6747,30.652,8.841144705007409e-06
40.6642,30.6437,4.684473827287761e-06
40.6595,30.6477,2.6588574000063758e-05
40.354,30.504,0.2507820742426843
40.7435,27.5265,0.0002011653257888435
41.141,27.7495,0.011262735700293125
41.1528,27.7377,1.0810136436778528e-05
40.4743,29.2227,0.0017075891905951046
40.5822,30.3377,0.001677066120073789
40.4333,26.0365,0.016437869574635333
40.34,27.9582,0.05040912466689218
40.8013,27.531,0.004169834927342242
39.6367,30.2662,0.654836437020841
39.896,29.9627,0.017817105487851426
39.6123,26.4367,0.044883837307836516
40.2105,29.828,0.2592273886734624
40.2957,26.9602,0.04688942312449762
40.3712,27.2568,0.019348742497875215
40.0197,27.4135,0.1818271721817537
40.7255,27.5148,0.0006728556281480058
40.2518,30.0143,0.004459457513824039
39.6245,27.1472,0.017871071555554008
40.4063,26.1145,0.014702990888648904
40.1887,30.0383,0.001832482586741846
40.7055,30.2958,0.04954492991488535
40.5257,29.1653,0.018150435950668342
40.7952,27.4668,0.004650750770335166
40.8162,27.5722,0.0027334177233191426
40.0928,28.2987,0.05774880353771383
40.6267,30.5982,0.009327268733934302
40.2915,27.9723,0.026466114832146115
40.7802,30.748,0.061789402917015956
40.8148,27.7673,0.000591588840715529
40.652,26.4762,0.008369683450425436
39.645,30.2607,0.0032103620954604395
40.7475,30.882,0.06884635493335522
40.0025,30.0593,0.09346376689466607
40.5773,30.3097,0.0017419150817462592
40.4103,30.0118,0.0041338676321388546
39.96,27.2755,0.09417849472351303
40.7458,27.5083,0.0014165834491646212
40.3403,27.073,0.0132376223328452
39.738,27.8963,0.05262128966572188
40.3717,30.5047,0.007585085066928454
40.3788,27.0965,0.0037097778262411563
39.6235,27.9103,0.1580980446950051
40.6287,28.9937,0.002939492386245135
39.9973,27.6853,0.01547771981815027
40.6133,29.0418,0.001578655378417726
40.4245,30.114,0.02355188265482644
40.7965,27.7777,0.0005773011734275801
40.5988,29.021,0.00033961032765117416
40.9083,28.8012,0.17370066802490036
40.8168,30.762,0.012508768657712555
39.7842,27.026,0.6794639817333519
40.7305,30.43,0.13087735351338692
40.6047,30.3812,0.010290872739082135
40.1342,30.4763,0.46588685792541384
39.7362,30.1243,0.2167549007963645
40.3495,30.0395,0.026552392924946377
39.9712,28.0948,0.005971905311952352
40.8708,28.2107,0.12435932488224288
40.6145,30.3657,0.0008403415887295873
40.7223,29.1335,0.006024282635669342
40.1235,29.52,0.08629694317687664
40.6228,26.3823,0.1596339459470466
39.8073,30.4435,0.049695677730947074
40.8663,26.3245,0.5011854502611826
40.7995,26.2937,0.0014788520442123865
41.0992,29.7062,0.9323592993287034
40.2332,29.6588,0.0600519530543544
40.8883,26.3022,0.0025361951022772056
41.8537,26.4737,0.7881906962981867
41.897,26.4275,0.000381853049396752
39.6322,26.2082,0.6463274108466179
39.694,29.517,0.009973686790090475
40.6877,30.362,0.01808104954683043
40.2168,29.0312,0.18299817735262314
40.6618,30.6535,0.0011239969923640958
39.798,28.7943,0.0867423869512225
40.0473,28.3078,0.047850046993790585
40.4903,29.1445,0.009520255585076853
40.378,30.1123,0.021853617840136397
40.6075,25.6212,0.614792092942511
40.304,27.9087,0.05180094544657465
40.2517,27.2472,0.17107085029047253
39.8298,30.758,0.34353412509076353
40.6745,30.4787,0.03820297133711947
40.6538,30.4723,1.1685915340509112e-05
40.721,29.4785,0.39755209601583297
40.4552,29.1583,0.003967253729568965
40.555,28.169,0.04946629419397597
40.1032,27.6845,0.0221627368836681
39.9275,26.3063,0.32305872913445555
40.7187,27.3897,0.00969356756088735
40.7027,29.4903,0.0029000462509007896
41.0822,25.9003,0.10217375702453202
40.9515,26.1045,0.18013906870610796
40.2498,30.0205,0.0027598586166460715
40.0245,30.0052,0.0335087735535996
40.8092,27.7275,0.0018360392977528894
40.4692,27.724,0.14183909151983798
40.4165,29.1905,0.007441270674579115
40.6965,27.3553,0.007668683530420051
39.6962,29.2595,0.22030477153982608
40.2502,30.0025,0.00159171953077053
40.8068,27.3567,0.0465127874133745
39.7042,26.4965,0.01803786322185852
40.1948,27.1828,0.21083084229692384
39.7765,27.866,0.029578617698949983
40.476,29.1427,0.0028859591023445708
40.7313,27.3742,0.003096933905504806
40.8175,27.9242,0.021774267605750852
39.9585,29.3448,0.44279607122948494
39.9558,28.1207,0.0063540996340867295
40.4832,29.1497,0.00039878838757934076
40.4645,29.1765,9.242541648868396e-05
40.6698,27.448,0.010217000994443892
40.3307,27.88,0.028383700338666773
40.186,27.6043,0.09645427093069836
40.8387,27.7908,0.0024228529261964837
40.6312,27.6577,0.02815510480108474
40.3422,25.8157,0.0018691886124843071
40.0553,27.4195,0.05722430306988946
39.655,27.6208,0.17849750805528497
40.4153,25.971,0.012368761003378914
40.8485,30.3447,0.01887362259532388
40.8313,27.7602,0.0010446331001207065
40.7147,27.4075,0.0035214312361381284
40.3958,29.974,0.02411530568405984
40.3335,27.8828,0.001822996281860445
40.1053,27.089,0.277355456123178
40.3728,29.2225,0.030051205562651284
39.6063,30.4703,0.6213982813659038
40.4857,29.1387,0.0006317534472991548
40.4197,29.1975,0.0014256583503022835
40.6398,28.911,0.0393248206277752
40.065,27.7735,0.09984411922199554
40.467,29.1777,0.0005934661257188667
40.5707,27.4928,0.07851648466273353
39.9903,26.9753,0.0645449012343613
41.5952,27.9762,0.27910385685913364
40.2183,30.037,0.004928704921394855
39.7423,30.2187,0.10863434692615925
39.945,25.9833,0.295383774284002
40.7868,26.3432,0.05928569187676347
40.1718,27.2705,0.1080335833250925
40.6277,29.0243,0.0018336488664966177
40.607,29.0297,0.00011463058328864406
40.6213,29.0118,7.0251965755829815e-06
40.6368,29.0448,0.00014882221716572275
39.6052,29.2247,0.2808284092060038
40.618,29.008,0.0001744474345332092
40.8297,27.4608,0.023301416463481384
40.1597,29.9942,0.006138251427749819
40.9953,26.0307,0.2900639551002312
39.8867,26.1172,0.10974455663562166
40.4728,29.1528,0.0005038646656576606
40.4867,29.1368,0.00017741559845552146
39.7795,26.0337,0.02410435147884904
40.8433,27.9022,0.012470620798690213
39.6552,29.964,0.4036487976743218
40.2583,28.3468,0.018329581546551732
40.3552,30.5345,0.019342609832009416
40.8553,27.7543,0.004130619116847756
39.9243,27.389,0.10702749382107946
40.3347,27.096,0.0131421941187424
40.8267,28.327,0.045494741918894466
39.9598,28.9905,0.3212191049975065
39.634,28.0108,0.09546452319166632
39.9467,29.9942,0.06393310935724594
40.0933,29.5085,0.06620023619312976
40.4297,29.1475,0.00370528963618455
40.6232,29.2198,0.02301424541716046
40.6372,29.1742,0.0016601568100889086
40.4003,29.0093,0.01096591878732145
40.6603,29.0355,0.0025386219526997156
40.3895,25.8138,0.002930036616954901
41.601,27.9068,0.07299692369198685
39.6607,25.9762,0.03166819942862653
40.3847,25.8085,0.00040274594654921003
40.341,27.5275,0.0528421733583504
40.4827,29.1863,0.0013888738671119505
41.071,27.7493,0.269218368502648
41.4988,28.373,0.6964039064708758
39.8282,27.8872,0.09120102116943629
39.898,28.1133,0.08217819037920426
40.5825,27.5198,0.01643463989282945
40.7212,29.1827,0.009494291979307734
40.342,27.5188,0.0005532271026699176
39.7433,29.2262,0.06965937575944259
40.9265,26.1285,0.043245764736345116
40.3503,30.4695,0.026883679516786496
39.9272,27.316,0.013213513461225124
39.8835,28.7148,0.056064265818704384
40.8473,28.0988,0.010321977932570503
40.0133,26.9542,0.025989890318225406
40.1658,26.3405,0.7377422191482707
39.99,28.6968,0.07375182004042657
40.7102,29.064,0.013020886604848014
39.8777,26.171,0.04036118630089458
40.8042,27.8783,0.01317997993042419
39.7323,29.9512,0.30393392296106514
40.2542,27.0315,0.04046431081784507
40.2128,29.6307,0.019505339164597624
40.6263,26.5843,0.030060264160128303
39.6655,28.0167,0.024006297606342653
40.4633,29.1853,0.001161207770696615
40.814,26.3513,0.02982096182374394
40.445,30.0085,0.0071061686560108805
40.1685,29.6683,0.015387269098367518
41.6023,27.892,0.005514186875397509
39.7108,28.0298,0.012383693904899573
40.2427,25.7163,0.07420313295536596
40.3617,25.7345,0.0026562399931095992
40.5702,30.4225,0.07033392236071867
40.2643,27.0725,0.01588583027860979
39.7758,30.7777,0.05172471565084247
40.511,29.176,0.003912042289081263
40.166,28.8522,0.07741950713482104
40.771,27.379,0.008643550839436576
40.4052,30.1253,0.011463130894379447
39.89,25.6,0.235320959562627
39.9163,25.6085,0.00010524465193462174
39.9238,25.695,0.004858629821051563
40.5883,29.0195,0.002213250682580936
40.4928,29.1378,0.0010347627485156607
40.4842,29.1437,0.0001235851331133908
40.4717,29.1437,0.00017375528785845695
39.6977,27.73,0.030173151169522905
39.685,27.7265,1.154895527510913e-05
39.7102,27.7868,0.0006997945054885157
39.8918,25.7953,0.025958837420282377
40.4605,28.3822,0.2738274763159747
40.3583,27.4252,0.01613664167271056
40.7433,27.4098,0.00366817575756484
40.711,27.3585,0.0001188281304987937
40.7293,27.3888,2.409903522782031e-05
40.7478,27.3405,4.310030682952437e-05
40.845,25.6178,0.8633460467708425
40.7607,27.3737,0.00012832572628118655
40.2023,27.0128,0.053911369001784726
40.1772,30.021,0.0034812519074512993
39.6183,27.0465,0.38661276844845194
40.3332,27.954,0.01545447341299977
40.4573,27.7637,0.06356488437925956
40.7432,28.6203,0.5297235415814461
40.6938,30.1132,0.12975063383006524
40.7118,30.1205,0.00010782173839252174
40.7145,30.1218,4.949826678146696e-05
40.7092,27.4668,0.007731959959123902
40.7583,27.5793,0.00250300256274838
40.842,27.7387,0.0033949410993793228
40.7257,30.6555,0.009242318746522149
40.782,30.6582,0.003042786373626205
40.1235,27.005,0.051268713370253405
39.997,28.0602,0.0327293942724135
40.0798,26.9652,0.016811604236584232
40.1543,26.9432,0.0018601279288406047
40.1285,27.2945,0.028661449834859964
39.9082,27.4303,0.06493770962678591
40.476,28.55,0.3095217601864666
40.368,28.2318,0.03827031305459583
40.797,27.7317,0.0016877804546887587
40.8045,27.6983,6.877687574224911e-05
40.0358,30.0105,0.013505294824150305
39.9833,28.162,0.008587577067246444
40.662,27.7388,0.04777992181129098
40.8065,27.7075,0.0004963319066362271
40.7092,27.7352,0.008933320277169421
40.172,27.4197,0.16308041209559876
40.621,29.0188,0.0010543246930698746
40.8577,28.66,0.0855726081575453
40.7343,28.6187,0.004621742161969866
40.223,30.016,0.004180135762298032
40.8182,28.0568,0.018347203820781255
40.8268,28.0625,8.586669986510032e-05
40.826,28.0772,7.964655313463798e-05
40.3187,27.0432,0.024194390839455626
40.6013,29.0355,0.0011554975368482934
40.6135,29.0405,3.771043911093841e-05
39.6447,30.748,0.1465947227464297
40.4638,29.1967,0.0016310468766820296
40.3847,26.8855,0.20038974259635634
40.8543,29.3053,0.054325594332413685
40.457,29.0482,0.015344984442964504
40.5672,28.1507,0.020035145359217466
39.7207,30.1723,0.04025183620084283
41.5357,26.608,0.4697334503912415
40.0338,28.0455,0.02294503506034129
40.1848,27.4623,0.029221074409498726
40.362,27.7928,0.12864815728582424
40.9823,28.7338,0.44751042651616857
40.6672,29.1717,0.012467330204331772
40.5242,26.2497,0.481115880823793
39.7245,26.5655,0.2074324674598581
40.3318,25.7678,0.005009199892733851
40.3635,25.9085,0.002449550300596126
40.3287,25.8777,0.00013721577916558925
40.3242,25.8763,3.2655071100506916e-06
40.8657,27.711,0.009155024260110944
40.3467,25.9292,0.00016700060727115051
40.8475,28.4993,0.09465950484098229
40.346,25.8873,0.00047824569846210974
39.9635,28.1617,0.005323781177297815
40.718,30.2213,0.05385666796195898
39.9497,25.749,0.06909936621440527
40.441,29.2073,0.002637657641537783
40.2678,28.3578,0.009988771521137085
40.8612,27.865,0.02120730731032472
40.3073,25.8837,0.0013739323545511883
40.3372,25.8782,5.144073688523321e-05
40.8518,28.5215,0.0034277610911083167
40.8502,28.4938,0.00010330122076152026
41.0517,25.9138,0.02190499355429032
40.4188,28.3228,0.07529822207554071
40.7272,29.843,0.4699403379239703
40.8823,28.5182,0.0017167955716481664
40.6842,30.307,0.019770896359035173
40.8048,27.5935,0.010077626729989353
40.8772,28.6737,0.017856580170631076
40.4855,29.1547,0.0010834174781467754
39.8535,28.7887,0.03544506453461993
40.6777,30.1282,0.010947725669045894
40.4737,29.1692,0.000689688568846103
40.7767,26.3018,0.052810767721572116
40.7213,30.159,0.010306370248671426
40.6848,27.472,0.01089859456701403
39.8422,26.0778,0.026665935938856133
40.234,29.6803,0.02411819488063094
40.6008,28.9838,0.0038458168397013104
40.4398,28.7133,0.04212458622534787
40.6198,29.0338,0.0010504134781066377
40.5875,30.3043,0.009357556743138318
40.6433,27.443,0.023498406759774104
39.8667,29.2492,0.06360347401209832
40.7863,26.375,0.03716016612184447
40.3502,27.911,0.017475455205861024
40.3678,28.2772,0.027585907165873946
40.4055,28.2715,2.3824481125589436e-05
40.2698,28.2327,0.0007833038185207641
40.3663,28.28,2.748758348047886e-06
40.3573,28.2858,8.018359426209543e-06
40.3517,28.3143,2.5949695964588848e-05
40.4458,28.2608,0.0002559530822789924
40.391,28.2598,2.7741174155937465e-05
40.3745,28.2835,1.1164065722768513e-05
40.3818,28.267,7.5222974585953395e-06
40.3673,28.295,1.6265159558992437e-05
39.6082,27.8022,0.08570236239468876
40.3848,28.2662,4.76946395376876e-05
40.3822,28.2672,1.6261051045685093e-05
40.3755,28.2567,2.0103023145257026e-05
40.454,30.3318,0.17146679539243204
40.1418,27.5752,0.12595412474560386
41.3425,29.0822,0.9088781189420112
39.8945,29.3258,0.047725100637824536
40.4878,27.9583,0.03804600199146979
40.0758,27.5073,0.05708402879732333
40.6552,29.3943,0.0343139354263744
40.3577,25.9772,0.011013015373028678
40.399,25.8413,0.004295073031386432
39.6625,26.4437,0.029678745577717103
39.608,26.2412,0.07250673913238681
40.8975,28.721,0.03534714768942071
40.9252,28.5063,0.05899075624276762
40.33,27.41,0.029106587635773118
40.4562,27.2795,0.013359812827909434
40.5733,29.2058,0.045659457604401044
40.8723,28.0275,0.03607707715460595
40.8605,28.6078,0.04393384324936511
40.8697,29.3502,0.10031645627460406
40.217,27.2668,0.10707448131117969
40.4422,29.2225,0.0034711299749827784
40.8203,30.8262,0.025925811822096412
40.5488,30.8218,0.035368117860805626
40.6272,29.019,0.0012478989085279446
40.2095,28.965,0.08065136382400206
40.5918,28.8878,0.04586547586995593
39.8867,29.2478,0.011706533879357828
40.1212,27.3187,0.02032264652491189
40.7592,27.4087,0.00473139176961257
39.7215,26.2853,0.40511079367260705
40.8743,28.5887,0.009561506886772042
40.0875,27.6473,0.05921342688116671
40.3973,25.8287,0.001520291193743195
40.0348,27.7263,0.007420285848051433
40.405,26.1945,0.03709040023729093
40.2043,27.4003,0.043763974268074546
40.6958,25.7613,0.5092643636204011
40.7743,29.1712,0.01193419935736717
40.5178,27.7655,0.05445669829769251
40.4922,29.1745,0.0023807765114830515
40.7075,30.6018,0.006520760458102015
40.4287,28.3277,0.008294502925211278
40.5395,27.3855,0.16793849961030183
40.1985,29.941,0.05127530080727338
40.7032,27.5475,0.019297968568519952
40.1498,30.0077,0.007215356036354037
40.5098,27.6407,0.16648570461669043
40.4637,29.1633,0.0017612251601546447
40.2555,27.1075,0.06359527298683387
40.04,29.9878,0.0166820570725289
40.6682,29.2822,0.06234435060200183
40.4333,28.9558,0.014380986625283865
40.4712,29.1617,0.0009372323472329747
39.9447,27.3438,0.022218206657925843
40.2473,27.0875,0.0014464742260971164
40.1973,29.0512,0.07512037798120819
40.7018,27.5193,0.0038626578261724553
39.8192,27.8515,0.07173038260328235
40.649,28.9543,0.0174268465667472
40.5482,26.2547,0.04944985008505409
40.8165,27.919,0.011078366803737416
40.799,27.7635,0.0012140474032114046
40.497,29.1972,0.003364299729774922
39.7535,26.4488,0.10502474585927168
40.3363,27.0405,0.016983090569564707
40.3493,27.0632,0.0008472578558471611
40.2603,29.9983,0.008337720370385271
39.6693,28.9548,0.2910189292737708
39.6877,28.8068,0.007856368146778925
40.6497,30.6192,0.011215941566587673
40.3078,27.0708,0.004746181311749087
39.8493,26.2885,0.07510111986529677
39.65,29.43,0.009038187485329252
39.64,29.39,8.006659590920062e-05
39.6735,28.811,0.0033268219846892544
40.0997,29.022,0.1781659673941447
39.7,29.41,0.01011043107100884
39.63,29.43,0.00043635950971609994
39.65,29.44,9.595512058901967e-05
40.7222,29.6462,0.5896555843596664
40.3513,27.1135,0.012221601772302915
39.76,29.42,0.01738790908891019
40.7187,30.6223,0.005154387504072044
40.595,28.9665,0.006230126489813803
40.1225,27.1325,0.17123001081682188
39.6582,27.7923,0.0739149989345722
40.2423,30.055,0.016709711614903644
39.7087,27.958,0.06249519768754275
39.7903,29.4748,0.032395919084549196
41.182,27.6972,0.07879083829186972
40.6257,29.0355,0.0016484033853931823
40.2097,29.641,0.012492216441623571
40.127,27.1362,0.001512794373504156
40.404,27.4397,0.020835732101235238
40.147,29.2028,0.3030921422273887
40.0423,28.473,0.15139820608870191
40.3895,28.613,0.1372014852837916
39.6185,25.7972,0.2032510462120083
40.5877,28.9362,0.008388548388130745
40.652,30.5868,0.011480723705941775
40.1468,29.5797,0.06012861524463564
40.47,26.0513,0.08237772266022358
40.2115,28.9462,0.011156456197986664
40.7265,27.4427,0.009644129771439025
40.8552,28.7075,0.025207514195270453
40.872,28.6998,8.82420931984651e-05
40.7872,30.417,0.20033279735239684
40.1177,26.9678,0.028283207796413135
40.6085,28.8887,0.013340859537639083
40.6558,28.8885,0.00851303210318155
40.803,27.7672,0.001162333832872564
40.8198,27.738,0.0013149832472859613
40.674,29.275,0.007621938103106074
40.8165,27.971,0.018047250502454593
40.8133,27.9818,5.179261142851388e-06
40.4735,30.4215,0.2831214508321589
40.375,26.8883,0.03326234376269166
40.372,28.3718,0.06319420221322758
40.7352,30.3882,0.04098085476777835
39.7948,29.4035,0.04452811783712818
40.7218,27.4178,0.0034072906528324065
40.714,29.2348,0.011131713541813637
39.6153,27.7918,0.017221481515062864
39.6058,27.8165,1.4570558523940846e-05
40.6673,29.2287,0.0059718684875166295
39.6168,27.8723,0.008351711043869448
39.6998,29.4117,0.004087804451711197
40.2152,29.9957,0.007104427192933693
40.0825,29.8062,0.09987958458287849
40.934,27.8585,0.16161683062194232
39.7798,27.801,0.03816906121073138
40.9117,28.0208,0.06161743315746249
40.0282,27.83,0.17274134721174794
40.8265,30.8962,0.042527581271207704
40.469,26.1682,0.04793206895961766
40.5575,29.0187,0.016707370650354658
40.607,29.0175,0.0003169184270055414
39.996,26.9277,0.0861877890761914
39.6505,27.912,0.011117515963003477
39.611,27.764,0.004264036408907712
40.605,29.5852,0.5387797334448234
40.2697,28.7095,0.35763922217554844
41.443,28.828,0.915941383851766
40.2538,29.9983,0.0037862073595466006
40.4137,29.0815,0.049800021929817695
40.4008,27.4268,0.005860148450324787
40.443,27.509,0.006934851033120526
40.3385,28.3657,0.023948351177265237
40.2868,29.5428,0.1223237040780244
40.6032,29.0168,0.0010142810716020634
40.6652,29.0225,0.0015421842112467443
40.7792,29.2032,0.013674181482956405
40.866,30.868,0.026750657993587
40.608,29.013,0.00018622419049452166
40.7183,28.581,0.1153651898095509
40.5957,28.031,0.19887350822467065
40.1588,30.0097,0.005770773166260845
39.9457,27.3212,0.014832347893478426
40.883,27.5525,0.06825932038544247
40.3135,25.6088,0.07531687324594771
40.572,27.8752,0.22134449513956045
40.5988,30.5883,0.0628511036610796
40.86,28.8015,0.06251420577978473
40.8335,27.7443,0.0026277506628843428
39.9498,27.3877,0.03155127054916651
39.932,29.7903,0.641870573352878
41.5232,27.9387,0.05372436850967599
40.4135,28.5695,0.09922604956315961
40.5287,29.5472,0.46257831914782266
40.6847,29.3022,0.013264416195815865
40.6027,29.0333,0.0012359477507200012
39.9952,29.8712,0.19503179827823947
40.8128,27.9048,0.00908420443956337
40.8582,27.9442,0.0008992580544161521
39.894,30.0433,0.12101130127930526
40.6,29.2665,0.01895017270640964
40.4293,27.5215,0.007385447992998007
40.698,30.6602,0.010876641377150276
39.6338,29.966,0.09982815736458273
39.601,27.8502,0.009371986580162361
40.518,30.287,0.07188982055349913
40.7993,27.9233,0.004837762365024978
40.1595,30.0148,0.003274375174641575
40.8403,26.3622,0.1238955898336177
40.7822,27.4063,0.01120493311676396
40.4423,29.0575,0.01662352677553358
40.6778,29.1778,0.009288279958561851
40.7548,27.451,0.0042514009102088135
39.9228,28.6597,0.08188661878468761
40.0293,26.9138,0.05677228100143339
39.9945,29.9632,0.03318557503797481
40.6735,29.4073,0.0327052811922528
40.3383,27.8887,0.016033053365443584
40.798,27.5375,0.009540821109643716
39.6628,28.3775,0.6920867451317478
39.672,28.3978,5.1055924368270666e-05
39.676,28.3672,5.645265997122895e-05
39.6705,28.3407,0.0007150728575092691
39.9453,28.0548,0.034525236794513026
40.2015,28.7092,0.18963312194998083
40.709,29.283,0.015718937978097536
39.7708,29.093,0.35743807889089585
40.2267,28.8655,0.09561761354146558
40.6145,29.035,0.00134613517008908
40.3245,27.1567,0.07609313073794832
39.74,29.22,0.030867746519711803
40.331,27.4108,0.004705464525237124
40.5997,29.0057,0.0010730528398186223
40.6112,29.0305,0.00013450262036518446
40.6075,28.9922,6.687364549806674e-05
40.3395,27.371,0.006232042001463434
40.3922,27.418,0.0007686478421363718
40.4155,27.4277,6.280351874110579e-05
39.9157,26.1233,0.1142915511806708
39.6775,28.3852,0.0017911629261772033
40.1787,28.0002,0.18138374445419903
39.6878,27.0375,0.6117744920078589
39.7702,26.922,0.009374216925653767
40.1377,28.9142,0.015875592230748747
40.5277,29.5415,0.00788447567601458
40.2183,27.1537,0.08472785304937924
40.093,29.054,0.05100841600546835
40.8108,27.5082,0.00841230885391242
39.9853,26.9922,0.04690057445253115
40.377,28.8832,0.11153039182788427
40.2288,30.0093,0.005348396302117142
40.515,26.4307,0.3281414291759951
40.3507,26.0385,0.05942664150089738
40.5728,26.435,0.0002981821438112764
40.3898,26.1315,0.0014755948987069667
40.0425,28.1448,0.148683518385601
40.603,29.0398,0.0009033185375668662
40.5603,27.3748,0.06514456391465662
40.7943,29.7735,0.5478799587634884
40.6882,27.37,0.013619703728506516
40.736,27.3625,0.002767749830234534
40.3908,26.1068,0.004113710137767734
39.6168,28.5585,0.02948704692036508
40.8955,30.8122,0.17809438884132578
40.1585,27.6562,0.16029418329297118
40.8143,28.1135,0.019606878133316075
40.8615,30.8557,0.009632577142598908
40.6682,27.4523,0.013603491333991635
40.6167,29.0113,0.0008874610154518958
40.7197,27.4233,0.004856493274483675
40.5172,27.2567,0.1844439691279156
40.2128,27.8305,0.18616625293823474
40.7588,27.4525,0.003147941564683565
40.8253,27.6382,0.03310163127336163
40.0338,26.9707,0.035206536000136124
40.0757,27.0533,0.01185007806253957
40.8473,30.3095,0.11514496841525612
40.4788,29.1892,0.003715940278798846
39.9948,27.9832,0.10941482310200978
39.6078,29.2682,0.11817366903678161
41.5922,26.1028,0.9955550210617102
40.011,26.9538,0.005659065844833888
40.8257,27.948,0.008277931853901022
39.8953,25.7135,0.08358689493874116
39.9775,27.041,0.030505482132585193
41.6633,27.5162,0.9405527200227268
40.8625,27.6575,0.02211099461252919
39.9272,28.1437,0.06425903945269995
40.7647,27.3698,0.006251721855073278
40.3373,25.732,0.01970199037755027
40.7237,27.5082,0.00783678741327265
40.271,28.3145,0.06071454854642744
40.114,30.0043,0.024099924814700913
39.7527,30.5098,0.20554702933540903
40.7107,27.4593,0.006412858242001995
40.405,28.292,0.0133564643254509
40.6802,29.0623,0.01572959132049001
40.2115,28.8467,0.027171607061261094
40.3985,27.1082,0.029780337552994807
40.0002,28.171,0.01922140114271298
40.635,28.0542,0.09215294461124313
40.4573,27.7777,0.04506741429656769
40.6977,27.5393,0.007802280558537045
40.2257,29.9002,0.11460729130110758
40.2192,27.6443,0.14575640914474408
40.7525,27.4067,0.0036089504036107556
39.9835,28.1753,0.0025173168930061607
39.9787,28.1665,7.649281085875259e-05
39.9015,28.4087,0.2369585874868141
40.1677,29.6302,0.035738357082660155
39.7467,30.5517,0.021038256708793224
40.462,27.8367,0.03723075690078148
40.1715,27.0373,0.12872897684066686
40.2083,29.635,0.005636515121639318
40.7475,26.3292,0.16927500038183396
41.6737,27.5222,0.0068078398870838885
41.6608,27.513,2.8967836839033367e-05
39.909,29.908,0.22251012408661308
40.4762,29.139,0.0031747048177660497
40.15,28.2928,0.0383697723973504
40.8535,29.286,0.04734163451329698
40.7028,29.1248,0.01259043635737489
40.2518,30.0133,0.005196062844541438
40.6342,27.4308,0.02433479075051237
40.6332,27.4378,6.5734108053439044e-06
41.2443,28.2512,0.1289779326221624
40.8597,27.5512,0.019623939099737142
39.8553,27.3152,0.3897665092583754
40.2548,27.7518,0.14077543757013045
39.7692,26.4228,0.06579383264419114
39.8312,27.5647,0.38076717083346934
40.6272,29.0348,0.0017878991828323976
40.1615,29.938,0.03544672990598863
39.6827,26.0253,0.062268624345601875
39.7747,29.4602,0.03613649386512563
40.6597,27.6528,0.07548652912063714
39.9855,28.0708,0.018216995186408846
40.4303,28.145,0.23500920459193464
40.3543,29.1703,0.07813084858829811
40.4797,28.149,0.01911545033456985
40.5497,25.7078,0.30781935985273134
40.508,25.6983,6.673264107137644e-05
40.6258,29.0125,0.0013354814256425485
39.63,25.869,0.23793362098328408
40.5933,29.0547,0.0009313875503220714
40.6378,28.769,0.13881303291204572
40.6028,29.0435,0.0008366280227827261
40.8105,28.1698,0.06655426502829298
40.1995,30.0085,0.007594779721058487
40.531,29.5473,0.008290099175308763
40.8122,27.5592,0.009207514558357222
39.6893,30.8053,0.054801178394839
40.3518,28.1077,0.16320959224520926
39.821,30.5803,0.11639254821141098
41.6287,25.9722,0.7908127360955131
39.8408,26.049,0.06732420814757578
39.8595,28.886,0.031082310324853313
40.2968,29.9638,0.05401990340107388
40.8375,27.4707,0.022418259903081994
40.7233,27.566,0.005126153954036261
40.4358,26.1228,0.03175630733547952
40.747,29.3078,0.03877927982477092
39.8907,29.9953,0.043917352779097474
39.9612,28.7815,0.11004786745026063
40.377,27.2555,0.03773830176724491
40.3848,27.2295,0.0009259579950161578
40.6253,29.0172,0.000919554754738594
40.6355,29.0152,0.00029497538118672395
40.7633,27.4808,0.009097456965289519
40.2593,27.032,0.03302117423542461
40.6383,29.0622,0.00092227890571972
39.7483,26.5358,0.11958615937636208
39.9205,28.9065,0.05805659522783646
40.8452,28.7797,0.03403101630195726
40.2713,29.439,0.3962813321564078
40.7357,29.1487,0.011903396213262973
40.886,30.236,0.42687779048736774
40.6615,28.9853,0.0036069771848552534
40.626,26.317,0.37506209663865253
39.628,25.7813,0.03263536012900703
40.8183,27.5637,0.0020576338792499538
41.5377,26.2313,0.7849692323608998
40.385,29.7478,0.5428049723529987
39.9187,26.0602,0.09486956692450488
41.7153,26.0643,0.38331215600192403
40.6158,29.0,0.0008218454814651333
39.7348,26.3632,0.15741954276711223
41.7133,26.6973,0.9153193022875542
40.4238,27.1017,0.03681975103613622
39.8198,26.0417,0.005549909302250189
40.8805,29.328,0.03955465492165189
39.7827,26.7602,0.07619117470823389
39.861,26.7963,0.051822931812431694
40.8355,28.8063,0.008730823915812702
39.701,27.5652,0.1732021284854821
40.5318,25.6955,0.0071008930956864
41.0248,30.2143,0.6403171748593441
40.8758,28.7552,0.014214992057147602
40.4103,28.8207,0.13630765861770722
40.4,28.85,0.00011098233236472854
40.4203,28.828,2.607137274657223e-05
39.6688,27.948,0.07800806502101221
39.7935,27.7582,0.04641342623247058
40.424,28.8528,0.0004964249208740945
40.603,28.7843,0.03152052910106362
39.8517,27.1977,0.38934685818173365
40.372,26.912,0.055588785124638274
40.6875,29.3795,0.04310719801632468
40.2037,30.0112,0.0035729981759263785
40.818,30.6385,0.1261667082093103
39.7695,30.587,0.0381465874033885
39.7123,30.604,0.0019127364873509078
39.7323,30.5385,0.00046767060725005916
40.4352,29.8735,0.3918711906375246
40.2667,27.8582,0.10876729886595371
40.0662,28.0567,0.11655545898816932
39.8612,27.8695,0.1027788650905549
39.9402,27.3237,0.012940714232083761
40.3658,28.8397,0.00804510503944611
40.382,26.8608,0.026779380857195
39.8098,26.1795,0.17447869081789946
40.3497,28.3948,0.0638316493869272
40.5937,27.2075,0.19776256028411487
39.7088,29.622,0.13054680441601052
40.7375,30.5422,0.07363191652603152
40.6103,25.9763,0.5398119459149848
40.8173,27.7798,0.0029699155142250966
40.7905,27.8262,0.0022266612026948795
40.7747,28.0345,0.01339993360790348
40.8122,27.8008,0.0001480509469476976
39.9567,28.796,0.006322303313168409
40.0478,28.6023,0.19262645181501858
40.4775,27.0188,0.23560592168227967
40.585,27.447,0.0470859130596194
40.5847,27.4263,2.9652073726960104e-05
40.8383,27.8238,0.0027706094556018135
39.737,30.5473,0.0020453784274565567
40.4342,26.9637,0.01725349780780061
39.6418,25.8493,0.019584863392746343
40.2257,29.6248,0.015887242598076168
41.6088,27.898,0.033602190572533885
39.9963,26.7538,0.6077793194175662
39.6473,29.5785,0.0449775511552124
40.1375,29.5868,0.030040872361008164
40.8332,27.7648,0.0020448247784472517
40.1572,30.025,0.00661451164394411
40.2187,27.5115,0.2831931808373702
40.8533,28.654,0.031337396085633795
40.8197,27.9152,0.007583942595029924
39.7685,25.7042,0.03785419990756411
41.6175,27.4162,0.4021542473225791
40.2398,27.9708,0.04026430468253439
40.2972,27.4112,0.04006992293149625
40.6575,27.4925,0.02249709239568376
39.7142,29.2528,0.06284071977813743
40.0932,28.6592,0.08825508303144114
40.032,29.5593,0.3419264364268291
39.7635,26.0242,0.023339658535835417
40.7112,28.7227,0.2244739473409677
39.8163,26.0702,0.006897579906521845
40.8472,30.354,0.02692943835115591
40.4297,29.9708,0.0549751555252066
40.8552,27.8995,0.011445176755029318
39.9235,29.807,0.0689208222829839
40.7098,27.4918,0.007200933187386793
40.1542,26.9983,0.04894059588373523
40.5517,27.0492,0.19184119147038525
40.124,27.2907,0.02355963132860761
40.7293,27.3998,0.005645561766957075
40.7653,27.4513,0.0011977446247756207
40.7603,29.2148,0.015327666595703282
40.5875,28.9608,0.007589223100541442
39.756,27.1813,0.5487700159964896
40.3755,27.4183,0.011042759215257214
40.746,29.0335,0.01523148403851271
39.7215,25.6033,0.09669929868467153
40.3945,30.2502,0.519028614714304
40.1342,30.0003,0.010824738909526399
40.131,29.4465,0.275936808538643
40.3453,29.974,0.04717936504160669
40.1422,29.5915,0.004260109344246699
40.6332,30.5465,0.08850090319726933
40.396,26.9775,0.0420807087507713
40.735,27.389,0.0018306678132421483
40.4193,28.7688,0.039234958673234566
39.796,26.8477,0.16114799136033242
40.3178,27.0692,0.017001475624476625
40.5892,30.6007,0.024076398860252812
40.8603,27.9978,0.03446671519723665
40.2037,30.011,0.003198072453969081
40.7057,30.3467,0.043393668898183635
40.4482,29.1312,0.012403150694787257
40.1,27.6345,0.045524477061525515
40.3888,27.8758,0.06588355567315851
40.7967,29.1538,0.04294488700082233
40.019,26.9263,0.022267182797014895
39.9757,29.8038,0.10091440104819038
40.4353,29.163,0.002311505916518186
39.932,26.9938,0.09325278707675955
39.6118,25.6133,0.3863616494843066
39.9537,27.0935,0.04434133673131346
40.3723,27.1803,0.03805368033104972
40.1605,30.004,0.0036723862750583924
40.8488,30.8903,0.028901824974069235
40.6412,28.9748,0.006760422808633537
40.6635,29.3855,0.015226032069187934
39.8627,30.0147,0.0757163525417629
40.829,28.4617,0.13496209157709382
40.135,29.5898,0.0039803336957984214
40.3952,27.7877,0.08850090501680963
40.1822,27.3933,0.07525705820957906
40.5707,30.2932,0.029711277994628027
40.6107,27.5302,0.06794005888139587
40.6468,30.1907,0.036572340309223295
40.556,26.2113,0.19353051021474377
40.6878,27.6062,0.04247302530949715
39.976,27.0768,0.01157894562038464
40.4778,29.185,0.003957848654346452
40.8072,28.8418,0.06631755388993088
39.7615,30.2868,0.49681401816730864
40.7945,27.6343,0.03178978787380027
40.834,27.94,0.007057519302898552
40.4175,28.9675,0.012501864836314325
40.8208,27.5418,0.0052873158020745326
39.9812,27.0535,0.0014696751250404816
40.1902,30.0218,0.0028636306555990254
40.2988,29.969,0.0106920694831254
40.7737,27.3668,0.008179005791108307
40.3297,29.9802,0.0037564416326478778
39.8673,26.3475,0.1727327485052652
40.6425,27.3147,0.08559338423345164
39.9127,29.8983,0.024371121851882283
40.6472,30.2785,0.0454760562907246
39.6523,27.5638,0.10340686372676422
41.8487,26.5218,0.2659318219947021
39.7935,26.8298,0.009045199183163266
39.604,27.4895,0.05456810894730979
39.6362,30.7108,0.1126660274934238
40.5308,29.5313,0.01113478478447194
40.682,29.1707,0.012038534554317026
40.2397,29.952,0.02436472685525204
40.9513,30.416,0.38961899350854445
40.366,30.1075,0.06084861437607447
40.6107,27.5832,0.03058760666158078
40.5337,27.1637,0.11203367585802138
40.671,29.1705,0.001288172353443362
39.7378,27.9867,0.1407271528283356
40.7712,26.3485,0.05168985401291959
40.5555,29.0498,0.02119099861532603
40.5725,27.5425,0.01646652236509094
40.4173,27.0993,0.013448273122205867
40.875,27.9433,0.015643816128850352
40.7875,28.0082,0.014129916620725602
40.3912,25.9093,0.008989534559655121
40.3913,26.056,0.010610388587258823
40.3515,25.9962,0.00018087762305618593
40.8002,28.2195,0.08330462741027111
40.4207,29.1438,0.006977479265389386
40.5835,26.458,0.07862220717557111
39.613,28.8388,0.2987035827082736
40.358,27.4578,0.017059313194881076
40.5523,30.109,0.12161257981827134
39.6008,29.0112,0.19601071847659957
40.0965,29.1417,0.18184229677932073
40.8943,28.6897,0.03600312136663064
40.9033,28.7025,0.0006433186492569298
40.8375,28.6182,0.0027272121979619035
39.63,26.4197,0.07929912585739007
40.3935,29.1713,0.011246079928533992
40.1292,28.0828,0.13968182179082833
40.4973,27.2157,0.05316107036424378
39.8298,29.939,0.15717615921896466
40.1618,28.8282,0.06752657414833863
39.6095,28.918,0.04618581524656007
40.7737,27.4847,0.008183704495923316
40.3535,28.4482,0.13755383427151602
39.7467,30.5255,0.008563885992238895
40.73,29.2675,0.0251122147722993
40.0842,27.1387,0.15465537305981392
40.6002,26.593,0.11263367233724875
40.6288,26.6132,0.001551996673498257
40.1095,27.1327,0.0008823004149007829
40.6608,29.1958,0.0050695311426457446
40.2408,29.9285,0.009206293868708637
40.137,27.1643,0.00498907473617316
40.1793,27.9813,0.052165241937679796
40.2347,27.909,0.0392814319872512
40.6557,29.3755,0.006456156610037733
40.6813,29.1973,0.0021193400350280056
40.1347,29.4427,0.0108809780340261
40.384,27.8232,0.029339838341504776
39.8945,25.746,0.05345038207004116
40.4403,28.9353,0.022312170741142445
40.9023,28.035,0.041188365973122254
40.2425,29.997,0.005839700607258691
40.1255,29.8035,0.2580889394647895
40.6782,27.412,0.0186802098238793
40.5882,27.4263,0.0007421972369016094
40.9987,25.7672,0.9043640072300816
39.9553,29.9792,0.06663591701048532
41.6263,27.9158,0.0361974877274831
40.7618,26.3622,0.01216273354922004
40.762,30.376,0.05614936549255223
40.0055,27.4145,0.08572105612589287
40.6098,30.3283,0.03045461585565301
40.1518,26.7132,0.6587618315438006
40.6438,27.0293,0.4281443208390209
39.9223,26.9902,0.011351347803561396
40.423,26.1488,0.02393271007313391
39.7912,26.099,0.039475371990219665
40.2473,30.0048,0.0020463814497634347
40.13,29.4768,0.014645063761481891
40.5393,29.5552,0.008008795652340361
40.4108,26.9105,0.0604652426422444
40.4742,29.0412,0.02701010750091215
39.6078,27.1087,0.2074454546595671
39.6795,29.0728,0.06945364285805855
40.2197,29.9442,0.0075437885281330885
40.1782,28.9315,0.03470498796862398
39.9248,26.2402,0.16037240118943363
40.3483,27.7568,0.06506381083624713
40.4578,30.3045,0.11133419919334053
40.7627,27.3455,0.010049120871119088
41.1168,27.7445,0.09937201657616102
39.6133,27.6037,0.11992191561777754
39.607,27.978,0.10954373187628852
39.6163,27.543,0.0035692264862904333
40.3855,26.9223,0.010573959428014756
39.6038,29.2827,0.045869315201525374
39.6457,30.6678,0.04486152442911262
40.0867,29.4203,0.06833167350837
40.3508,27.3255,0.08378457778228887
40.742,30.033,0.12436118948159902
40.0245,26.9402,0.012744253359719626
40.3262,27.0652,0.010078091066060058
40.7382,30.6393,0.019985752875806284
40.7325,30.6317,0.00018338073826107415
40.3925,27.6815,0.09354072739091202
39.6467,27.4473,0.08698085990615823
40.7695,30.6922,0.007473821874155018
40.2353,29.957,0.0037168611484929004
39.9055,29.9273,0.018835814971989717
39.7767,25.6497,0.023434356087219776
39.9893,28.0832,0.01643225157826811
40.3763,26.1305,0.01752952718238221
40.3598,26.121,4.054286078314373e-05
40.3747,26.1377,1.544091043026441e-05
39.6505,29.3543,0.023385200257931893
40.1463,29.4525,0.007790744123082671
40.1487,29.4583,0.00012914681560238783
40.5127,28.0362,0.3004840671155705
40.5043,28.0982,0.0002090908784913026
40.4812,29.2108,0.006988265967793228
40.246,27.8135,0.08427911828284784
40.6313,29.0565,0.004368302297796722
40.461,29.0767,0.010906836020892485
39.649,29.5108,0.016779706110789716
40.4138,28.9495,0.007212474563596194
40.4913,29.1307,0.004047081351845727
40.5012,29.1522,0.00011487932801712564
39.6283,27.447,0.006271160095027373
39.658,29.5135,0.0009852585870240294
40.4077,27.5025,0.04539826268774427
40.3897,27.0677,0.023876421249453994
39.693,29.4978,0.0020162805038220766
39.6877,29.4822,3.7667564738108616e-05
39.9822,28.1428,0.011684142516122153
40.4708,29.1037,0.0025712120076312184
40.4568,29.1105,7.434302418063421e-05
39.6813,29.542,0.0023004070119689857
40.1938,30.0003,0.004201577478959551
39.6013,29.7417,0.22772239795447002
40.3852,27.8635,0.01520622160083418
40.4468,27.9318,0.017030796111778934
40.6067,27.4478,0.014978693935877918
40.5843,27.8935,0.07254234393338821
39.902,29.9853,0.017548528848941536
40.7147,29.238,0.011543155077403
40.7078,29.2228,2.0346994127007356e-05
40.7042,29.2132,0.00022846411995947058
40.702,29.2383,9.739478818771019e-05
40.7047,29.2335,7.187094011040784e-06
40.7147,29.234,4.356361854196411e-05
39.687,29.4848,0.0007775380051462388
40.3738,27.07,0.0027197077274981885
39.6765,29.4923,0.0005161279425810461
39.6802,29.5027,0.00020341457868788826
40.5798,27.3543,0.047467103701488544
40.579,27.355,0.0003012483785993503
40.6807,29.2695,0.0023801991453520355
39.644,29.5463,0.0031450935856680573
40.576,26.9518,0.30821066388058227
40.252,28.9458,0.10254024943579088
40.8195,28.0962,0.014757579202690718
40.8518,27.8952,0.010117919177234369
39.6525,29.6213,0.01912264551916132
40.8657,27.8422,0.005247096903138848
40.4223,27.8558,0.016668115495106606
40.6732,27.465,0.011519226395198201
39.942,27.0212,0.019180210798015462
40.4562,29.1108,0.0015179280535814188
40.7023,28.974,0.04836549451495953
39.8822,26.237,0.07845969623492555
40.835,28.1133,0.002109615674837917
40.84,28.6798,0.023634447638580247
40.2477,29.453,0.09000888082938407
40.6982,29.2455,0.0005818344155441579
40.3553,27.1182,0.012407095096596543
39.7167,29.9642,0.15222336687977078
39.7245,27.8473,0.06497461384888015
40.7015,29.2122,0.00032461515098547444
40.7042,29.2068,4.3078531197782155e-05
40.7255,29.2012,7.689424782864052e-05
40.7035,29.2115,3.146899399830705e-05
40.6948,29.2182,5.097785722152359e-05
40.7093,29.1948,4.2102707228597325e-05
40.6992,29.2198,3.180988768125559e-05
40.1763,29.4097,0.029425274831564874
40.4597,26.9858,0.043211041826822116
39.6017,25.9058,0.13034151582295772
39.7498,26.1985,0.10933396023195563
40.7123,27.4902,0.005520708336605784
40.7942,27.3963,0.005283224263954667
40.6867,29.2345,0.00022857282912391863
39.6647,29.3803,0.009464856279637779
39.6858,29.3957,0.0002313635508276457
39.6193,29.3968,0.0014889415140539874
39.6133,29.6182,0.010652794242705932
40.2133,30.0248,0.0038607873285850802
40.5397,29.539,0.005149527691847067
40.5772,30.3032,0.009797438983563445
40.746,27.3388,0.005547754682962314
39.7522,26.0135,0.020391424087324306
40.3125,27.0787,0.0071444096928438006
39.6783,29.4882,0.0007222088868287235
40.261,27.8538,0.015449923817605904
39.6682,29.5218,0.000581953870864016
39.8387,26.1657,0.04313074067335765
40.8005,28.9983,0.0666787026268032
41.1985,30.1332,0.9627340494128362
39.6512,30.7493,0.03998149323372591
40.7322,29.221,0.0009602983697043488
40.1132,29.5075,0.0249207964619651
39.6622,27.4953,0.03219058282131548
40.484,26.397,0.1362198792281034
40.4727,29.2205,0.0035396032645725883
40.0262,27.135,0.15804696891984082
40.216,29.4103,0.02291363783255218
40.2472,29.9835,0.00442000394435782
40.3635,27.844,0.013090320211488815
39.905,29.2718,0.07755872682774712
39.9218,27.2825,0.06972452914207339
40.5527,27.2185,0.06697489904325027
40.7088,30.3443,0.012965760484226485
39.6297,26.0348,0.04771192787204348
41.1182,27.7432,0.007311247812198496
41.7987,27.288,0.8130225121543134
40.3542,27.9318,0.020744831122727736
40.727,29.2868,0.00552303147746902
40.1902,30.0048,0.0021895315064169862
39.634,30.7598,0.006422033028313345
40.4423,29.2008,0.004555113262673216
39.9672,28.1118,0.009143840336394926
39.8972,29.9447,0.009306106363483502
39.6767,29.9573,0.05397559206933966
40.2208,29.0533,0.08025305950397255
40.6552,27.6113,0.0547667260293313
40.6843,27.703,0.011566022722851566
39.7452,29.1852,0.0904352880396897
40.0712,25.9582,0.6640517489070881
40.3997,26.0733,0.011910850412852225
39.6568,30.852,0.05337282752800232
39.6207,26.5283,0.2596412780420918
40.2587,29.431,0.01152479025794817
40.3275,27.237,0.09237308685565015
40.2073,29.1702,0.08632503693973326
40.7878,27.819,0.008060616771166762
40.598,28.9865,0.004572325999789295
40.0093,26.9752,0.017441496209229745
39.6257,25.6998,0.10634080718143324
39.7085,25.6488,0.0036443605252099998
40.4772,27.3077,0.10469580220289221
39.8987,29.1522,0.1154466734529499
40.5872,27.4232,0.006320750559241084
40.7537,29.1987,0.004686715742290182
40.9807,26.6897,0.9921982675078161
40.9895,26.6795,3.1760307513395425e-05
40.2427,29.9308,0.007028141625562312
40.092,29.968,0.06691980079345228
39.8698,26.801,0.029783542819335374
40.9888,26.6608,0.0011657501075568177
39.6693,29.0312,0.06569432742571268
39.9703,29.5472,0.3034612380633266
39.9027,29.1553,0.0017791433384791722
39.9033,29.1422,3.142570978686976e-05
40.6573,26.5893,0.09561344721992238
40.3967,26.1563,0.008762340883515907
40.7922,26.3485,0.0286108424362288
40.5285,28.285,0.5069382876477283
39.8993,29.9132,0.006423524422440541
40.0043,28.0542,0.01949116610290713
39.6055,28.934,0.020413583911152555
40.6913,27.4555,0.00694850912624867
40.1243,29.4695,0.007204024277035148
39.9242,29.1483,0.0025193962921261637
40.6622,27.4872,0.004843851901256135
39.7728,26.063,0.02030134204187295
39.8443,27.635,0.13036130670178747
40.8602,28.7097,0.014458732728962254
40.4388,29.0725,0.012285280522076447
40.4255,29.0573,2.1178223991280554e-05
40.7082,27.3907,0.00804629216863384
40.5982,26.9605,0.04289568376599018
40.8078,27.7385,0.0039469024401954655
39.9817,28.0867,0.004410501429062519
40.815,27.538,0.007578028544966697
40.43,28.94,0.006365088443001876
39.6562,29.301,0.056959607872809626
39.7848,26.052,0.0034403642105581556
41.0652,29.727,0.6205163129634619
39.7713,27.9058,0.05469146310876205
39.7738,27.8968,7.5938131646191565e-06
39.7728,27.8888,1.5372133019053713e-05
39.7748,26.0277,0.0005577266772965883
39.7665,26.076,0.0006411118327525056
40.0617,28.03,0.03793073620623166
40.215,30.023,0.003459261842352346
40.727,26.3252,0.07327253857646032
40.2635,30.0055,0.003266778228929512
40.041,28.7687,0.12454318919155838
39.6202,27.0933,0.029168581461685772
39.7537,28.7042,0.3218871768149574
40.5377,27.5218,0.07593284252423327
40.2327,27.0332,0.05295440350037073
40.26,30.0135,0.001068581941253588
40.094,27.2635,0.12386913054720627
39.6437,25.8198,0.041130364362829575
40.6677,27.6588,0.021899214657859156
40.3658,27.0055,0.047156005363888975
40.6123,27.4395,0.005936657459501116
40.3098,28.8078,0.17083303945780226
40.3542,29.2002,0.047983294630901896
40.2643,28.302,0.04844751848442996
39.647,29.0738,0.021682063641928817
40.1547,27.2263,0.06927850252663781
39.7448,30.2322,0.07877324243909001
40.5823,30.3418,0.01831614896332645
39.6605,26.0792,0.08255965187340741
39.731,30.795,0.07255888664599153
40.0097,27.3765,0.055401218419722675
40.4983,26.3873,0.024939493584054007
40.8003,27.8518,0.013714216412699876
40.7348,27.5107,0.008356408281804062
39.6812,26.4252,0.10205948051914537
40.7593,29.2443,0.010651708982079344
40.0153,28.4745,0.14170122342824032
39.825,26.7595,0.08704611871471302
40.4262,27.1938,0.07116115738457396
40.8193,27.6095,0.018726818653351907
40.0507,27.7273,0.07334038589247338
40.6595,25.8777,0.7387834066215706
40.5048,29.1917,0.009593693561718575
40.4887,27.5452,0.07706690483925627
40.0913,29.3488,0.08801948217137356
40.6123,27.2617,0.05083796440483579
40.5172,29.5137,0.02110585683747146
39.6545,27.7583,0.07292082568869218
40.2635,30.0328,0.005007409409534147
39.6308,29.8583,0.4702185399019094
39.9842,28.097,0.003831688038122616
39.9897,26.9487,0.017994719512521407
40.2993,25.9398,0.03487547931826729
39.7547,30.217,0.006481402496649413
40.629,26.9492,0.04869932311244207
40.7288,29.155,0.008736576549143948
40.5952,29.0303,0.0031953729624393246
40.7215,27.4913,0.0034336478713428153
39.8515,29.2417,0.05606085669167904
39.707,29.106,0.04714333825531192
40.7105,27.423,0.003929870519396417
40.8162,27.934,0.009365942439482522
40.004,27.3955,0.005993733250850952
40.8058,28.939,0.11685154428591571
40.2978,26.865,0.30784747320329375
39.6133,30.7422,0.029946927269983936
40.1878,26.9092,0.010179100146196163
39.6215,29.742,0.04634093912741688
39.9305,28.9603,0.11700664526955784
39.7062,29.7363,0.033217602195072304
40.1123,29.4247,0.019748377245712545
40.525,30.2633,0.08396030025577372
40.601,29.2883,0.0327219457648007
40.745,29.172,0.0026133183583540998
39.9357,26.9847,0.010476738942834962
39.7165,26.025,0.03932008605604498
40.3538,29.8702,0.23611132911486388
39.8968,29.1688,0.005428504356994046
40.4088,26.0318,0.021259505980421922
40.016,28.1345,0.02047919758440564
40.5217,27.5497,0.014674368028597007
40.6505,27.3795,0.020134364883765743
40.4423,29.21,0.004453206446836888
40.1375,29.9842,0.01412446430919756
40.3502,29.8638,0.0012914917286038774
40.2992,28.3238,0.049273840335751995
39.9012,29.1813,0.0011022655577618279
40.6545,27.5848,0.02167198369464296
40.771,26.351,0.01165317794037235
40.425,28.428,0.10799199155021699
40.6227,27.2175,0.020843318084690754
40.8088,30.8817,0.03789612144368648
39.9017,29.1777,0.000446910895153696
39.7655,26.062,0.0036783138830229767
39.7218,26.0653,0.006231450923133597
39.6647,26.1437,0.012422131384043578
39.7622,30.2325,0.004715550894053955
39.6835,29.511,0.0036735097111560977
40.3105,28.294,0.006099180125848425
40.6022,29.0067,0.0020067770916839534
40.7478,27.5052,0.003992319133553468
39.998,29.2615,0.16006116520707825
40.6473,29.149,0.011496916551737901
40.4297,26.2245,0.07724571190337348
39.6718,27.5563,0.0344073513558808
40.6162,27.4813,0.016118317413120864
40.8057,28.7373,0.09794375458102711
40.9615,30.517,0.6219666209499192
39.9205,29.1908,0.0028752742126274544
39.8422,29.868,0.1604374594675515
40.7905,28.1418,0.05125678634006958
40.4475,26.2677,0.011479111859444613
40.0177,27.9808,0.041983114845715486
39.915,29.1973,0.000417842675886515
39.7092,30.7848,0.01836690788566442
39.9043,29.197,0.00020310440650972428
40.3572,27.869,0.018384096827362417
40.55,30.274,0.0147171476276452
40.353,27.8635,5.677828647132621e-06
40.509,25.6378,0.18698173461277645
40.5108,25.6093,4.198276942402046e-05
40.7515,26.1817,0.32506863788917784
40.0172,27.091,0.06530144646653302
40.2392,30.0113,0.00366344323982426
40.7008,27.5178,0.005789505920376081
40.1552,29.8518,0.1112394515324624
40.5018,26.1672,0.06224225850581144
40.7938,25.747,0.5821505551106823
40.5937,29.2505,0.012671508492627104
41.1202,27.7513,0.009756810339899391
40.6083,26.9455,0.009561406746480872
40.107,29.449,0.008477528565207892
40.023,28.095,0.011876784945430319
40.6437,29.1118,0.006457222630126824
40.0987,29.4263,0.00137206342940277
39.668,29.2438,0.09865450348929883
39.922,29.1283,0.005141395253787762
40.6403,29.1573,0.0018018882222622379
40.7098,29.1553,0.00321522010659292
40.7128,29.1748,0.00016595579985778652
39.6603,29.1522,0.03145692288022783
39.9065,29.1927,0.0005579601433479686
40.716,29.3323,0.023962121526866942
40.7115,29.1997,0.0005824372689509083
39.8935,29.2297,0.0021982393190628224
40.7538,27.6507,0.060512034992867725
40.421,25.784,0.019855570011749757
40.4008,25.7282,0.00040341302074509144
40.4045,25.7397,1.3889780309028765e-05
40.4122,25.7127,1.857257591730832e-05
40.4113,25.679,8.851605123605388e-05
40.4228,25.732,7.565158243494352e-05
40.42,25.78,2.4065641387571723e-05
40.429,25.7192,0.00010996376319583057
41.046,30.3562,0.6594180022261656
39.8655,29.1793,0.004127571425806664
39.89,29.165,0.0010436405775534618
39.9447,29.2095,0.004523173343590869
40.2623,28.3055,0.008218095532841252
40.2228,29.9948,0.003651696209681754
39.8943,29.1952,0.0005541948708009947
40.663,30.454,0.09408725802476103
40.6672,30.447,6.713646451439459e-06
39.9022,29.982,0.01017187356021998
39.6372,29.7682,0.03199789802664055
39.7102,29.5385,0.011882405890923375
39.7818,29.8185,0.048827604265511027
40.1887,29.0675,0.059746837886695436
40.3143,26.131,0.09912068448675904
40.0305,26.9325,0.011161642991904475
40.1828,29.5048,0.07979851966505558
39.8947,29.1415,0.0014937248696178518
40.4445,27.539,0.041069280210269676
40.2527,29.1267,0.06657180503794202
39.9262,29.197,0.0009177675271440089
39.9563,27.5252,0.35826675295656885
40.752,29.2277,0.004570539122114137
40.1823,26.8775,0.018350898180258923
40.1257,29.5142,0.012046071840302708
39.9018,29.16,0.000545432699421311
40.6855,25.6413,0.18372927106769132
40.4712,25.906,0.06790928983735978
40.3895,26.29,0.0812851183786305
39.901,29.1555,0.0003087754483332983
40.5897,30.4107,0.05326763108258603
40.436,29.1698,0.006972637571133755
40.3872,26.2898,0.00043673078385064734
40.5373,27.8088,0.17546898295550883
40.549,27.81,1.6187727647110073e-05
40.4925,29.2155,0.006191629143437627
39.6618,29.0777,0.010106297227271632
40.3652,27.1105,0.01352411483232685
40.8798,28.021,0.027652746041681664
40.5395,29.5403,0.005692933059339711
39.9133,29.8882,0.013505621852459182
40.4585,29.1457,0.0037735515160740585
40.7285,26.1982,0.02696722316768252
40.3017,30.097,0.12342886945940235
40.381,27.8718,0.007193575170371003
40.407,25.9118,0.012501467195084381
40.1945,29.992,0.003954303432832651
40.1822,29.9998,7.11671442055195e-05
39.6505,28.9158,0.09321301139617455
39.7893,26.0503,0.00546514868049397
40.7035,26.3198,0.05469620692951871
40.2927,29.0642,0.09431112045589207
40.362,25.8838,0.007597151642124045
41.124,29.6772,0.46974926390761895
39.8957,29.1708,0.0007693143202943675
39.8967,29.1783,1.3335535014258326e-05
40.8115,28.1233,0.011245649443930805
40.3683,27.1848,0.011198405441128378
40.4345,27.5182,0.007460852762133707
39.6277,27.8993,0.04677462689459977
39.9032,29.1872,0.0002743783899630259
39.9313,29.0947,0.005530958605678871
39.8782,30.1207,0.16420042068871943
39.702,30.7877,0.006768205391966209
40.1217,29.502,0.003798546667139746
39.6595,29.0067,0.02621286264306122
39.8965,29.9043,0.0043346828435116835
39.8963,29.1723,0.00023217599606328854
40.5065,27.39,0.10246094026903263
40.6073,29.2097,0.022730593677139477
39.7577,25.9472,0.10052004190107922
40.2022,30.0178,0.0020846772863833962
39.9118,29.1757,0.0002841996919136225
40.7313,26.2182,0.007841281571280834
39.9717,27.3962,0.040705782921180544
40.9263,26.5517,0.6524979946786021
39.9838,28.0658,0.0072942930824450025
40.7717,26.3602,0.006898097888581867
40.124,28.0965,0.029327997202064582
40.7618,27.4437,0.008197059427403897
40.6517,29.139,0.003589398941831523
39.671,25.6163,0.1204299182392532
39.884,29.179,0.0005801379856952282
40.374,27.1238,0.004507824610784694
39.921,29.2008,0.0006928316911870569
39.731,27.8913,0.032957278266459
39.7123,27.8825,0.0008561500397685773
39.9755,28.075,0.001379875824952359
40.8343,27.9163,0.009996180179066338
40.8612,27.8922,9.82225811820836e-05
40.3757,25.9095,0.004219183292518913
40.2647,29.994,0.005074633155039643
40.2098,29.9653,0.0037125824832169307
40.4587,28.0628,0.14194259633301354
39.6943,27.5447,0.018046615019616352
39.6785,28.0238,0.0584091879736518
40.5158,30.3032,0.03143850852969432
39.6363,28.9747,0.01886915850821813
39.9067,29.1922,0.0004585277334304694
40.3968,26.0527,0.009532243009019337
40.8755,28.7108,0.013227842169855841
39.8585,30.062,0.04853775195481658
40.8212,27.6922,0.01474077698505416
40.869,28.7128,7.771109952836586e-05
40.3892,27.851,0.007262338159224946
40.7295,29.1635,0.0032957833646354295
40.3472,30.0697,0.06464890329898754
39.8968,29.1732,0.0003950005605171114
39.9113,29.1913,9.245241005861882e-05
40.8147,27.4983,0.015444091476467192
39.6345,29.2042,0.06911137235923503
39.6433,29.0328,0.00698885345727529
40.29,28.255,0.04858146772838867
41.477,27.8085,0.8440684819511326
41.8085,27.3325,0.2341198820566609
40.5438,26.9575,0.09949133804695298
40.6638,29.0792,0.011363566912057754
40.3385,29.4865,0.42736527579784656
39.6325,29.3228,0.027864313606278612
40.5433,27.5727,0.03653920298380353
41.5642,27.8888,0.07472208676380121
41.0532,27.9077,0.5962427205623517
39.6858,29.1922,0.023112515742600204
39.851,29.1955,0.005458242916395406
39.9748,29.1838,0.006566618766085219
41.0188,26.6438,0.07947067008779685
40.188,30.3965,0.15153754857580015
40.0028,29.0323,0.117663628617661
39.9397,27.3628,0.025531738175143204
39.899,29.1778,0.0003899486070800817
41.8272,26.5037,0.09690600062763477
41.7942,26.6145,0.020189564417065653
39.604,30.6035,0.4429594290444342
39.9068,29.9205,0.004402861129933933
39.6463,28.601,0.17755853172579283
40.1608,29.9652,0.011430320183496434
39.8265,28.6555,0.047138363263769745
40.37,25.91,0.0023567866127844894
40.3985,25.9743,0.0018494564290064686
41.506,27.8257,0.027342375251484308
40.4423,29.2117,0.004266220660345765
40.539,29.1245,0.03451899035234329
39.7178,28.0182,0.03392935738734293
40.2363,28.972,0.05026642542903792
40.3013,28.3602,0.03632727172116024
40.6465,27.0302,0.030670981270489284
40.7127,30.1017,0.051306476669953804
40.7138,27.5535,0.012287235865571011
40.8337,27.7463,0.0054094632233258055
39.9617,29.1662,0.004972419655537186
40.1725,25.6455,0.5020812917483075
40.6268,29.002,0.0033252183233501986
40.7742,30.024,0.06467963177245428
39.9367,29.178,0.001000868224299567
40.2163,27.042,0.02999324452772778
40.8408,27.9043,0.0043869313978625035
40.5268,30.565,0.33421831316592177
39.7573,30.1128,0.17648725864520465
39.9717,27.3638,0.013252974515178706
40.1213,29.4308,0.007798761472334714
39.9033,29.9322,0.0025027324312679733
39.9553,28.7332,0.0855841352091894
39.9188,29.1605,0.0008265765301771477
40.3,25.6837,0.06753421868243004
40.1363,29.8913,0.05714838079313589
39.9323,29.1417,0.0006051878466413196
39.8677,29.1643,0.0018257484998602802
40.5962,28.9587,0.007266423415830392
40.5522,28.949,0.00011701701223920669
40.5867,27.0252,0.06114390977129347
39.9637,28.1265,0.009949389595519498
39.6428,26.494,0.06570000124401698
40.7065,25.9663,0.5461721708204008
40.1575,28.1625,0.14805108777392872
39.9373,29.1742,0.0008212991410280202
39.7288,25.6097,0.02077164610130311
41.5633,27.8987,0.006783088877541754
40.038,29.6052,0.21503812621612106
39.6107,30.6653,0.0689805239618424
39.8978,29.1807,0.0005224069007150334
39.927,29.1552,0.00014737295194433564
39.7353,29.5768,0.043087289474449175
39.9025,29.1717,0.0002181044502311824
40.1425,29.4315,0.005271139963385352
40.2208,29.9297,0.0121766664126437
40.4432,30.2457,0.15711283382136632
39.9005,29.9867,0.005215397039222691
39.9143,29.2008,0.0003801323790237898
40.4663,28.9428,0.024336548264129676
39.9103,29.178,0.00019901296164370752
39.9262,27.3193,0.01489796546176847
40.4448,28.9365,0.0008770852178101585
39.748,29.215,0.022972732818472008
41.8582,27.3243,0.18536337360957078
39.8915,29.1773,0.00028523655801915293
40.7957,27.7123,0.007215173526394558
39.8712,28.8805,0.02644679106367509
39.9187,29.1778,0.0002642972008976008
40.1202,30.0425,0.028442653727187905
40.6157,30.4602,0.06950138330422928
39.9045,29.17,0.00014044504833776728
40.1995,29.282,0.15872750283858084
40.9473,30.0543,0.8092073221758802
40.828,27.9447,0.005866435604395703
39.6557,29.0753,0.005967986701638561
40.4868,30.0155,0.11186540990128901
40.7173,29.2732,0.00945708796675504
39.6368,28.0288,0.051493363092207756
39.8283,27.8813,0.05758808585658648
39.9647,28.6805,0.05076641864900222
40.252,29.1192,0.017201059321497403
40.653,29.142,0.00417558774346527
40.5577,27.7705,0.043653871012184875
40.4678,26.9433,0.07765066141685117
40.766,27.9675,0.052670185641278455
40.8187,28.1168,0.004261116273069909
40.144,29.9383,0.014905516658022977
39.8627,29.4803,0.3526085223147364
40.825,28.0167,0.010039074043649787
39.6895,26.0428,0.029262156437040776
40.8388,27.7603,0.0045169620975484825
39.9207,29.1468,0.0008745580867439706
40.8687,28.291,0.1446698611650018
40.6935,27.9388,0.05948061916135616
40.2573,29.8833,0.05230242536247465
39.735,29.5355,0.01588459306348078
40.8302,27.9902,0.002459669757834404
40.7022,28.0055,0.012717728936168182
39.8148,27.4508,0.21498395900896428
40.8615,27.4177,0.1419122646695068
40.7503,29.1665,0.005900121346142928
40.1552,28.3238,0.07136745674969702
39.9288,29.1945,0.0009021102304964668
39.908,29.1752,5.95738756907771e-05
39.9052,29.2063,0.0006193016268303264
39.9253,29.1595,0.000375431110765323
40.7662,27.4727,0.008193273785630617
39.925,29.1698,0.00026433492473987297
39.782,29.3672,0.08560622930823181
40.1345,29.8723,0.01078447503354485
40.0918,27.5967,0.11469412001233426
39.9575,28.6985,0.006437440798054306
39.915,29.1492,0.0004317575537988727
39.804,28.9047,0.06453447395722567
40.6265,26.5865,0.03498769134890112
40.285,29.2905,0.1674247562888429
40.2487,25.8367,0.12305339076851318
39.9052,29.1843,0.00030484215958304084
39.9108,29.1925,0.00021453839648766238
39.944,27.3605,0.007545720137112855
40.8302,27.6218,0.020084818417530848
40.7648,26.3247,0.021266110921977166
39.9133,29.1853,0.0002051334713323305
40.7957,29.6057,0.6561478749120531
40.1943,30.0247,0.00420255626805599
39.9137,29.173,0.0001892106475887001
39.655,30.2358,0.1945680910513038
39.883,29.2272,0.0018789107699790364
40.8538,28.3132,0.012296592782286786
39.8375,29.904,0.04482689022538977
40.7338,30.1203,0.029757347161497694
39.98,27.7708,0.1051813542993062
39.9708,27.7675,2.3608442871969615e-05
40.1587,29.9398,0.006346144076310289
40.6623,29.0973,0.00831083859990056
39.9267,29.106,0.003204839435069773
40.1403,28.8805,0.0608270609103464
40.6558,29.098,0.0003028587490633283
40.8717,28.2375,0.030713052574038002
40.147,29.9612,0.0017889921863096792
40.1513,29.8418,0.009460157877368092
40.5712,29.5728,0.07638428333268366
40.7605,27.4308,0.006079944860713726
40.8402,28.1248,0.008206891824929952
40.857,28.1763,0.00012102935132662918
39.9118,29.1573,0.00041808051632752363
39.8962,29.1887,3.103896549272456e-05
40.436,28.7755,0.051293116375914605
40.7675,26.3277,0.0026376912668373276
40.7678,27.5987,0.02877350367744569
39.9445,29.1608,0.0006387060494685848
40.849,28.1488,0.0003146238292934811
40.1542,27.6723,0.07496475263784308
40.7942,27.8138,0.007132880001238795
40.735,27.5437,0.004318638274013131
40.5292,25.7398,0.08477599694858162
40.57,25.69,0.00019763654038496004
39.78,29.4793,0.03502319350505323
40.1208,29.9377,0.006786095114958202
39.904,29.1685,0.0002253945348539288
40.0615,29.9488,0.005034189583256188
39.7065,30.798,0.009633340031298676
40.0052,28.3118,0.3853564463925718
40.1138,27.0727,0.09554964322537285
40.3827,27.8463,0.00821754159996757
40.4248,28.5752,0.08064953765303529
40.8473,28.1385,0.0004245728353529099
40.8463,28.1312,4.673073212735357e-05
40.0968,29.0315,0.043999447831714944
40.8142,28.106,0.0011402505941797703
40.8277,28.1855,0.001933874103224098
40.8643,28.1178,0.00023681633877759012
40.6592,27.2262,0.08194904931973168
40.3105,29.6327,0.29362994037083756
40.0943,29.0147,0.0008876942538589283
40.8898,28.7233,0.010905307345500104
40.1227,29.9825,0.006425684199341641
40.4013,27.256,0.060749812013161875
40.1283,29.9997,0.0014446924109257075
40.1542,29.9382,0.0003483718546446468
40.786,27.593,0.005933601561849744
40.8015,27.5078,0.005250000314594994
39.6425,27.8778,0.032351222814021585
40.6782,27.6837,0.027757898191877906
40.5065,30.3632,0.14091603802286756
39.7115,26.5988,0.2007961435702621
40.435,26.008,0.0355979659690866
40.4368,25.8685,0.0021612666571011463
40.7293,30.5827,0.023249831579673197
39.931,29.9477,0.020268210236134343
40.4398,25.9553,0.01222772234608882
40.15,29.468,0.01221225967386208
39.625,27.4553,0.021160975189248976
39.621,27.5133,0.00041883884026083784
40.7305,29.1702,0.0034599992873336483
39.9648,27.3385,0.012340322867960274
40.7322,29.0912,0.014616657495596375
40.7487,27.615,0.009609545342555093
40.7075,27.4888,0.0058987596756646665
39.8748,28.2303,0.347668616465859
40.7145,30.672,0.022965620425479116
39.9978,28.061,0.00833909217913742
40.7305,27.5903,0.0045430542217695935
40.1907,30.0148,0.002843768690872217
40.1003,29.781,0.11389466401159876
40.7457,27.5572,0.004939448168661986
40.3073,30.0348,0.05468967362525712
39.6535,29.3263,0.02327387526141267
40.6955,30.5625,0.020899811391913214
40.4825,28.7073,0.16720697802245832
40.688,27.697,0.006760894358846525
40.8023,27.6808,0.010352352754563143
40.3933,27.9575,0.07006240769286132
40.4458,26.0152,0.006821921584320267
40.4203,26.0227,0.0008427572165951025
40.8292,28.109,0.0018065744087503166
40.3212,25.865,0.009322482902650586
40.3355,25.841,0.00010828455228351075
40.3323,25.874,7.312503718204244e-05
40.3333,25.8587,1.6454480460947885e-05
40.334,25.8645,8.631552917415242e-06
40.3433,25.8787,1.5496113793034283e-05
40.3315,25.7912,0.0006169873023453842
40.0983,27.5795,0.02099223731828681
40.2822,26.0103,0.03910028864330206
40.354,25.9018,0.0005144266287585575
40.3798,30.0182,0.041408083259872
41.5605,27.8573,0.04492651998924846
39.8752,26.9197,0.31501947103831096
39.9732,26.871,0.002395403618417613
39.8952,26.8983,0.00020165075157507761
39.9458,26.8543,0.00021549882921223507
39.9275,26.842,2.1660322636507523e-05
40.0098,26.9222,0.0008830588898970371
39.903,26.8602,0.00010151386553580721
39.9535,26.8678,3.0657968110303635e-05
39.867,26.8242,0.00018473845139743705
39.9112,26.8767,0.0001048008731259209
40.4147,29.0023,0.013570482770298153
39.9578,26.919,0.0006917791029201759
39.9395,26.9062,1.4340159563142052e-05
39.9297,26.9055,6.313631090382188e-06
39.9613,26.9237,9.280692306656846e-06
39.9717,26.9817,0.00015798435301150882
39.9543,26.9113,9.230086140177285e-06
39.8187,26.8693,0.0012192604222418524
39.9417,26.8697,1.848152821559701e-05
39.9505,26.9012,3.749554796761423e-06
39.9362,26.9207,5.005026050941552e-06
40.0593,26.985,0.001046720562654424
39.9662,26.8495,4.0432356608222086e-05
39.9517,26.909,4.82629177234184e-06
39.8792,26.9002,0.00011320786688573392
39.9337,26.8902,1.4536927374964037e-05
39.9352,26.9148,1.6182530083619362e-05
39.9273,26.8438,5.285772165231073e-05
39.975,26.9163,6.001371517438958e-05
39.9892,26.9078,0.00014734650103664926
39.9338,26.8742,6.373771766587932e-05
39.9343,26.921,5.1935357481491806e-05
39.9395,26.9133,2.6295115794772173e-05
40.6542,27.4728,0.01528954876749633
40.321,25.8193,0.0013330027193725336
40.7773,27.7102,0.005719086889135583
40.5298,27.7332,0.06320050664132892
39.9548,26.9065,5.5024150132476635e-05
40.3767,25.7365,0.008308493492608982
40.42,26.34,0.11903959982653489
40.496,26.322,0.00010855596680348079
40.4503,26.3147,1.139285429596626e-05
40.4193,26.2422,0.00020991143886495145
40.431,26.3372,5.572503467887735e-06
40.5965,27.793,0.029977823738757348
40.425,26.2933,6.507577195991043e-05
39.964,26.9243,9.465496738714219e-05
40.4313,26.3142,5.8347355116450395e-05
40.3383,25.9063,0.0011865633528310715
39.8873,30.396,0.591900756724008
40.4603,26.3323,0.00022783949093874156
39.9205,26.8347,0.0003099785831245372
40.4988,28.0922,0.036202778830207616
40.4563,26.2382,0.0017149184525901973
39.9652,26.9237,0.00012573839505913842
39.8777,28.0768,0.24786373508962134
39.9643,26.9388,0.00017816902059286654
40.7358,29.1463,0.004507531897914641
40.767,29.1467,5.463162602148408e-05
40.79,30.443,0.13042133416877078
40.423,26.2893,0.00039951078549427255
39.7413,30.1692,0.0580521892874144
40.4197,26.3313,9.788191492732246e-05
40.4245,26.3522,7.11315357655451e-05
40.4693,29.216,0.006242417729339866
40.07,26.9218,0.012760112910636945
40.426,29.479,0.2826016132722857
40.1185,26.9707,0.005109361601852713
39.9687,26.9512,0.0003152740207870153
40.0485,26.9298,0.00037221355045169435
40.4263,26.2788,0.0002584709810732333
40.4588,26.2627,0.00033607584533146273
40.0385,26.918,0.00023894500863819168
40.4507,29.1615,0.0042229887972485836
40.7708,29.057,0.017909810291606765
40.3282,29.4388,0.09206571594962998
40.4925,26.3125,0.0015382342582113129
39.8837,29.1212,0.006952197414760719
40.4397,26.31,0.000285093237815115
40.7323,30.888,0.18313146779119716
39.9702,26.8673,0.0004827167091800977
40.0177,26.9025,0.0003660438401864585
40.696,27.4422,0.008845525483267669
40.4107,27.359,0.06609270520724486
40.4375,26.2577,0.000565784575449868
39.8912,29.1838,0.0008633634614735319
40.6625,27.6175,0.018479154768488937
40.6488,28.9573,0.01867455308379906
40.7007,30.6245,0.010169089746417947
40.4525,26.247,0.000555515726753053
40.4012,26.5465,0.09980271805778607
40.421,26.4345,0.008933077901004394
40.6455,30.1925,0.048703403318098304
40.7628,26.203,0.050663630754859135
39.84,29.2307,0.012601645756296298
40.1855,30.0042,0.0028666235838811227
40.3742,27.144,0.01636734169986731
39.8715,29.3492,0.07140522947447159
40.4173,30.3492,0.2734769799989891
40.5473,29.554,0.0111899255168314
39.9115,29.1727,0.0005949298502466727
40.7317,28.9588,0.03852626774973311
41.6972,26.1865,0.8976985715296649
41.6472,26.6862,0.7204505202375637
40.5288,27.2553,0.06776363184470124
39.9188,29.1773,0.000285816579117526
40.2147,28.8975,0.05270005935196398
40.4863,26.4083,0.011875567599446857
40.6998,29.2303,0.0037984909388601995
40.4952,26.3782,0.0012637182274697345
40.0998,27.1032,0.03126827730628212
40.7258,28.9893,0.003097314576118282
40.4528,26.256,0.0008008297283943477
40.5203,29.3752,0.17280607189280228
39.6395,29.8522,0.05068356654756734
40.2438,25.6193,0.0911493901126017
39.6785,29.6697,0.09201742502347476
39.8988,30.1135,0.054414906427743825
39.9302,29.2515,0.007718693799484089
39.6217,29.7622,0.017915158705183787
39.78,26.1727,0.12265523747460061
39.9025,29.1737,0.0003462104023037593
40.6678,28.2862,0.6026191261834297
40.6313,26.6138,0.022870103952459253
40.3352,30.6515,0.7267590625745974
40.3892,28.1528,0.20171187011718816
40.0272,28.8718,0.15002343812789065
40.0062,27.3657,0.019849892814552628
40.3725,27.4643,0.02474842579342429
40.4017,26.0947,0.01518852928563219
40.9212,28.3918,0.281021186990435
40.8992,28.3195,0.0005396348282752372
40.7312,30.5428,0.014992895176089371
40.6765,30.5718,0.0001920699611572818
40.6997,30.571,0.0004915105814161658
40.4505,25.8823,0.01330630988161785
40.5858,27.4333,0.010038653774803952
40.335,27.5682,0.061192984164185615
40.3927,28.9923,0.01390863891433236
40.4028,26.2677,0.002787920434479174
40.885,27.9777,0.03801900394368096
40.4885,29.1925,0.005478442033698738
40.3925,26.2345,0.00318547176567896
39.6377,29.2568,0.06132616062649232
40.9503,29.2258,0.5708560713883977
39.8675,30.4595,0.10795079404816599
40.8802,28.6782,0.016969347454644845
40.4482,25.8772,0.0016172052491172373
41.7802,26.502,0.23463424987305948
40.6538,27.2607,0.035239128260213026
40.4545,26.3748,0.004468148032240493
40.2885,25.8978,0.011675918339154268
39.675,29.5517,0.016275999740859137
40.4563,27.2005,0.07326323712226113
40.4015,30.2368,0.05602160182644611
40.4423,29.69,0.5697891102069936
40.6565,28.0813,0.2080817398741086
39.6915,29.506,0.0045279395275223955
40.2065,27.8375,0.07860332151528937
40.3873,25.917,0.004555514202771449
40.194,29.9815,0.004825805570310426
39.6812,29.2453,0.02378807974276742
39.6802,29.5243,0.0015359487062405197
39.6525,29.752,0.026024525861084724
39.6005,29.0532,0.09087372257328086
39.6185,30.179,0.3108807742496933
40.5927,27.4072,0.009320431528343054
40.4328,30.336,0.01593868337732962
39.6697,29.3568,0.015213502059090556
40.4358,26.246,0.002083815194452221
39.9272,29.8393,0.07846149927948609
40.3923,27.0848,0.0165402900824132
39.9088,29.1862,0.0006056923576591711
39.9225,29.1343,0.001818424112218775
40.4317,29.1662,0.007096575321552612
39.7583,30.2102,0.018276310861840006
40.7655,26.1123,0.1176055080544105
39.897,29.1837,0.0004857348478438661
40.4375,26.279,0.001487722112495149
40.3753,28.7957,0.1120771895549394
39.9973,29.2038,0.025954456472049747
40.447,26.3173,0.0011949604848975337
39.9207,29.1583,0.0006488458689469789
40.1315,28.6085,0.43141998443690066
39.897,29.183,0.0003655155779340724
40.373,27.8608,0.009191502827197051
39.9057,29.173,0.00014980465831004874
40.7497,30.5762,0.014209501765179433
39.6223,26.8533,0.7700395859500594
40.1283,27.7575,0.12717993860353816
40.7615,26.315,0.011185761556073426
40.435,26.8932,0.1228677108777545
40.204,27.0757,0.06415773448835316
40.312,29.855,0.1426501109578776
39.9735,26.8383,0.0044932545514533295
40.268,29.9682,0.01633610814366171
40.797,28.1448,0.011825971644318978
40.8527,27.7647,0.010649642082592448
40.8552,27.7463,2.5745008328748042e-05
40.6083,29.0412,0.003935978288612474
39.9113,29.8837,0.010562231193918747
40.1275,27.8157,0.037918949016638615
40.792,27.4075,0.015284709133921104
39.8082,30.5,0.06969128501265776
39.8188,30.542,0.00036130380966514775
39.935,26.9407,0.0026237601781513575
39.9013,29.1805,0.00042763046130689375
40.1888,29.4468,0.06719285977513134
40.2152,29.9602,0.008316399825153531
40.7445,29.926,0.21299763144948114
40.6892,27.093,0.3916775300779669
40.3762,25.945,0.00707177542734283
40.7258,29.8975,0.002780695407880951
40.896,26.195,0.2869642105098481
40.5943,29.027,0.002435510437727828
40.2803,25.8442,0.01592940455916536
40.8858,26.156,0.0032701235225403025
40.8897,27.8383,0.046256025634865305
40.8595,26.1123,0.0035117475152096622
40.2498,29.1265,0.01715987986994394
40.1992,27.6602,0.1075844568926182
40.3763,25.8218,0.008543535147888415
40.6878,29.22,0.004662839119014772
40.599,27.3902,0.013162847415090773
40.2083,29.9342,0.006508573765604986
40.391,30.4202,0.27674421599304644
40.0012,27.0475,0.044573607269797644
40.7927,27.7285,0.005434097114534908
39.6137,26.1315,0.2521925561778169
40.8502,28.7342,0.02426046724752995
39.6793,25.8188,0.13262431355866466
40.7555,27.3792,0.008476906620815239
40.76,27.394,0.0006149014199594571
39.6575,27.3675,0.3666052983877415
40.3132,25.8963,0.0049144149803078685
40.9187,29.7992,0.3523854548708615
40.434,26.2173,0.006397054515283607
39.8083,27.5093,0.21879986669118623
40.9148,28.5467,0.2241114610363596
40.3313,25.8513,0.0017272489643824773
40.3157,25.8273,0.00012360326405036481
40.2815,25.9275,0.002713490543863495
40.3637,25.8003,0.0009653176997787005
40.3602,25.8732,0.0002603193160652939
40.3075,25.9335,0.0002869878645576085
40.1143,27.8557,0.0495113365008748
40.67,27.679,0.012280634601049223
39.7508,27.8658,0.03004950657786365
40.8328,30.8808,0.025333432820991875
39.7557,27.9027,0.003946399622961727
39.7578,29.9535,0.22471726742288411
41.4195,27.7068,0.8571892459599564
40.241,27.0312,0.02079505224142808
39.7462,29.6285,0.1083767280135739
40.8898,27.738,0.02537491182798912
40.2037,29.9485,0.0032706326607377934
41.1022,27.7528,0.03869801959625141
40.7997,27.868,0.019366817402617476
39.8545,30.3127,0.37142481270560335
40.58,27.34,0.024630933062837368
39.9195,27.696,0.13478978561810329
40.163,29.9252,0.00656411953332503
40.568,30.3493,0.03750362936003859
40.1022,29.4465,0.015294114242676238
40.5877,27.1598,0.07628702237081586
40.4307,26.2305,0.002147908124504716
40.18,27.7668,0.0808768548522718
40.0532,28.0897,0.05909372537697022
40.4613,27.9327,0.04005935780056513
40.4735,29.2167,0.005251469322071989
40.6778,29.165,0.008587772171360197
40.7562,29.1072,0.0063979393625090974
40.3848,25.8335,0.0031142124796379456
40.3167,25.852,0.0006659382660310076
40.4338,25.7107,0.0076743712559322885
40.4213,25.805,0.0006557700858546012
40.363,25.894,0.0004789511165632643
40.4627,25.8688,0.000298260848228149
40.3765,25.8012,8.927839229155854e-05
40.4405,25.7643,6.980208326767823e-05
40.129,29.426,0.008159567807657142
40.5708,30.3663,0.005407050733730823
40.5848,29.29,0.027819395773322486
40.5928,27.1738,0.005373615453989733
40.6512,27.6537,0.013437451805371037
40.6317,30.6287,0.05208568740836239
40.3088,27.6647,0.22590807773624144
40.3965,30.0202,0.01598148479129491
40.6415,29.1588,0.005884404742577676
40.3765,26.0247,0.02066606895551082
39.9445,27.0533,0.04589840134110723
39.8738,29.9828,0.030587071859171755
41.1103,27.7623,0.005927077183154439
40.1373,29.8845,0.012236126600517205
39.6943,29.2573,0.02146988964629548
39.6943,29.3032,0.0015575834390360033
40.6322,28.9945,0.005504024324141432
40.442,28.928,0.00840977179706015
40.4883,29.1997,0.0037212545382906415
40.3805,28.966,0.013013420233894735
39.6345,26.3932,0.10591811163702658
40.442,28.9148,0.00032199297216162215
39.7287,26.1027,0.0766183054314622
40.8292,28.1333,0.004135477116123054
40.9135,28.1843,0.008008677124916708
40.3882,27.3963,0.031368019747962106
40.8027,28.08,0.00520376154638702
40.821,28.0537,0.00016120353052451186
40.9632,27.9783,0.019850037001926335
40.8348,28.0907,0.0005140109938074344
40.8305,28.0662,6.925207803565314e-05
39.9042,29.8273,0.03611017374007108
40.8737,27.8817,0.018053543332112287
40.3658,27.9455,0.03089532867482081
40.7563,29.25,0.014491068513085792
40.6243,26.4605,0.20554135959849673
40.661,30.0648,0.27564591990441023
40.3233,29.923,0.06769310898393177
40.9115,30.458,0.26964447146435333
40.1455,27.2065,0.0775086455698315
40.4902,29.1738,0.0029588299960251474
39.7785,27.818,0.039536417870978835
40.1477,27.7038,0.05054992941453207
40.7042,29.7628,0.2483401812372532
40.3497,25.8022,0.0024492436846689225
40.429,26.2232,0.0021326024890818696
40.2845,27.0473,0.041301651799108496
40.1705,29.764,0.2080796463753587
40.4175,29.169,0.00949040351707986
40.5307,26.0597,0.15094385470129357
40.0913,27.6438,0.026093196288278886
39.8307,30.3757,0.13152290656315868
40.4227,30.4025,0.06581830102856101
40.3317,25.8563,0.0008985604896876165
40.4732,30.1672,0.2258147222304825
39.8965,29.9682,0.008663002104676076
39.8032,26.1135,0.038863591762322014
40.3347,25.8328,0.0010833018251987792
40.5735,27.2347,0.03882428274178684
40.4342,27.9228,0.021430386328855078
40.4315,26.0692,0.025231403717386414
40.6265,27.194,0.024460095310838703
40.4293,30.0043,0.02238089085190831
39.766,26.0842,0.011319474713745281
40.492,29.8993,0.2272692961793572
40.2897,29.9528,0.021421317219317504
39.69,29.2853,0.008644772476070095
40.2897,25.8295,0.00494321476714521
40.458,29.0597,0.020819308025659455
40.6333,30.4332,0.06478021775901455
40.2345,27.5665,0.23491432985554694
40.4923,29.122,0.007082818561123805
40.2718,25.9255,0.007650603598476913
40.6765,27.35,0.03376773720574189
40.722,29.1458,0.006392377032629293
40.7335,29.1398,0.00011168319406706928
40.7323,29.1885,5.1594019966239024e-05
40.7432,29.2093,8.935525480391338e-05
39.916,29.0998,0.010777780772538659
41.7912,26.8098,0.9163158203673583
40.1292,28.6668,0.11983752842915796
40.1745,27.4033,0.059774931420067956
40.5778,27.277,0.01835938120162961
40.2,28.78,0.0960609362527306
40.7102,30.6295,0.009981435539401229
40.6167,30.5337,0.005832114798845267
40.885,27.8978,0.011702914727583336
40.344,27.7673,0.05378747607066414
40.6495,29.0728,0.009020578965108328
40.75,29.01,0.019202854160341398
40.46,30.36,0.0592526995071434
39.8872,29.9588,0.005986964693745045
40.3398,25.6427,0.08553748018936091
40.2992,25.6063,0.0019720584226576854
40.4573,27.693,0.12622417953957643
39.7125,25.6075,0.024826159115561186
40.36,27.84,0.01190679850879417
40.1097,26.6248,0.48847533007651944
40.29,29.12,0.08115880652580199
40.5228,25.786,0.10743803224003223
39.6598,29.3687,0.010968389709098747
39.7817,25.9043,0.22575702077774484
40.39,26.16,0.017859269458345928
40.4015,26.0918,0.002593949152720043
40.22,29.81,0.12419266837904441
40.42,26.15,0.0017260591056879049
39.638,29.2693,0.01834210445138884
40.6385,27.3098,0.02611275519617573
39.6785,26.3022,0.30145414032927687
40.4067,26.2442,0.005459800709782803
39.6705,29.9758,0.0886236721844349
39.9157,29.3288,0.09209222208947754
39.643,27.5027,0.03555373388833871
40.8112,27.5098,0.009658254538489897
40.5603,27.4847,0.05499800419322787
40.4423,29.224,0.007898984371934925
40.871,27.8525,0.010377484348949584
40.293,30.0518,0.03890658270974223
40.119,30.0043,0.011498563238338533
40.362,27.844,0.002932437941773669
39.7812,27.4505,0.1360125305749419
39.7967,27.3848,0.0005336513167042423
40.803,27.8175,0.008369930554308902
39.6617,30.0023,0.008798360956053908
39.605,29.6553,0.13126452427627489
40.9422,30.5565,0.26452293433245366
40.4688,29.2105,0.0032026269036176114
40.231,29.0098,0.07135098641060411
40.169,27.7107,0.028374139550732536
40.1405,29.4435,0.009153603408832867
40.438,28.2453,0.13635420227556794
40.4088,27.3915,0.022403763939662258
40.3622,27.102,0.013241073235974121
40.2435,29.9542,0.012248126346359078
40.3222,25.9153,0.005366181859752683
40.4455,29.1753,0.0052820062239327115
40.6923,27.55,0.021740825110470374
40.9775,26.0685,0.3750307249110678
40.5585,30.0925,0.09788274550689802
39.9383,26.9113,0.002512786481029705
40.6217,29.0332,0.0035430406526869573
40.1395,27.3862,0.06919311243227955
39.8268,26.836,0.049582486880074605
39.8775,26.8177,0.0003306895235621887
40.7723,27.5293,0.014850811248176776
40.256,29.1,0.021639093122204023
39.7965,28.7608,0.17219081122329405
40.4318,28.0598,0.10468150091147177
40.4493,28.055,3.865838981709224e-06
40.4218,28.0517,0.00010674018622602865
40.0195,29.2268,0.08069130210324105
39.6443,27.1472,0.09888836730194894
40.117,28.969,0.08324676755489702
41.147,27.7558,0.040604306002661184
40.8262,28.2535,0.11853208804628879
40.4007,25.8822,0.010350704483870099
40.3282,25.8783,0.0005399243380479479
40.2438,25.9408,0.001407775285176216
40.6677,27.6068,0.01566826346635697
39.7327,30.028,0.20244073337328694
40.7768,26.3492,0.014347614293746314
40.2218,29.9705,0.0069883413218868595
40.7382,29.1395,0.003603530957566603
40.3482,27.8762,0.01159868348809967
40.403,27.0857,0.01080460109614756
40.2163,29.9673,0.0012652304136111514
40.3325,27.1222,0.009452216572321315
40.3505,29.6293,0.3363021954675183
39.8825,27.741,0.12329815043795123
40.4635,29.0567,0.006666192362083434
40.5893,30.3285,0.019956879650328108
40.761,29.1643,0.0033191710158733123
39.6623,27.857,0.08892512676191333
40.7065,27.5852,0.012722809083383746
40.272,28.3227,0.03460951516466171
40.934,30.5432,0.008411708349428504
41.1293,27.7388,0.007830930131736524
40.1868,28.4733,0.32658946100552877
40.849,28.3178,0.019516204910687507
40.8863,30.4077,0.03375794561849299
40.4557,29.12,0.007730944062762757
40.2147,27.3967,0.05907138180485905
40.6522,30.3233,0.0476261799465183
40.4145,25.8963,0.006166167621053376
40.4257,25.8378,0.00028050250486955086
39.6363,27.9172,0.027907746015836343
40.3973,25.9427,0.002505395351159345
40.2527,29.9798,0.006656206674551024
40.6677,30.31,0.0019416710989890174
40.853,28.3308,0.0021294089872551103
40.4222,25.8685,0.0008018360389684398
40.4495,25.7623,0.004825460722329922
40.6992,27.4875,0.010623581507023805
40.3803,25.9925,0.0026157729914889627
40.4343,25.8962,0.0002548046148067584
40.4372,25.8475,0.00019203871795892002
40.4148,25.927,0.00020527582200546846
40.4038,25.9003,2.7591885555899864e-05
40.4067,25.9113,1.361896996954215e-05
40.3895,26.0065,0.0001354045451662511
40.547,27.5115,0.02344807182671793
40.4213,25.929,4.712280735785779e-05
40.4322,25.8872,6.273855392047167e-05
40.4262,25.9042,1.93452154190199e-05
39.668,29.2977,0.01910406879479587
40.3295,28.2785,0.04716636335098412
40.4833,25.8685,0.0017491224812157258
40.2148,29.8987,0.019463529382159783
40.1158,29.4493,0.009129984277266301
40.2195,29.9683,0.0016578880129480833
40.8817,28.2265,0.02940753988331568
39.7045,28.8068,0.1573694217950884
40.6215,27.4433,0.016034751663615232
40.4342,27.0157,0.07241338731577451
40.0255,27.6852,0.084474129365252
40.4478,29.0517,0.0030922466546161598
39.6478,29.9978,0.016892181294311692
40.1612,29.4343,0.00887179429667051
40.1425,29.5097,0.0002801561608670733
39.6187,29.8313,0.06278293783479505
40.563,30.3293,0.009413872483400865
40.4312,29.5488,0.3557960663680093
40.4603,30.1747,0.019094228419199832
40.2165,27.4053,0.0021460479689945355
40.4152,27.2253,0.04486644124283934
40.3773,27.0672,0.006818116066262481
40.7285,29.0138,0.01413611348026822
41.5925,27.9663,0.1221176934681859
40.6007,29.2755,0.016106377095198687
40.2647,28.9835,0.050695252661548174
41.8877,26.4843,0.2890939926743251
40.4412,27.9107,0.01309018236789905
41.8575,26.4303,0.013599178330847339
40.757,29.0378,0.008243690297617179
40.96,30.5475,0.011261839817331865
40.038,27.8502,0.16197702455761342
40.0483,27.831,9.5937347822872e-05
40.0325,27.91,6.020464791556268e-05
40.4425,28.0425,0.002073046947166035
40.4988,30.4607,0.21876896622336894
40.0442,27.8365,3.334224429607513e-05
40.4403,28.909,0.009204089203877386
40.2717,27.1232,0.054224059858474005
39.6517,27.9212,0.006052396720922948
41.1288,26.9642,0.9893811061610959
40.641,29.0498,0.005439193766373918
40.1325,27.1175,0.05044066616564158
40.3673,26.3028,0.038016673665954515
40.6518,29.1327,0.006658753452945754
40.4378,26.0765,0.00717473080409714
40.4687,26.0193,0.00010685721445657936
40.418,26.1112,5.323451360617071e-05
40.4413,26.082,8.117512803829108e-06
40.0932,28.2273,0.30188013717512285
40.4518,28.2213,0.03429261956601859
39.7873,30.1548,0.1408079840314308
40.7807,28.1882,0.06806742173249247
40.7715,27.3603,0.012814782765645183
39.6602,30.7923,0.09718344072630258
40.2213,29.9863,0.0029384149925834047
40.367,27.4503,0.016204995284662793
40.246,27.1548,0.017855326461448606
39.9637,30.0363,0.15559969982779354
40.4213,26.1083,0.00180980888988036
40.449,25.9332,0.0032133772144100625
39.6597,29.2412,0.022373318954451826
40.32,28.1588,0.16749927814504129
40.3172,25.9473,0.00894364580866791
40.3132,25.9497,3.3827359210425456e-06
40.9085,30.4212,0.023535053607590006
39.8062,30.6105,0.13520543124373519
39.8405,30.558,0.00021882969305553335
40.0662,25.8598,0.5366331030621581
41.1233,27.7373,0.006647404926078404
39.8997,29.8908,0.013352445762011222
39.7417,29.2643,0.06185275788569489
40.231,29.9385,0.005429804385363446
41.8268,26.4908,0.029389941943268605
40.6328,28.9358,0.028441410738045958
40.83,28.715,0.028765235897265207
40.6057,28.972,0.00019263680452485943
40.7573,27.4195,0.007360014820159688
39.71,30.8097,0.01987061699156578
40.3595,27.8708,0.006907927699923433
40.8528,28.3153,0.004019842234100901
40.051,27.853,0.0017315792251717532
40.417,26.1455,0.004464664021803899
39.812,29.7217,0.3893821736528953
40.5477,27.418,0.05519975973539182
40.2768,29.9153,0.017221617360433372
40.8373,30.0012,0.49512186286412463
40.5328,27.5198,0.011766281306789361
40.3672,26.1362,0.008476941451091569
40.3692,26.0903,5.0250693762410314e-05
40.3593,26.158,6.93552327722946e-05
40.6552,27.7937,0.09888217673179611
40.7688,27.395,0.003177408509801749
40.8257,27.8055,0.00958384189028827
40.3127,27.4252,0.03179991040663499
39.6083,29.2208,0.049140059976879646
40.19,29.3823,0.08057063399985809
40.2072,29.4278,0.003742692453226004
40.607,28.9922,0.0024461275008955674
39.967,29.788,0.09530239738890889
40.6982,27.3658,0.01373681771991353
40.8557,28.1345,0.007342376837891407
41.7488,26.6073,0.33078716545036535
39.7538,30.539,0.02945408685864015
40.148,29.4428,0.0052400917122676915
40.3833,28.0972,0.050138725541908125
41.6757,30.5597,0.9996831894089809
40.2977,28.8398,0.1750945106421351
40.749,30.7453,0.1648571362399327
39.751,26.1843,0.05811188598829653
40.1408,27.5095,0.24619886568369143
39.8873,29.888,0.007671343070017489
39.6492,29.7708,0.038424980619643945
40.2292,30.0245,0.008671814541314382
40.3405,25.7757,0.009552409339765644
39.9147,27.991,0.32462128715122196
40.8517,30.3703,0.04573805551045107
40.4448,26.9427,0.05473402007674
40.8457,30.5327,0.1289650272542775
40.822,28.723,0.007324720732065582
40.0513,27.0375,0.08557668765301374
40.8925,29.6773,0.7707362114990993
40.083,27.0917,0.0024283251334548117
40.8452,27.9447,0.01765394453142899
40.8447,28.141,0.002794603563684883
40.5193,30.5755,0.07486303918359705
40.582,30.475,0.054723888857640124
40.8553,29.2917,0.0488781578522427
39.9862,28.0683,0.011248558650719942
40.8743,29.3158,0.00123589744061825
39.7187,30.138,0.10174736458787093
39.774,29.3078,0.09573730863952168
40.631,27.5705,0.042792709427064035
40.3008,29.9672,0.015794231252023505
39.6118,26.0392,0.08477148117658062
39.6233,26.0328,1.0075997051606222e-05
40.2433,29.1323,0.016826061347230192
40.674,29.2453,0.016510903625286177
40.8012,27.3808,0.011394464871656074
40.8137,27.9862,0.015078344019622825
40.179,27.3667,0.03765555971318768
40.4293,27.6977,0.05975384974876208
40.7152,30.4018,0.08682940264768291
39.6765,30.7802,0.015997640474414432
40.3815,29.9575,0.07529213723769224
40.8067,27.9738,0.0004397806085831846
40.7857,28.0063,0.00010334877340933968
40.8068,27.7095,0.008515699040683056
40.2068,27.7278,0.0784958498336239
40.47,29.032,0.009771136298105776
40.8512,29.2917,0.0023681137151378984
40.4128,30.742,0.663897380707446
40.4333,30.7293,0.00045160019742607194
40.8122,27.9983,0.0007037572463782782
40.711,30.6502,0.011769878273620638
41.0518,26.3125,0.9273349434664313
40.8265,27.9742,0.001372826993706111
39.609,26.3753,0.10356326508470903
40.436,28.9208,0.006386490186534255
40.8478,27.757,0.006905978251108613
40.464,29.212,0.004844814054616009
40.8453,28.0333,0.00643739380524877
39.8467,27.5838,0.18799039285074315
40.019,27.3103,0.15982448912570524
40.815,28.6995,0.008769065062811832
39.6345,30.8462,0.08483487194509443
40.2695,27.8827,0.07828928341802954
40.7098,29.2223,0.005083697956392741
40.6023,27.917,0.15849010505017336
40.8135,28.0177,0.0019047506279439297
39.8363,26.3212,0.26828430585965424
40.8817,30.838,0.11262032536296107
40.7183,29.2478,0.001505587782339779
40.8455,28.1653,0.004869681178753971
39.8613,30.3635,0.09484071087977419
40.7242,27.5262,0.010751721658214697
40.2055,27.7037,0.009639022345545367
40.565,30.3215,0.00889255351794549
40.8813,26.0038,0.4531673895560717
40.8743,26.0438,6.475246119030942e-05
40.886,26.0633,9.055393829004998e-06
40.8675,26.0923,2.842239431832816e-05
40.8682,26.0898,2.4511490006595693e-06
40.8958,26.0935,6.942677012977683e-05
39.739,29.9928,0.07132449886994718
40.2112,29.476,0.050526706313816616
40.6438,27.59,0.012946104076295262
41.2397,25.7488,0.93627135537318
41.2993,25.8267,0.0008480872517651061
40.2995,25.8923,0.007249450394158696
40.7698,27.4025,0.0027913074983629826
40.843,28.149,0.0008835161489052501
40.0315,27.8643,0.007040337566448618
40.3223,26.2617,0.13803364193781875
39.6598,29.2373,0.010087591391330752
39.9,26.96,0.044284959797294965
40.1955,29.8118,0.07560987889090465
40.3767,27.9793,0.04516262907448465
40.3572,28.2287,0.017404761737217944
40.14,29.4198,0.009061553737571004
40.6545,29.1025,0.008621144310764994
39.6537,27.6662,0.25597096186546486
39.6353,25.6243,0.17854587929228638
40.7225,29.2022,0.003460189344297926
40.7075,29.2212,1.4705233434386678e-05
39.6147,27.768,0.03142965988636104
39.6737,27.825,0.0003858245302980068
40.2527,29.9623,0.007581013310262952
39.6112,26.4055,0.013924528303488226
40.1182,29.2563,0.2119777772960716
40.2657,27.9615,0.05266104663779825
40.1247,27.9288,0.019740819092584738
39.6938,28.7262,0.40757889956571125
40.3462,27.509,0.05496441777689687
39.6845,27.9272,0.038773418879880284
40.804,27.9338,0.008660954948540578
40.2822,29.467,0.09560237966984708
40.6845,26.5798,0.28826624433737413
40.801,27.5607,0.01614026068475083
40.0003,28.0638,0.007493950102175462
40.1887,27.689,0.010293231142813997
40.2962,29.9195,0.017262755165649457
40.479,27.8245,0.08822899869341094
40.1063,29.9785,0.02784948641369389
40.5735,30.2782,0.024612851825121296
40.582,27.4813,0.03139009202145293
40.3773,28.76,0.13620662123609328
40.7858,29.2253,0.025186618355410473
40.0542,28.1213,0.045846995682402025
40.829,27.7163,0.008184182678737328
40.383,27.1087,0.009818529560700506
40.0722,28.09,0.001064340296601629
40.8877,28.0817,0.031875860552658564
40.2037,29.9947,0.005614811994555047
41.761,26.6018,0.02286306910756264
41.8743,26.6492,0.053835499628323236
40.8173,29.68,0.44697186282240065
39.7415,30.7912,0.03667974754373815
40.7065,27.3433,0.019072616488816196
40.674,27.5805,0.0159657389833614
40.4307,25.8538,0.005255820788350407
40.574,30.4577,0.01614090415570224
40.4968,30.517,0.017729691673513348
40.8687,28.1168,0.0047051371463648906
40.853,28.1468,0.0007882082658630107
39.6828,29.288,0.013350919282581142
40.3785,27.8878,0.014208734054040772
41.1027,27.7408,0.014090593203806678
40.7508,28.2748,0.1399044069137878
40.6168,28.9985,0.0035843900288903274
39.7993,25.6415,0.048841084788069145
39.9728,28.0762,0.006047810273626331
40.7407,27.9943,0.04899833366762596
40.8265,27.9702,0.0027070073451701537
40.8443,28.8348,0.06025255741037994
40.6395,29.0468,0.004285962327269077
40.2173,29.1135,0.05326655733390351
40.122,29.465,0.010377789111198576
40.087,26.657,0.21619005669857438
40.7205,27.5775,0.01178692102884582
40.852,27.9603,0.005538335149536167
40.7352,28.4653,0.520896923238131
41.1445,27.727,0.014551107569371058
39.7027,27.6425,0.0952637711055937
40.3378,27.7015,0.12833325562733455
40.6727,26.1373,0.5279620212530007
39.7235,30.0,0.020155102899325428
40.056,28.2403,0.12180987697199075
39.997,30.1468,0.3951991443149754
39.9665,28.7317,0.04573156367702136
40.1697,27.6772,0.011013394712545477
39.764,27.5172,0.1079428489505625
40.4028,26.2713,0.010757453567382003
40.2552,29.9345,0.008438649102218143
40.598,28.719,0.40589584352012364
40.2472,25.6798,0.1550583260163918
40.7453,27.332,0.014821401546739388
40.4125,26.23,0.004796260344492875
40.9372,30.5815,0.03673396490412162
40.8602,28.7043,0.013758110767728704
40.5888,27.7213,0.11510788109363079
40.8488,28.8403,0.0044874771411596015
40.6752,27.5848,0.003817694745033906
40.4427,27.8462,0.034632324969070205
40.3702,26.0027,0.012622705681390345
40.3837,26.9713,0.07190685628865423
40.8248,27.8898,0.014573142997061916
40.1108,29.3157,0.08116140261294469
40.7073,29.2497,0.0044368568211033965
39.9945,28.0505,0.004983068064498775
40.3732,29.593,0.2170231082284657
40.4078,27.0708,0.012908946323669679
39.9663,27.6968,0.10268768140488016
40.6867,27.5352,0.009219974412601362
39.7505,30.194,0.03202728720507053
40.184,27.7248,0.010342088938589455
40.6327,29.077,0.00675098110868666
40.6375,29.0328,3.504022655986816e-05
40.2447,29.2435,0.13693552593591352
39.889,29.9958,0.018304080027020442
39.8195,29.5878,0.20106889065275058
40.8563,27.7367,0.008475104085447382
40.4082,26.8667,0.10296171016108913
41.2702,25.6987,0.24703066421981057
40.8413,28.8108,0.008776512317700713
39.9403,27.6303,0.04681742338849537
40.2255,29.9687,0.004426437835519437
40.1318,29.452,0.00482496867387594
40.1845,28.315,0.14992833818617857
40.6142,28.994,0.002135008448671427
39.622,28.5758,0.08449514896639587
40.0865,27.185,0.16432780249434953
41.2565,25.6715,0.004686531899425916
40.3557,27.8592,0.007184536819474396
40.559,30.262,0.022538752157889586
40.4332,26.2568,0.005581197573295449
40.2278,27.7555,0.025128511937304365
39.7642,30.834,0.07625064757553757
40.3728,26.0638,0.015615958060868906
39.6527,27.786,0.036509359636937244
39.634,26.306,0.18034691208435238
39.9875,28.0553,0.0022526604271041473
40.569,30.3318,0.006282279166303528
40.37,26.1297,0.005181683782324198
40.736,27.5038,0.008932800700864885
39.714,30.0128,0.00859810389850224
39.8862,29.9188,0.015329047733059098
41.1438,26.0447,0.8498787915089232
41.1775,26.0743,0.00023269433132377948
41.1103,26.0287,0.0001408934632479708
40.4697,26.9648,0.04464341564442409
40.3758,27.654,0.06978510178489228
40.329,27.0768,0.021043268768416223
39.6683,30.2078,0.12997819803692479
40.1638,27.7162,0.005963058304513935
40.4323,30.0345,0.024562717625005837
40.4253,30.034,7.603591158156231e-05
40.7868,28.1748,0.019914190204005533
40.5423,27.5265,0.013677436792991715
40.3548,27.8595,0.0018185368300728255
40.173,29.96,0.015272468296391284
40.0248,29.9352,0.003872816215109598
40.158,29.9097,5.4352902037702044e-05
40.2043,29.9487,2.6248798889794145e-05
40.1267,29.9355,0.00019529134785511992
40.1463,26.1883,0.6821525240387281
40.1145,29.9093,0.0006779607269156163
40.5905,28.8815,0.06061741843601953
40.5805,28.8952,1.0205336014590394e-05
40.1907,29.9415,0.00016494890606388868
40.1808,29.9313,5.842956028545565e-05
40.058,28.0748,0.013170609869407324
40.5895,28.8982,0.00014141207115159204
39.952,28.7262,0.011280678129090616
41.1307,27.7493,0.007197307653424412
40.1208,29.9695,0.0011900092993255562
40.731,30.3647,0.05209770506142475
40.121,29.9123,0.00038470398836565334
40.319,27.0618,0.0030129338287551155
40.4403,28.7292,0.06664479108352284
40.1912,29.9728,0.0004460826991343758
40.3763,27.0973,0.0044109797672979845
40.1537,29.9427,0.00043359468161685566
40.126,29.7982,0.010263616904793382
40.1687,29.9597,8.228157252754276e-05
39.6143,29.801,0.06300280357297705
40.3795,27.5558,0.05605230973085551
40.1707,29.9517,0.0001865301572825384
40.1873,29.963,1.2458921033187131e-05
40.1438,29.9582,5.783552149485338e-05
39.969,28.7273,0.0030455649641882854
40.1423,29.9625,4.0764718952535084e-05
40.2303,29.9745,0.0004844069604166279
40.1033,29.4745,0.011077447185823264
40.5167,26.1202,0.1107680130893921
40.7645,26.3383,0.016208545151036202
40.1203,30.0585,0.006651258746671274
39.7175,29.958,0.02219861784891375
40.2133,29.9763,0.0004785932400652726
39.7272,30.8252,0.017644592734509912
40.921,30.4753,0.05016212525569941
39.6755,30.1565,0.03280933975843603
40.2557,29.9477,0.0014229491576405184
39.7363,30.2,0.005777702666855844
39.86,28.915,0.05390315711930582
40.8487,28.0573,0.011203734208167337
40.809,27.447,0.027816407345341965
40.6783,27.527,0.005454617364024084
40.1472,27.4017,0.030821086385421803
40.1323,29.9095,0.0009238480860975784
39.7317,27.6208,0.05793923111519561
40.1802,29.9582,0.00021384827732895406
40.7198,30.1645,0.07248653780509229
40.6725,26.5877,0.025368435452031712
40.451,25.8078,0.02256647815239654
40.4477,25.7667,8.24764654845378e-05
40.4352,25.8872,0.0015819963756206201
39.9207,28.691,0.029599809439984304
40.5923,30.3132,0.009265705247103129
40.5282,28.1342,0.14524398055361343
39.6867,29.6065,0.07887050280395302
39.6312,29.7073,0.06073496225524988
39.6405,30.7048,0.05608255533098294
40.265,27.808,0.06388703444479493
40.4063,28.6505,0.07920451527384664
39.6342,29.7083,0.0007028149999951383
41.1312,27.732,0.003955929428392513
39.787,30.1048,0.08682842518658385
40.8288,28.0958,0.00552894796267045
41.7193,27.2695,0.7937316899677724
40.8202,28.1362,0.0024389819197473406
39.6167,29.7788,0.005825353276175171
40.4423,29.2298,0.010500978676428074
40.9263,28.0423,0.03583279611335821
40.1618,29.9373,0.0006802018783027552
41.899,26.8697,0.916512666256441
40.8703,28.3472,0.0353659295790707
40.149,29.9717,0.0008078826112565274
39.631,28.5697,0.007179760681493619
39.6103,28.6142,0.00010553381907996151
39.6127,28.543,0.0002413307312950641
39.6548,28.5298,0.000671104836669878
40.152,29.9395,0.00035453802963814063
39.636,28.6208,0.0005915133713707554
39.6247,28.5943,0.00014139653385925044
39.6687,28.609,0.0004442901862453663
39.6128,28.5957,0.00021077711861616777
39.9547,28.9793,0.1286947275861693
39.8772,30.0145,0.016298301360516243
40.8112,27.7382,0.0057229114434990125
40.8117,27.7722,4.305861274200851e-06
40.8023,27.7682,6.669016787697046e-06
40.7828,27.7442,1.3100293434931132e-05
40.7248,27.7882,0.0005316679691833581
40.8153,27.7208,8.649756565337618e-06
40.8013,27.7272,4.237166261855663e-06
40.8067,27.7375,4.876109507390147e-06
40.8117,27.7493,5.442365695551565e-06
40.7872,27.6992,3.397038224206561e-05
40.7918,27.7433,1.1245822329586375e-05
40.8165,27.7335,8.127259808587972e-06
40.7937,27.7485,7.266531561578304e-06
40.8018,27.724,4.887830301392171e-06
40.7945,27.7298,1.1941925548764054e-05
40.8162,27.739,8.055577694676685e-06
40.7962,27.7402,7.458452186859255e-06
40.8043,27.7262,7.271293016364311e-06
40.7932,27.7343,5.789550882706607e-06
40.7772,27.7427,1.462579696553945e-05
40.8107,27.743,7.859916874797257e-06
40.7835,27.737,1.1337022807311747e-05
40.7955,27.7575,7.618878412940511e-06
40.7928,27.7397,5.038478256169654e-06
40.8165,27.722,1.0562310814976605e-05
40.7908,27.7397,4.4766409430518905e-06
40.7995,27.7458,4.943003309554328e-06
40.7938,27.7378,2.565313490410226e-06
40.7163,27.8043,0.0002889360494258142
40.788,27.6955,2.6265495532640237e-05
40.7158,27.7553,0.0001106248419096012
40.8052,27.7508,7.009580189065723e-06
40.7692,27.7527,2.061041233980543e-05
40.7133,27.8023,4.839730675054721e-05
40.6013,27.8057,0.004952084785687427
40.7892,27.6918,5.227081425496216e-05
40.8192,27.7258,1.7331249925756076e-05
40.7002,27.807,0.00015882339843720228
40.6825,27.7883,2.5568258066543947e-05
40.7293,27.7248,0.00022351739359005585
40.7055,27.791,4.639407431306086e-05
40.8165,27.7635,3.021675855130468e-05
40.8035,27.741,1.4946067739218805e-05
40.7378,27.7412,0.00017882606757646524
40.6735,27.7325,0.0008387375040112
40.2295,29.9128,0.005122850809883062
40.7932,27.7155,5.01747467136493e-05
40.6553,29.0577,0.005776541427974458
40.3823,28.2695,0.018378954610331233
40.8025,27.7308,3.1545020065859575e-05
40.816,27.7495,3.4136339854051734e-05
40.8155,27.7503,1.9557699265648765e-05
40.7925,27.7377,2.0718824595311602e-05
39.7533,30.2223,0.007565296454459136
40.8015,27.7355,1.9400455521401128e-05
39.9568,28.7402,0.003831063651364097
40.6947,27.7978,0.00037450780026970776
40.8035,27.7417,3.7455932703767125e-05
39.6308,29.2312,0.03034933112328042
40.8268,27.7593,0.00010415064726132517
40.453,28.926,0.011035000391373617
40.842,27.7407,0.000226255691258892
39.7022,26.065,0.06184649057859826
40.8432,27.7662,0.00029153450731456143
40.8197,27.5357,0.00943040028408959
40.8245,27.7583,0.00010582678514303723
40.7492,27.812,0.0020385995224527775
40.7545,26.3415,0.007736521556043097
40.6453,27.8155,0.008160405437931284
40.7582,27.7818,0.0006936119687230846
40.83,27.7433,0.00010418355120955791
40.9123,26.1752,0.05002891203264859
41.7023,26.8022,0.7654626560906805
40.726,27.7423,0.0008812279769063736
40.811,27.7138,0.00012203490697726416
40.8473,28.1823,0.006500398439122423
40.7897,27.7485,0.00010104947094236039
39.9652,30.7005,0.7006072053906909
41.835,26.7495,0.23119951093038527
40.3743,25.6927,0.04934194799430103
40.7547,27.7793,0.0003327994229280762
40.7707,27.7015,0.0003697900424458611
40.8368,27.7465,0.00014164437656150053
40.3832,25.8602,0.00818791428744825
40.457,25.8905,0.002038130921913295
39.9093,28.0768,0.09689066161776361
40.6322,29.0643,0.002992757201328522
40.7577,27.7745,0.00020080947390077597
40.6717,27.4065,0.023599605860957995
40.3112,30.7933,0.8519512165068699
40.8517,28.2963,0.011924644676732266
40.651,29.038,0.001745823801202473
40.2443,27.97,0.024670257507758864
39.8303,30.0522,0.057681397030520554
39.7288,30.8322,0.004683421053426673
40.8337,27.7447,0.0001523940755946418
40.8488,27.7158,0.00047263460828150805
40.4428,25.8162,0.0038149526740125506
39.9275,27.2078,0.14037032955456874
40.8057,27.7675,0.00019640292384948133
40.7887,27.7618,0.0001514859871274421
40.8342,27.725,0.00020575967121794214
40.3427,29.2297,0.12366487533479087
40.812,28.0765,0.006490334244989904
40.8152,28.0567,9.991495548566931e-05
40.795,27.7202,0.00016181235459111765
40.4797,27.1477,0.1257778892249266
40.5972,30.3065,0.00480276515919853
40.7478,29.8417,0.15460731816223972
40.7963,27.7498,0.00012253303203402233
40.3927,29.1678,0.027452232636428597
40.804,27.7197,0.00011874145772705624
39.9092,26.9972,0.03939347881051136
40.4808,25.7968,0.009813709804379012
40.159,29.9295,0.001170372926960428
40.8357,27.7972,0.0011064529655934185
39.6327,29.8338,0.021570649408023
40.4563,25.9003,0.002331620695461001
40.8572,28.075,0.004697641271610209
40.8233,28.0613,0.0006029148440381826
40.7507,27.98,0.003770396457820402
40.2597,29.1155,0.017186285415414226
40.3348,27.9318,0.03595409090422663
40.8113,27.7563,0.000156957234253019
40.5752,28.9145,0.00763973127351214
40.8463,28.8328,0.00626973858302049
41.1702,27.6272,0.30595122123000584
40.5148,28.1522,0.017671134910044906
40.8458,27.7452,0.00039603690923972756
39.686,26.0978,0.019430274205470943
40.8063,27.7327,0.00012072582019817535
40.642,27.8342,0.007036344240082926
40.6872,27.1813,0.24777660984637817
40.4352,28.9083,0.006903981442554219
40.4158,28.9217,5.7018340104630916e-05
40.7977,27.7415,0.00013589281858517044
40.0903,28.0437,0.06425571517091078
40.5725,27.526,0.021956217462376415
40.744,27.4617,0.012475778853527686
40.8628,27.7553,0.0010085972186922865
40.7008,29.2415,0.004197812043728599
40.377,25.9813,0.009406554667913958
39.6852,30.2203,0.022347708092584462
40.4225,28.9877,0.007646572434112375
40.2597,27.6388,0.15869618202396052
40.4348,28.8943,0.0011185136436784315
40.7067,28.0775,0.10278561131832109
40.7737,27.717,0.0007333834486390467
40.4347,28.9107,9.680591945460115e-05
40.7503,27.7153,0.00030538840032967585
40.5922,30.316,0.0031636077377501515
40.4357,27.2828,0.13504307451843722
40.691,27.313,0.037297618903762264
39.996,28.0302,0.010269136266041867
39.893,29.9345,0.00931180671706855
40.5468,30.1245,0.06451228262764908
40.437,28.9038,0.0002219807245092964
40.9843,26.7213,0.15108179319623993
40.4037,26.1152,0.008831357977610255
40.6305,26.5933,0.030593655594100433
40.757,26.3557,0.005504026646217408
40.383,26.1332,0.0010542414421481627
40.3458,26.2202,0.0028096857566718425
40.3692,25.7173,0.011974831984951417
40.3605,26.1668,0.000763371487818687
39.793,25.6222,0.02006622797736013
40.824,28.748,0.02540249389979865
39.9833,28.071,0.003007325336320865
39.7107,30.2083,0.009084492532021149
40.7665,27.4222,0.005758662457581387
40.8205,27.7617,0.0003900681637503123
39.8292,29.2395,0.05035777702644495
40.3617,25.9848,0.004779305132796563
40.8243,28.11,0.003511736917882202
40.824,28.1292,0.0003654612947119329
40.8325,28.1092,8.819112371494242e-05
41.539,27.8615,0.110772045577619
40.6552,26.5578,0.018698491375441217
40.57,28.8825,0.0074664712194314475
39.9547,28.117,0.013579652749058257
39.6132,29.2875,0.044021287130500575
40.1398,29.4478,0.005439431540796624
40.3045,27.267,0.17184776333050888
39.977,28.705,0.01377730952980638
40.9452,28.0312,0.034196042565142415
40.9707,27.9893,0.007742444491683376
39.988,28.8358,0.07985228298693814
41.0017,28.0775,0.011737967378882885
40.3668,27.1468,0.017141799116723644
40.747,29.3177,0.044371428002276
40.8248,27.7603,0.00043469485214653325
40.9112,26.4058,0.5881063449149543
40.5677,25.7352,0.14116389746480917
40.7813,27.6497,0.00812317435621912
40.695,28.0992,0.01888581431722336
40.7222,30.7178,0.10114768305824196
40.7835,28.1242,0.004563889890999762
40.8423,27.7278,0.0007655850350193338
40.6113,27.5498,0.030388742346979303
40.7128,29.1102,0.017069346938141106
39.6147,26.0423,0.011864541591121602
40.5967,29.0533,0.007990831665441345
40.7495,27.5018,0.00768309644206655
40.3952,28.8685,0.01412886496080179
40.6428,29.029,0.0029862163882166115
39.6232,29.2232,0.01257474595747754
39.7298,26.0855,0.024289377099777187
39.9293,28.721,0.01576835934133758
40.307,25.7178,0.05164192138465773
40.4417,28.9798,0.008848811277398672
39.6082,28.2802,0.6815482751375848
40.4988,30.313,0.08141081962675834
39.985,28.065,0.002299440254423968
40.7797,28.9998,0.058646633074683985
41.1597,27.7342,0.01946988665574778
40.1658,28.817,0.08873510543349272
39.6288,28.5545,0.005879454882611657
39.6242,28.5762,0.00012209052226297423
40.7865,27.4543,0.009426198830683408
39.6258,30.7067,0.02679873917963016
40.1738,30.0063,0.005741879845009068
40.6088,29.0702,0.0033700234330680257
40.8008,27.7263,0.00039506598297844864
40.767,30.7325,0.04059792437051435
40.0223,27.4042,0.05839505366070652
39.8137,30.0905,0.047931888288720415
40.9128,30.3767,0.09494750904442772
40.9148,25.7895,0.758968068135661
40.4237,29.0412,0.017487765908097308
40.3847,27.3992,0.021088672122330565
39.716,27.6622,0.0497155075417407
40.0822,27.6357,0.0368121721174528
41.875,26.8593,0.10189535921685522
39.6013,28.5652,0.0035627741344413932
39.6083,28.6047,0.0001266124097658583
39.621,28.5488,0.00013926914814643698
40.2822,27.4825,0.09534922654759537
39.691,27.8565,0.05328902486709486
39.6185,28.5747,0.0006241399662850755
39.7845,30.1685,0.031136877962030463
40.8003,28.1207,0.004993724331957328
40.821,28.1798,0.00017512216611981213
39.643,30.705,0.0067653046555686824
40.4247,27.5062,0.03907972892077116
39.9763,30.1857,0.16565389975248668
40.2057,29.9062,0.009979351886755139
39.6825,28.7295,0.039271227067230075
39.8348,29.3943,0.2767344112302619
40.8105,27.6368,0.011901039329729968
39.8175,30.1043,0.005530307453109562
39.6422,27.4603,0.0417017239806563
40.6747,29.2918,0.02920276293575319
40.426,26.934,0.047327506934939256
39.9963,28.0957,0.006626486000494314
40.158,29.9515,0.001933586055761105
40.5987,27.2988,0.05395560864067739
41.8198,26.8258,0.09017081498115864
39.6875,26.112,0.016528491788057265
40.0657,27.4722,0.11156357133784622
39.6075,29.2362,0.011063050316186596
39.6443,29.738,0.0252523906546811
40.6268,29.1077,0.009739249508787129
40.8113,30.2592,0.37459358235339923
40.3732,28.2307,0.026223354423947853
40.3062,26.113,0.08121459681865195
39.6408,29.3317,0.020382881070601044
40.6092,28.9577,0.010106580078603322
39.7425,27.8492,0.028032652582472783
40.6165,28.9903,0.0007726433003268918
40.6005,28.9937,4.141035321780784e-05
40.2745,27.8188,0.024614866252129053
40.702,30.67,0.02046783577535949
40.3807,25.999,0.006056625238519242
40.0363,27.9927,0.048456297645846136
40.8362,27.6455,0.008721822832625792
40.6352,27.4008,0.034772439755065276
40.84,27.72,0.0012303896825542893
39.8175,27.7853,0.10769169401296641
40.8317,27.733,0.00040298067366983936
41.8197,26.7455,0.025163924633926138
40.56,25.76,0.019203036840051424
40.3788,27.1103,0.0066158642830543846
40.69,27.54,0.008109564376407419
40.9167,26.2013,0.03856153986347843
40.355,25.9808,0.004858762871426725
40.906,28.7297,0.04637365193638032
41.7845,26.5352,0.12925734879564987
40.2453,29.9167,0.008869017624551279
40.83,27.94,0.009499665104139465
40.8927,30.3738,0.01971854514792959
41.7878,26.5752,0.0020327556544232905
40.6425,27.4332,0.0060702311117804
40.9525,30.4962,0.06131383236322352
40.4662,28.7717,0.08971881304392426
40.4875,27.7247,0.12416774217931414
40.9127,28.7305,0.0014520297913145352
40.1233,29.4943,0.016426924213732486
39.89,30.0,0.011006170488545797
40.9017,27.5215,0.14041112191732175
40.6458,27.7,0.041776895472145914
40.328,27.1647,0.03600708427033994
40.77,27.8447,0.017119971504107268
40.8185,27.4715,0.015350167850173957
40.7223,27.4445,0.011443196206249562
40.5862,29.0022,0.0035577966525761617
39.649,29.8993,0.1600737893188714
39.8357,29.3323,0.07869959297049
40.3732,26.107,0.007544458987871483
40.7975,27.8407,0.005526118410859038
40.5908,29.0323,0.002909148553075225
40.307,29.2335,0.12218280205581333
40.724,26.5698,0.21152083021426638
40.4357,29.1648,0.010708499089903678
40.087,27.6282,0.008338160699883135
40.0748,27.8142,0.010598314783936358
40.6633,29.21,0.018282124025024382
40.1137,30.1273,0.21857053205341637
40.47,30.29,0.06815619159132769
40.7293,28.1145,0.049923002302600716
40.75,28.15,0.00022776293887794008
40.76,28.1,0.0004453075552781627
40.7048,28.1502,0.001225488957390053
40.7073,28.1838,0.00046216601817916647
40.7572,28.126,0.0005511153164254878
40.8132,27.496,0.006802961143746122
40.7972,27.4833,0.00018071202960656674
40.7388,28.1228,0.0002721432393005818
40.74,28.14,0.00019205055473636712
40.3855,26.0365,0.009456256089548143
40.3578,26.0222,5.37857533888797e-05
40.7423,28.13,6.006460598007024e-05
40.6673,28.1158,0.0024177903048295812
39.68,27.94,0.03247628300753813
39.6843,27.9393,0.00029418493048971595
39.6,27.56,0.13354227740390756
39.87,29.95,0.018205574395043334
40.5558,30.2903,0.019192149601707786
39.7748,30.159,0.01087013306467699
40.854,28.3507,0.023804477955815972
39.9713,30.3118,0.48260140043697974
40.1378,29.4677,0.006452061354344729
39.8802,30.0733,0.030359982797498075
40.5915,27.452,0.0192637244001006
40.84,27.9,0.010068641779363618
40.3898,30.0633,0.06693492908495324
40.4077,29.5592,0.13563656174576433
40.3235,27.096,0.015530002516188635
39.6173,29.6273,0.05820906302533202
39.63,29.39,0.018020605429318604
40.7875,29.0542,0.04775680416140893
40.3537,25.96,0.005926306025715089
39.7315,27.7485,0.045775932933414976
40.1685,29.9393,0.0024372416510556327
39.8953,29.1543,0.005063283560372334
40.8027,27.7223,0.0007375293234036517
40.4597,28.4722,0.24884980584404137
40.4102,27.8055,0.07247184529480388
40.2582,29.2058,0.07358918512733714
40.7955,27.7377,0.00037998275909378876
40.608,26.5403,0.13973352019012686
40.7907,30.7367,0.03851743634065563
40.1165,27.7557,0.05250996512246631
40.2867,27.2182,0.07245604147862872
40.7078,27.7177,0.016209996741657018
39.9315,27.1735,0.06172001975705155
40.2845,27.8765,0.03735159108569752
40.6668,29.1733,0.00997079466211348
40.6952,29.1763,0.00023715783806965707
40.6668,29.165,0.00032079466443057925
40.4908,25.6648,0.11929483750491221
40.4983,29.1748,0.012910585766322202
40.8222,27.7545,0.000802329935747359
40.446,27.5902,0.15915922044769104
40.5318,25.6632,0.012800101782772577
40.313,25.9927,0.02352960063903653
40.795,27.7088,0.0009405742153337782
40.7882,27.6845,1.1584954792032143e-05
40.7125,29.1342,0.006881706279883382
40.7105,29.147,1.4645298225035575e-05
40.4307,29.019,0.011763611951775221
40.4023,28.865,0.008541010020902906
40.7162,29.069,0.00936967733223426
40.401,28.8345,0.0027469882102794108
40.3982,28.8803,0.0005924863155977178
40.3653,28.8827,0.0029001651734371636
40.8128,27.8092,0.003930021809107287
39.7482,27.9082,0.030720262108279495
40.4823,26.506,0.5107555126067292
40.2842,29.8028,0.2491889883642593
40.4165,28.8497,0.0021193239567310895
40.1668,28.918,0.06417486359173152
40.1513,29.9468,0.0025943804449363173
40.3088,29.3538,0.3157107662702482
40.5933,29.039,0.003574478881987142
40.7755,27.3795,0.00921613695515644
40.4753,27.7717,0.05639017459083362
39.8922,28.6543,0.13476841766615022
39.853,28.6258,0.004923148007538347
39.8977,28.6462,0.00044931563023775656
40.7142,29.1107,0.004220182986348409
40.8337,28.6622,0.054698762335340545
39.9203,27.6843,0.05710367765723878
40.2985,25.8917,0.011168326808298712
40.4285,25.9308,0.010457985967626704
40.4257,25.9383,2.4457084785711736e-05
40.3775,25.8512,0.0010608010500917642
40.3588,25.9075,0.0005308501527520049
40.4502,25.8458,0.007590204696689917
40.505,29.5472,0.09753432587445843
39.8307,29.7195,0.09751118283327564
40.5972,26.9527,0.0714890298086237
40.678,26.5148,0.14505108204673756
39.8878,29.9422,0.008670082678874813
40.7607,27.49,0.009894869818119822
39.9618,29.1612,0.021926741905342162
39.6215,29.6425,0.016690088767487454
39.779,30.1285,0.020126767014667868
40.2955,27.2198,0.00911344551632609
40.7165,30.735,0.03111212465525437
40.7102,30.7343,7.917201111151684e-06
39.8825,30.0397,0.0186551176908325
40.4677,30.316,0.034538117548913005
39.8452,30.0348,0.0012869394975811854
40.3485,27.701,0.03999634894438331
40.6687,27.4575,0.01793803556271567
40.3088,29.239,0.017073287459185904
39.9317,27.13,0.06067661377160416
40.382,30.0122,0.02571680286251321
40.7378,27.3663,0.010614116018054176
40.2195,29.9677,0.004733777836510633
39.6182,26.0568,0.01705294256506662
40.7275,28.1415,0.004478397252206445
39.6463,29.007,0.078033585474371
40.556,28.3583,0.25201113680795484
40.541,28.3138,0.004364482301110528
40.6155,27.3858,0.022016674541269987
40.3922,26.052,0.008554382445788655
40.3627,30.0373,0.010720628272280264
40.5323,30.3817,0.057711550269087475
40.7185,29.2632,0.011556757330513312
39.8103,30.0078,0.027855071902328055
40.925,30.471,0.027584019579414476
40.724,30.3335,0.051700775121075626
40.4097,30.0335,0.008081402181306152
40.2553,25.8737,0.04790215068812809
40.2577,25.9612,0.0006561033051365461
40.0935,26.5118,0.8542531106211941
39.6853,28.0025,0.0618616730354804
39.6657,29.3577,0.018106264916793013
40.1487,27.2617,0.13722782170519887
40.827,28.9432,0.15455268553763346
40.3695,30.0012,0.0042357688591623255
40.2687,29.823,0.028794655765273514
40.4273,26.2702,0.010233350164940647
40.7115,29.2413,0.0038465039759154607
40.7927,27.3807,0.008746772385314405
41.7962,26.7655,0.08109194364979266
40.7152,30.4992,0.15769680837036737
40.417,29.9883,0.012277199206428224
40.4207,26.1093,0.00999977770687821
40.5995,30.215,0.18008461781073415
40.4515,30.2968,0.013337560753052036
40.7902,27.5338,0.012573661886912335
40.618,29.0258,0.003616595488586616
40.572,27.4533,0.019804174908243377
40.8107,27.7593,0.001027855835497249
40.316,25.7842,0.019529239417948152
39.6193,28.5557,0.004234331387514834
41.0508,30.5445,0.6239012933086291
39.6255,28.5382,0.0008242991397298116
40.4528,29.1993,0.008665421903885973
41.0683,30.5605,0.0019014778212140815
40.8328,28.7288,0.017283455875845677
39.9942,27.7632,0.05585685923303585
40.4275,28.7052,0.051521579430077846
39.8627,30.0832,0.01732711446208901
40.748,27.3658,0.004970745875006122
40.508,27.7855,0.048098288884657614
40.8475,28.2887,0.01968144327851351
40.8233,29.223,0.12239899133174237
40.3555,30.0357,0.004382132774777281
40.4247,25.8767,0.0069185190976547295
40.7858,27.5263,0.0029389859402237928
40.3463,29.9688,0.014858085566820334
40.2645,27.8242,0.016482792128876267
40.7575,29.2808,0.02546726002390398
40.3237,27.4878,0.05267965778951289
39.6018,29.0118,0.05780518104255927
40.4435,26.9528,0.02846556677296952
40.402,26.9647,0.0006895723319144675
39.8325,30.0613,0.007193568248468729
40.6677,29.2162,0.008258631091657032
41.8945,26.8502,0.042437495255951974
39.99,27.2577,0.24444491395922996
40.7357,27.4065,0.007131889483427023
40.4218,30.0855,0.03579693926387817
39.8615,30.0143,0.00772249026677696
39.7548,27.7512,0.029678136246189202
39.6222,28.5768,0.0025565639875171353
40.5672,27.3967,0.026225498929272617
40.8598,28.7053,0.011523175751186887
40.8722,28.694,9.2437891593522e-05
40.8543,28.7425,0.00034058571124684356
40.8292,27.9418,0.007766162317630609
39.6637,29.5063,0.01773456865634493
40.3948,27.4017,0.015063920746159032
40.364,29.6068,0.05090850554010984
40.7527,27.3582,0.0028046902795130224
40.845,28.726,0.0008236334684021962
40.0173,27.0887,0.07365877919497665
40.8143,27.7312,0.0009085571323991237
40.8757,28.7378,0.00119560436898003
40.3788,26.1995,0.0352649533979742
40.4778,30.3195,0.009329162101841204
39.6412,28.885,0.18834496405529477
40.0007,28.0788,0.008509908879173467
40.874,30.3547,0.045140963998730466
40.9185,29.7652,0.2107127554904149
40.4612,27.727,0.04106592102802109
41.1482,30.1672,0.5662815021803979
41.0018,30.6058,0.15663373615371856
40.5322,25.7232,0.04334147934742982
40.1967,29.988,0.005553562417770497
39.914,27.498,0.38299190506739467
40.8098,27.7122,0.0010866386647371273
40.83,27.6187,0.004675642856282636
40.4365,29.1077,0.028509364563975903
40.7878,27.4312,0.008670647002550047
40.8063,30.8448,0.05529699849662029
40.3852,30.0203,0.004766672667603222
40.8507,28.8672,0.039478075994302864
40.238,27.0343,0.0331218120201644
40.7018,26.5802,0.04993731250757383
40.6898,30.609,0.0247790571883455
41.141,28.8677,0.16631805897093965
40.846,28.855,0.0015526352512067465
40.519,29.5357,0.021907740521141306
40.2423,27.0355,0.0018242175306203423
40.2755,29.4255,0.09876849070583504
40.7713,27.422,0.002855481682985439
39.8243,25.6832,0.06175430042199015
40.1132,29.5888,0.15284749066243108
40.7643,29.203,0.014699669392378323
40.4083,29.1072,0.014289910131132566
40.4423,29.2293,0.008627017496297573
40.3738,27.414,0.008992337889364488
41.021,28.0293,0.28052607020305065
40.4235,27.7692,0.03481836005076455
40.4698,27.7765,0.0005208074335990576
39.6825,29.545,0.017466740408305204
40.3985,26.1095,0.0073604713558566015
40.2258,27.0297,0.0016302221648549775
40.8217,25.6583,0.6288823668383765
40.1592,27.0767,0.019852757952304456
40.2203,27.027,0.00020780090024785647
39.6243,26.0125,0.025294575397743047
39.6195,25.9817,0.0013371047828467653
40.2618,26.9808,0.005221440272306421
40.5067,29.1745,0.01185611847868373
40.4888,29.1853,1.5316670949783173e-05
40.8168,27.4692,0.008256881223771773
40.8157,27.4725,7.942828386231504e-06
39.619,28.8968,0.018395814261142895
40.3802,26.0765,0.00492615214058012
40.179,26.1107,0.20846493210691985
40.4153,27.428,0.010498326257881385
39.61,26.0098,0.000674268715918469
39.6355,26.0,1.800412517460881e-05
40.2472,29.8678,0.04302995342402294
40.416,26.1633,0.009821611613129222
41.2503,28.255,0.12544097504534646
39.6895,29.3898,0.026206053253689077
40.8747,30.4037,0.024540513615012305
40.6222,30.2695,0.07176653205877548
40.6035,27.4442,0.011844215110835221
40.2385,27.0298,0.0006991449179772902
40.4,29.9997,0.007230606476048007
40.439,30.668,0.446913831094653
39.6857,27.8975,0.036717121170828704
40.411,26.1673,0.00152622659570123
39.6338,28.0178,0.042846734101445016
40.7318,26.5513,0.03658843139703971
39.6793,27.9032,0.0008617780403972208
39.6803,30.7542,0.06557618983643843
39.6092,29.5053,0.04943064149709819
41.1137,29.749,0.6569623908139508
40.0668,26.9893,0.061685371982503234
40.235,27.0242,0.0005325333862452597
40.2402,27.0365,7.385692530315069e-05
40.251,25.9163,0.032258870483408586
40.3875,26.09,0.0020538919655102017
40.6953,27.479,0.01230790177504959
40.3803,25.6983,0.020563554762143554
40.4667,27.4802,0.06143697733310394
41.0025,30.7488,0.5274425504308294
40.6975,27.2745,0.07957144289547302
40.2282,27.0407,0.0004998104071183285
40.0833,29.6288,0.05829615390028786
40.116,29.9223,0.01265209037922077
39.627,29.7075,0.02074012980322537
40.2577,29.9832,0.01224053129253011
39.6798,29.359,0.010232091229511187
39.94,25.727,0.20651340704878507
40.4047,26.129,0.003147906563644942
40.7903,28.0753,0.017860345631082297
40.6977,27.5657,0.016127326864598834
39.6558,29.375,0.002337607376918127
40.2255,28.9847,0.05828399224759895
40.525,30.1142,0.071155309922174
40.3675,30.0038,0.004327954109822785
40.63,29.0903,0.01028568357147186
40.6272,29.0747,0.000255530747999666
39.6657,29.4983,0.006316475323621451
40.7577,27.4418,0.005201836410741012
40.3598,27.7635,0.04671306312972867
39.6143,29.6187,0.015460090290707496
40.1503,27.3143,0.09385980189386622
40.2068,29.9105,0.009746781128304738
40.644,29.2252,0.017269399030105492
40.2623,27.0332,0.002965085967200687
40.595,27.4295,0.004839663174997955
40.4547,29.1653,0.007890665806208341
39.8332,30.5332,0.07215507212200234
40.577,27.1828,0.07501457801517408
40.1937,27.4077,0.04036001385797727
39.9215,28.7738,0.0807250442100278
40.429,29.9652,0.022289508918218237
40.6247,30.2453,0.01778248428764717
40.4237,30.7263,0.04497321983441327
40.6282,30.2388,0.00012384590855818445
40.8198,27.9003,0.011556386793880491
40.2345,27.045,0.0010388023662627477
40.1192,29.4358,0.013372195014224264
40.5095,25.9015,0.11112723714486639
40.5117,25.9728,0.0079320515604282
40.4278,29.1405,0.008763132122988626
40.2258,29.9352,0.006157898295386155
39.6183,29.3857,0.012985688651987681
39.681,27.8972,0.0031050392703511065
41.133,28.8667,0.015158341662816377
39.625,29.5037,0.006431932501452575
40.5973,30.2058,0.009678209557959727
40.2468,29.8712,0.008217730067800466
40.4173,26.1575,0.0032973571587889827
40.3867,26.1122,0.0021674223605597787
40.3493,30.0093,0.00807180089992987
40.4583,26.3808,0.04081899121277399
39.6937,29.4875,0.008866274859636425
40.3603,27.8485,0.011573433530121524
40.702,27.436,0.01212963187258409
39.6803,27.8627,0.007425634640256584
39.6458,29.3335,0.010254611092696875
40.4388,30.005,0.012321496090755724
40.2917,29.9857,0.015561670109381476
40.5878,30.3592,0.026147677725078866
40.624,30.7275,0.3548374882598426
40.9432,30.45,0.047909680494850226
39.6113,26.0245,0.0051655792486143826
39.6062,26.0542,8.089339872274781e-05
39.6205,26.0417,3.8499230802124806e-05
39.6005,26.1377,0.0008755270498956857
40.8235,27.6447,0.010835967259510304
39.6152,26.0342,3.5104131451024756e-05
39.6038,26.0218,2.1307083000188243e-05
39.6318,26.0323,1.0339130970482557e-05
39.6258,26.0593,2.3265556039264723e-05
39.6223,26.029,6.054244192421621e-06
39.619,26.0658,1.1661375381111228e-05
39.6135,26.1082,8.921223512203813e-05
39.64,26.0542,2.5215222418051297e-05
39.6262,26.0277,1.239000767949694e-05
40.7082,29.2232,0.005314075013793218
40.5952,30.3958,0.008779835039522732
39.6438,26.1743,0.003041756472626944
40.6512,30.5077,0.03911105859573105
39.6282,26.0275,3.320711446619384e-05
39.6202,29.3628,0.00549425025212924
41.0108,28.1023,0.13410131333390118
39.6353,26.0655,0.0002273869503465198
40.2947,27.8873,0.027561030725215874
40.5733,30.2638,0.017500063155209467
39.9387,27.1295,0.022579704080803564
40.9998,28.1117,0.0005678870563293748
39.9305,28.8657,0.18304730267818725
39.8323,30.0908,0.018671883041220583
40.4537,28.102,0.08754400009818597
39.6282,26.1217,0.001802247470558127
40.1177,26.13,0.35430526084239256
39.617,26.079,0.000280727456793306
40.9765,28.1178,0.0021889106365660105
40.1152,28.1432,0.19528050442358513
39.6147,26.0315,0.00016804422526539575
40.9802,28.121,0.000636690631287129
39.654,27.785,0.026218868656824545
39.665,27.826,0.0007870226089056187
40.3573,30.0343,0.004635654867322758
40.5875,29.1158,0.03387388759130017
40.3603,25.7235,0.014938392554876945
41.89,26.8362,0.023216799621007533
40.384,30.026,0.002772791482788195
39.6403,27.8507,0.005132845438235445
39.6817,25.9048,0.07356032688604286
39.8437,28.2578,0.4512160196319124
40.8478,25.9135,0.6696974884840718
39.614,26.0538,0.0004636491740785953
39.659,25.6297,0.09381141995734943
39.6742,25.6628,3.620895385048062e-05
40.8267,28.0638,0.008182214719593017
40.8187,28.082,0.0005593104474856947
40.2672,27.5137,0.09240594870186569
40.3398,27.5018,0.0005915884799088111
40.3817,30.0518,0.0028917942675995567
39.6005,29.455,0.027269070745679858
40.7862,28.2242,0.042543900622944775
41.0297,27.9398,0.19707870494373037
40.814,28.0642,0.000427519262736209
40.8035,28.0907,7.015725247194737e-05
40.826,28.0742,1.9325602553799115e-05
39.6337,26.0205,0.0005675156783319091
40.6967,26.6003,0.027881012581673748
40.8872,30.4295,0.022893142067769046
39.622,26.0493,0.00029070563564614904
40.7277,28.2418,0.03338650193115056
40.1028,29.414,0.018986997813601247
40.3922,30.0203,0.001325599619689477
40.9662,30.3748,0.08919882205809238
40.1787,29.9413,0.00471752882931431
39.677,27.7,0.07060260541977326
40.4615,29.2265,0.008964041205389406
40.7372,30.8628,0.1378759116166801
39.6555,29.5658,0.02659151919226077
40.4453,29.0322,0.01471277901317547
40.4238,28.0217,0.04643932661059369
40.4783,26.3372,0.038652212177183176
39.7512,27.7572,0.011850720961922856
39.7427,27.7243,4.2615153540204176e-05
41.0737,30.5747,0.036282237234430026
40.4033,26.1208,0.003497542071674853
39.6347,29.385,0.005164935869599541
40.6022,27.5357,0.03449266077582358
40.6307,29.0135,0.005072478062024599
40.1258,29.26,0.06129137202809509
40.7203,30.2345,0.12554231006088545
40.9252,28.5848,0.3082123337525602
40.7372,30.63,0.025674296657228868
40.6887,29.977,0.31760856284766503
40.3727,28.739,0.08924761344904297
40.1195,29.8825,0.02170290790932916
40.873,27.7602,0.013715228385916656
40.8067,27.756,0.0012100180175710351
40.8115,28.793,0.06437602829406597
39.6208,26.0225,0.000507268995973198
39.6092,29.5875,0.02962101834702946
40.7293,27.3155,0.03432628431740614
40.541,27.7563,0.06048405588761674
40.5588,27.1898,0.014495732384240623
40.7062,29.0542,0.026450507051657857
41.7578,28.1937,0.9931715923752316
41.8282,26.9287,0.4117112211780971
40.8387,27.9462,0.007646424530288076
40.2488,27.0255,0.0024727688080028454
39.6165,25.9587,0.006621487824755912
40.3315,27.4075,0.024548446058541895
40.115,26.5093,0.09956025074837338
40.3907,26.1413,0.0036987494981525204
39.6498,29.5293,0.008546017799126449
40.1147,29.4137,0.004876197240859748
39.9295,30.847,0.9109564343763134
40.8898,28.7053,0.012497855026534554
40.3877,28.3977,0.23219552973484292
39.8155,27.843,0.0880166050867619
40.1368,28.3227,0.11691449577348934
39.6058,29.3535,0.008706844587395346
40.6715,26.435,0.30513795323955384
40.4518,29.2363,0.004657167504898196
40.6575,29.0755,0.00868234350739916
40.1305,29.4932,0.01415453927052257
40.3463,27.4052,0.0026612840985067443
40.4257,26.2353,0.010935333275925663
40.3068,27.8505,0.03009282392100443
40.0018,27.8048,0.05179838003708337
40.6573,29.0792,0.0010443498768241133
41.5948,26.7503,0.8348971540520778
39.753,27.7583,0.0022175867861237153
40.2707,25.841,0.02971241277188097
40.2642,25.9495,0.0016715196188410442
39.6048,26.0702,0.0015212069344913148
39.614,26.0617,1.5513133293509895e-05
40.6542,29.0798,0.00024370954665076106
40.6558,29.0808,5.189823543139127e-05
40.6493,29.0825,2.4092711519374532e-05
39.6092,26.0845,0.0003544407863362853
39.6018,26.1125,0.0007608835600743102
40.6897,27.0705,0.15735853119339782
40.6227,27.2108,0.02664641550226854
39.6065,27.7483,0.044384428475224946
39.9162,26.975,0.03742077418268719
39.6007,29.3523,0.002302284293809853
41.8962,26.8502,0.00741893704583052
40.8245,27.9948,0.00740926157075239
40.0523,28.6975,0.2837111277019033
40.85,27.9625,0.0016782964481028007
41.0433,27.94,0.012983858163126749
40.615,27.7915,0.059221338237594345
40.8155,28.1278,0.005693324712173875
40.8118,28.137,7.490873227955497e-05
39.6258,26.1018,0.0011792225323323802
39.6093,26.0708,8.167027102812252e-05
40.6418,27.2193,0.0034697356741506535
40.8443,27.7278,0.0030684875224818997
39.6147,26.0773,0.00037484336053517087
40.6498,27.2418,0.0023015588974906187
39.601,26.0842,0.0001453170324798858
39.6243,29.3855,0.00308120079244123
40.0243,28.037,0.03493151713526266
40.1108,27.6487,0.04721726239751112
39.6067,26.0542,0.00028486426087492855
40.4063,28.6833,0.056851358321766354
39.608,26.1073,0.00034043615305023867
40.6087,29.0662,0.004804792820718329
40.6067,29.0647,8.857590863664555e-06
40.7392,27.4045,0.006350485496520175
40.8693,28.2045,0.03292273634179277
40.2315,27.0263,0.0019538568696325642
40.789,27.9735,0.013469226187864392
40.4515,28.4363,0.11197811453403417
39.7773,30.487,0.12711159768773572
40.4295,27.4542,0.03305373370004705
40.6768,26.642,0.092102238880573
40.1105,28.4253,0.4055693336611541
39.9477,25.8873,0.6571979971456248
39.6075,29.5523,0.024136438160253237
40.3958,26.1877,0.010404384423360113
40.4138,26.2755,0.007380612861301539
39.6033,26.0902,0.0006224142678260547
40.4503,29.236,0.0036627927912830094
40.6922,29.2237,0.006062149564836861
40.4195,26.2017,0.003892435111918502
40.3148,25.721,0.02694866816312258
40.0227,29.0877,0.29060264387432866
40.1675,27.2617,0.05555186316086924
40.2737,27.4288,0.06632724121894173
39.6053,26.0645,0.0005516302869670309
40.846,27.8577,0.020418614144534164
39.6178,26.054,0.00037927131574544415
39.6148,26.0912,8.031527042828834e-05
40.2193,29.9513,0.005844457829189853
39.6137,29.3933,0.003901135950205914
40.6067,26.6007,0.062070612749279164
40.3482,27.5908,0.08886999075407298
39.6288,25.9547,0.007732159110021342
40.5697,30.3417,0.013657762012988961
40.7482,27.3973,0.003521048864539411
40.2958,25.6983,0.0066164342373085105
39.8142,26.0732,0.044707147662884084
40.3663,27.0553,0.033894313241380924
39.6053,29.5617,0.004167997885279773
39.8555,28.7258,0.14190384270140555
40.9318,28.0305,0.037220543417012864
41.128,30.6618,0.6053656692477197
40.3398,27.1967,0.06281764771550524
40.3698,27.2993,0.023026507206396096
40.7895,27.4625,0.009062007509892833
41.0857,30.5803,0.01598086348430161
40.9038,26.1257,0.0822348297365807
40.6923,28.9942,0.03986591187592314
40.179,28.6595,0.40200417452390247
40.3793,30.0195,0.003621803471102636
40.0667,27.585,0.10343504283766347
39.6007,29.4917,0.014603383009409887
40.5607,30.3555,0.0068507171393557
40.8275,27.7537,0.0018336046730700328
39.97,27.7015,0.03267093820678879
39.8513,27.5618,0.0822958136130657
40.5867,30.3303,0.003813002762460993
39.9827,27.705,0.0009453577993663309
40.7562,28.2,0.03994373734562162
39.6282,29.3515,0.0058679809820983975
39.6593,29.9758,0.06170736050243997
40.8403,28.544,0.22808468857914577
40.777,27.3127,0.042895214659961045
40.6032,29.2348,0.044697958656203296
40.5777,29.2212,0.0001122478898124557
40.4857,29.213,0.008118200221615468
40.2838,25.8605,0.013321754992875579
39.929,27.2133,0.04761678725259433
40.8263,27.9753,0.005356576366680188
40.2965,27.287,0.050311888984729936
39.6603,27.2323,0.7152507953593557
40.2407,27.0152,0.0032104771933415543
40.2443,27.0217,0.000337335985166054
40.8605,26.2883,0.33336512567774246
39.6013,29.3942,0.005449726987605152
39.6058,29.4668,0.003685354060728896
39.6055,29.3742,0.0002779363979035221
39.618,26.0347,0.0008910428357890021
39.8513,30.003,0.02376153088384725
39.8558,30.0158,1.893791710194659e-05
39.8148,30.3305,0.2920144549533541
40.4903,27.5485,0.07451310955467638
39.6133,29.5138,0.004126039397176262
40.0635,27.5572,0.013004883361051545
39.606,29.5588,0.0007985477996276247
39.6205,26.0482,0.0005769434639035786
40.372,26.0017,0.010570564963940154
39.7095,30.1803,0.05204819967119578
40.1658,30.0218,0.015522257680133156
39.8597,29.9232,0.029075460347348536
40.3147,27.0005,0.055791745454982666
40.3185,26.991,0.000161289289612232
39.7432,30.1815,0.012954072300344732
39.8882,28.7073,0.034133982650931594
40.4437,25.8813,0.010226623803403334
40.2455,27.4027,0.053724558899974295
40.1117,27.3267,0.04059037365823093
40.4627,26.1563,0.038195537918581435
39.6382,29.5402,0.0076132031195211836
40.6423,29.0933,0.0035838778973826813
39.605,29.492,0.0016526398829739275
40.4503,30.3188,0.028264591995674326
40.5787,30.3123,0.005181517540511771
40.4148,27.3058,0.07422799880802111
39.8687,29.9435,0.006937107296946632
40.4183,28.785,0.05731377203707855
40.7322,27.4035,0.00470403022701249
39.8895,26.5783,0.7424155781004387
40.8263,28.1295,0.0043741747471651715
39.6318,26.1085,0.0036357703896816584
40.6482,29.0782,0.0010609108193382344
40.7378,30.0512,0.1279707538055379
40.7413,30.0563,5.632981745606891e-06
41.237,25.7558,0.08279699757131498
40.1863,26.2593,0.6317724748505626
39.6127,28.632,0.035146484041216675
39.6265,26.0702,0.0011108809198125957
40.5967,27.5522,0.019301392958911867
40.32,26.9448,0.010581286086901565
40.5953,28.9647,0.011934027664056601
39.7395,26.323,0.3194700752928704
40.4312,29.2213,0.009301794273202324
39.6363,28.0458,0.05803636861503625
39.6272,30.0292,0.16803679656074588
39.7467,30.1967,0.005119678558039076
40.3192,26.9918,0.0008734952973401544
39.6307,29.3843,0.0035625717482768993
39.7557,30.1655,0.0017481934208258831
40.8348,28.1507,0.0036593194816026964
40.9113,30.4212,0.0263953662259081
41.4432,28.1237,0.6279601820752767
40.7997,27.7075,0.0027077451904947702
39.6128,26.0895,0.0009810579295863597
39.6025,26.0457,0.0005111010807152816
39.6128,26.052,5.8252382115875356e-05
39.6047,29.4308,0.0061123068749666665
39.6195,29.3857,0.0005706128795572862
39.6535,29.0123,0.031039237483976523
40.1965,29.4078,0.06323135268533697
40.6353,30.4497,0.060178075819950494
40.76,26.7703,0.8299999289654385
40.6658,26.6253,0.006272518997202714
39.6995,30.6085,0.20684157357462707
40.0837,28.9487,0.2318171647708137
40.321,26.9998,0.0007518377764196282
39.7883,27.2142,0.5511071534661132
39.614,28.5555,0.006431450239708925
39.6007,28.8818,0.06263624863958761
39.8682,29.9452,0.003097065098153995
40.739,30.1377,0.061424443665823114
40.3275,27.0478,0.004633168312931812
40.5875,27.6488,0.111005265141357
40.4597,29.2215,0.003947733966429778
39.8153,29.64,0.2446281731866108
40.462,29.1547,0.006685497117877803
40.3587,30.0202,0.005979580201036727
40.9755,30.6318,0.16208604459481046
40.3472,26.1903,0.041079193203659825
40.8182,27.775,0.0026526075236953384
40.0177,30.0213,0.13047776982506687
40.5632,27.1457,0.05320578860899283
39.9275,28.0443,0.10233921094083565
39.836,30.0375,0.012199570235739032
39.827,30.0387,1.587170022077089e-05
39.625,28.8958,0.009978711347928937
40.3003,25.8688,0.009093410963228243
40.718,27.4837,0.013620570014596711
40.7077,27.4865,0.0005074483452764955
40.5435,28.2088,0.28479587812261975
40.3548,26.1518,0.009065045664745752
40.3277,25.7097,0.012665576766586417
40.785,30.8593,0.057467179133449675
40.7042,29.2573,0.009728976420103952
39.8698,29.9307,0.0029418700218105664
39.7882,25.6727,0.060794514486329665
40.3428,25.6425,0.02037041518766669
40.8448,28.4563,0.15065887715975856
39.8242,30.0363,0.0018556203284506578
41.089,28.3652,0.5072654817515311
40.0915,27.1177,0.07152116988631851
39.714,30.798,0.028287978259325053
40.23,27.0267,0.0024948137240280444
39.6243,29.4895,0.006297480797093247
40.2253,26.0613,0.273180638128817
40.1898,27.6177,0.143000144128276
40.3582,26.1762,0.0034701753904643473
40.1527,29.9293,0.006767000154780378
40.3315,27.0265,0.0038765796267792307
41.8872,26.6913,0.42165217728978355
40.501,30.2287,0.1720542054190647
39.704,28.5317,0.25026966225549874
41.1105,29.7185,0.12239998419745868
39.61,29.4797,0.002216551515178078
40.8182,28.0115,0.009730485995214755
39.606,28.8407,0.03317124672123717
39.6325,26.009,0.002695279966136499
40.7655,29.067,0.034238637106790315
39.7813,27.961,0.23303143215053912
40.4517,27.8533,0.051139791728721185
40.0183,27.7105,0.037893007494986586
40.854,27.9235,0.011082914116708364
40.8462,27.9465,2.8296760909984897e-06
40.8348,27.907,4.853470882193456e-06
40.8208,27.8967,7.879841776969876e-06
40.7092,27.4837,0.002090564507372661
40.8378,27.8813,3.090863803290045e-05
40.6578,26.178,0.3022011917720451
40.8352,27.8772,5.574937171159977e-05
40.8325,27.878,2.607813979171869e-05
40.8533,27.9362,1.8698295978225588e-05
40.8343,27.9018,3.51116969141696e-05
40.8317,27.8853,1.667277928230071e-05
40.7988,27.8822,7.550011514911859e-05
40.8252,27.8752,2.669931790932889e-05
40.8333,27.8903,1.1479702279548754e-05
40.8757,27.9523,0.0001185659945618367
40.8378,27.9517,5.516537524086207e-05
40.824,27.8688,2.884720886553449e-05
40.727,27.4662,0.0009169481438808802
40.1023,29.4307,0.012483062135335565
40.8203,27.873,6.680831991134895e-05
40.8108,27.5583,0.014404223087372992
40.4107,28.7687,0.016597108015794837
40.827,27.8943,9.020502861223356e-05
39.6128,29.487,0.0013656343687379335
40.0137,28.0507,0.016575611876009533
39.7193,26.2985,0.03218956960617214
39.706,26.3455,0.00031783588443545785
39.6117,29.4832,0.0005537674214006749
40.8028,27.8635,0.0006342033385954293
40.8353,27.874,0.00013194079011114024
40.8332,27.8932,3.899676040153288e-05
40.8107,27.9098,6.426171032802852e-05
39.7633,25.6602,0.014679472729638987
40.1225,27.108,0.025251718686975178
39.6413,29.499,0.0024898152359383863
39.7497,30.1702,0.005312986338857906
40.888,30.3833,0.019635321890654756
40.4655,30.3513,0.03494441124956871
40.8397,27.9113,0.00018506133284168502
40.5827,27.5272,0.017089643764987006
40.8083,30.4325,0.06447412195981106
40.8123,27.912,0.00024773199109562327
40.8502,27.9573,0.00031404576908256043
40.4068,27.6072,0.09121901857538983
39.6168,29.548,0.0042130347321911454
39.6373,29.6797,0.009107401160341144
40.9705,30.5475,0.057497627703209986
40.6092,26.7317,0.3197997839411061
40.815,30.4115,0.0004455929039023365
39.622,26.0523,0.0010198983436428
40.8163,27.9233,0.00029983822842738483
40.235,27.913,0.08267165030126022
40.8608,29.2972,0.028439909525752927
39.7645,25.7458,0.05894203663895703
39.6285,26.0447,0.00047725462676573294
39.6605,29.5063,0.0030866415126891145
40.8863,30.3288,0.020638143605882564
39.6022,28.8883,0.006747239365115454
39.7718,30.0603,0.06269811830379013
40.863,27.85,0.0023527297463475927
39.9355,27.5908,0.18629381173026283
39.7832,26.1253,0.077957618614373
39.7823,26.1222,3.259379609987789e-06
39.7827,26.122,1.1950569543950351e-05
39.7688,26.1257,2.5661603678450717e-05
40.8585,28.7033,0.010028984795206641
39.6232,30.6725,0.08484647296949799
39.6973,30.05,0.055834221444929
40.8458,27.9493,0.00044306257219994816
39.94,25.7067,0.04401912137319319
39.6858,29.4013,0.016512827533207375
40.1157,27.1388,0.010435334499026672
39.646,29.3673,0.0032709264079694433
39.7777,30.4867,0.022285141596997904
39.6168,29.5282,0.0027708030543948103
40.6767,26.5858,0.02245254763057214
39.9105,28.691,0.030249357971189994
41.3563,28.2508,0.8104020396559215
40.4772,30.3422,0.006874258058087834
40.7747,27.5253,0.011771519317036128
40.3275,27.4625,0.03460719135000356
39.7863,30.3585,0.11953185947618561
40.4535,29.167,0.006202025148510759
39.7813,26.1055,0.0007086367808402105
39.7695,26.0935,1.0440371521425185e-05
39.609,26.07,0.0011495653273305706
39.782,30.7255,0.28175939115595483
40.8195,27.8877,0.0005360074813027804
40.3032,25.6413,0.048452865147615265
40.1423,26.9225,0.056372375394544094
39.6322,29.5052,0.0018705242643216602
39.9222,28.7555,0.021235339926896746
39.6335,30.6497,0.008360610755866582
39.8255,29.993,0.017715731115346522
40.4657,30.3498,0.002029505629346451
40.0152,27.854,0.05530093146102577
40.8205,27.8922,0.00041219951068827143
40.8058,27.9315,0.0008324052026842388
40.7422,29.9498,0.12367368203987628
39.615,29.5312,0.0014760117715146848
40.1415,26.505,0.15401485857542396
39.6858,27.958,0.03042528517967924
39.9575,28.7167,0.014046977846705833
39.6222,28.9017,0.005335155500402533
39.7387,30.8313,0.027441502191888234
40.5007,30.3453,0.00807645818967151
40.8247,27.8998,0.0003254426583223502
40.8442,27.9418,0.0004332892389430354
40.8202,27.8885,8.15132065328239e-05
40.8052,27.9005,5.597420800640407e-05
40.7958,27.928,0.00011410522910226817
40.3815,27.5032,0.04513838019854288
40.8178,27.481,0.00931043579268187
40.4853,30.1215,0.11760099812869163
39.6037,26.467,0.2575494171845235
39.6035,26.4587,7.0507625365978654e-06
40.8042,27.9215,0.0002612677057308721
40.3842,27.7627,0.049410463768539636
40.428,26.8723,0.11359925036315788
39.864,29.9587,0.005943979708265101
39.9997,28.0992,0.015996428103677185
40.9083,30.3855,0.012534666262418503
40.8017,30.7968,0.09992320079882777
40.789,29.1242,0.06624208345337423
40.7788,29.1245,1.4710604228640456e-05
39.625,26.0883,0.0020153545314400834
39.6307,29.4955,0.0018093635106515293
39.6193,28.8668,0.0068680210864535685
40.4782,30.3318,0.0028361783381771755
40.2715,25.627,0.0345147087048473
40.2797,27.022,0.012662503092122135
39.9417,27.8422,0.17245051565154523
39.9532,28.7462,0.008399113487633558
40.0875,26.6977,0.36092497726542794
40.447,25.9913,0.05114945552181083
41.0822,29.17,0.9289082857997633
40.3843,26.056,0.010614576196970593
39.8582,30.8483,0.4456956011710488
40.2618,27.0135,0.0021001265471675135
40.5743,27.422,0.021065515245027422
39.8678,27.745,0.05874140318361798
40.7855,30.3048,0.16687278694032803
40.8193,30.4133,0.002178180906560856
40.801,30.4332,7.874425798526374e-06
40.7913,30.4165,6.001404933897447e-06
40.8075,30.4138,2.9343977676621336e-06
40.8057,30.4115,4.392487674920176e-06
39.6348,29.5287,0.0023296091252291706
40.7935,30.4003,4.192877849440446e-05
39.6482,29.5667,0.005406907274842387
39.6518,29.5098,0.0006680985178683096
40.4722,30.0253,0.06936218893155044
39.6452,29.5075,0.0005515072379216335
39.6563,29.5062,0.0004840753866965919
40.0687,30.2045,0.6400984159889236
40.8525,28.3583,0.03422917007140225
40.46,29.1573,0.004288209281643418
40.6645,26.5507,0.032567979718986284
40.6737,29.4048,0.08166596998862397
39.6428,29.3677,0.004185067569145162
39.6342,29.3832,9.497974296568401e-05
40.9638,30.548,0.010845177055670563
40.027,28.0578,0.012781952990202128
40.8412,27.925,0.0007968702373426506
40.3233,27.0082,0.0031045812797474426
41.5415,28.4883,0.8716406900337996
39.6303,29.5235,0.0011255240736489647
40.6453,29.1,0.004791362558789314
40.791,30.788,0.009907881290741716
39.9437,28.7615,0.008632138973036385
40.3533,27.4123,0.016281410501309934
39.716,29.396,0.02788256551419377
40.715,29.2448,0.006341557542883236
39.6383,29.529,0.0012325187793744696
39.8755,30.1747,0.21874999033591191
39.6393,29.5232,0.0004891491627174727
40.4325,26.1952,0.01934172411513324
39.6043,28.5468,0.009524240814140272
39.6163,28.5545,0.00012865927769101226
39.8718,30.0347,0.015295743309616139
39.675,29.7167,0.09955364022313462
39.8828,29.9745,0.00729845710198096
40.1662,28.3027,0.07139394398294463
40.1498,28.2897,0.0004502578251581735
39.7632,30.1925,0.01208310104153787
40.8353,27.9397,0.001133184238766738
39.9693,27.8608,0.012014274877075626
39.653,30.7393,0.05210202418040921
40.576,29.032,0.015981928041577942
40.6355,29.1885,0.025801166207679138
39.6508,29.5213,0.001577563964034967
40.9727,30.6143,0.030274734256282354
40.6497,27.7413,0.07433907975056298
40.7527,27.4858,0.010894155885283086
40.4912,29.2168,0.010425105913867028
40.8143,29.2608,0.08888248141628752
39.7877,30.6497,0.18660519157137367
39.6692,30.6903,0.02994503350991251
40.5703,25.6755,0.12753914157497226
40.4428,28.6293,0.20834131732720296
40.7215,29.2002,0.00899293044990701
40.8943,27.9315,0.011640955976290002
40.8933,27.9215,0.00016611142976685755
39.6458,29.5118,0.0012048271265152621
39.8078,30.1272,0.04173662845669579
39.6145,29.4918,0.0019823907227747295
40.7053,27.4795,0.00433656779438818
39.6348,28.8995,0.009400476576590155
40.3387,27.03,0.007833722559531298
40.6717,29.3647,0.038737268213274945
40.7408,27.4578,0.00419219709654306
40.369,27.4353,0.012695737389991857
39.694,29.4593,0.014731320951865023
41.0532,30.5352,0.04203153018668271
40.7125,29.2875,0.014932468621695283
40.7088,29.1433,0.010572020154655748
39.6617,29.5237,0.001954489641562862
39.6153,28.8775,0.004718863358937897
39.6363,27.5515,0.1025343077352392
40.7258,27.3637,0.014439936868895664
40.7998,27.7478,0.001947381291329764
40.6292,27.7762,0.02816981888097747
39.6608,29.5115,0.0014443040855258715
40.233,27.0245,0.0033328379712825873
39.6823,29.4895,0.003225630133090185
39.6347,30.6818,0.01525745259276201
39.6257,28.8067,0.057173746271986126
40.4415,28.9673,0.023970356894979505
40.0502,27.4478,0.1451986773968056
39.6135,29.5198,0.002817996693302627
39.7838,28.6455,0.2453472626780614
40.4423,29.1113,0.01760097261484428
40.4685,25.8285,0.04134552364617006
40.7878,27.6043,0.03516583507549087
39.7247,30.799,0.0187670999427878
39.7755,28.6615,0.006872236443805857
39.8185,28.742,0.009952440199721635
40.8547,28.4597,0.027315582582344233
39.7132,29.4988,0.011611263202093602
39.8188,30.0032,0.01609055009171323
40.4248,27.5305,0.05111249503884385
40.0033,25.6045,0.4592831347402494
40.6815,29.3968,0.014393979632889242
39.8605,30.0395,0.009741776314984851
39.7317,29.3002,0.13638478861321612
40.4672,25.816,0.00582339586722469
39.8773,29.9712,0.007492544964439407
40.3562,26.1995,0.016362895661467203
39.667,29.5202,0.0025980746155960244
39.6173,27.5503,0.0158651940570137
39.7162,30.2368,0.06460487657735714
40.76,27.4147,0.007401606707102659
40.7193,27.4558,0.004338721512344268
40.4692,25.8497,0.007582816996971498
40.2858,25.606,0.030842030481265326
40.7843,27.4545,0.008105879049170372
39.6372,25.84,0.11265583773429433
39.889,30.5052,0.34598089627962525
39.8675,30.0443,0.00536265650855583
39.7548,30.2058,0.009151790864361464
39.6137,29.5228,0.003137371037798209
40.7962,30.8905,0.06731965941424256
40.5558,27.1867,0.024990451179357054
40.8443,28.1857,0.020812587674781113
39.8727,28.6738,0.05545022656432075
40.6215,29.0597,0.00741469956111418
40.7868,27.8133,0.012767461441139605
40.3873,29.0212,0.07095976252025515
39.8125,26.1778,0.0866250163030926
39.8083,29.6518,0.04422098571356026
39.6425,28.9177,0.01790844254845181
40.1273,26.6693,0.30170880977067327
40.056,26.0482,0.6300009981156953
39.6507,29.5052,0.0023414613907351
40.8685,30.3447,0.0318871353237008
40.5827,29.0222,0.008095708246227629
40.5838,29.0403,0.0005436451723387359
40.4587,27.291,0.12040971813090118
39.6228,28.8702,0.007319129032662075
40.64,27.6453,0.07028300592508285
39.6902,29.0283,0.12143898974156597
40.3825,27.152,0.04009137621764669
40.6825,30.2453,0.166552703977226
40.4188,26.0275,0.02827060673647408
39.9947,28.0702,0.010019714367569543
39.6835,29.029,0.0017605637941913166
40.4163,28.9408,0.016563312230084337
40.3693,28.9237,8.645631936810005e-05
40.3918,27.4148,0.015081716633338238
40.8278,28.3165,0.05369997256727366
40.352,28.3127,0.0977906785235686
40.314,25.6957,0.020899429059213825
40.476,25.8393,0.005877075578971991
40.352,30.0185,0.012931361380255635
41.037,28.6335,0.8409792730766582
40.4237,26.2612,0.013175144000919237
40.8133,28.2838,0.013354604035161755
40.625,28.9965,0.007059347524755899
40.4145,29.245,0.043895956832393
39.6268,28.8767,0.0029219151535171406
40.574,30.3343,0.01311100956927802
39.8097,26.198,0.01610170764639174
39.8098,26.1537,4.557927988690924e-05
40.7165,30.6677,0.03381336570161375
40.1768,28.5048,0.34405047644867126
40.1465,26.443,0.417475198190285
40.4258,28.7203,0.03988953754776259
40.437,28.7283,1.3789207312098206e-05
40.4365,28.7108,0.00011837866851682755
40.6243,29.0025,0.0011396791698887743
40.4353,28.7277,0.0001595548883785991
40.4307,28.725,3.862674936794264e-06
40.4252,28.7127,1.860329674507888e-05
40.443,28.7205,6.398903469650996e-06
40.455,27.3013,0.009694198212463201
39.8972,27.4233,0.3190091695853007
40.436,28.7187,0.0002183314283631388
39.8102,26.2125,0.0021569121190524454
39.6057,28.8542,0.007852658061322848
40.4287,28.7277,8.873264848718865e-05
39.6397,29.3625,0.006964825888926551
40.5887,29.0347,0.002607819152208646
40.0613,27.1187,0.11824790293890675
40.8188,30.4143,0.004936874401826663
40.6528,28.9858,0.007262837922796805
40.5887,29.0348,0.0006004043152904037
40.5858,29.0127,3.116034297312442e-05
40.4405,28.7025,0.0004303204325004639
40.4203,28.3638,0.16039962663924112
40.4133,28.3658,0.0005665161885625158
40.4012,25.9917,0.018614014719132044
39.6,26.4153,0.07527986819481003
40.4325,27.9565,0.0724110436041201
40.422,28.9958,0.013152542026436453
40.2268,28.9133,0.12536379494427807
40.4583,29.0497,0.009957345872684153
40.215,29.9402,0.011813184461910708
39.9113,29.9148,0.02790437404441204
40.9457,30.4733,0.057423288460832
41.1653,27.7415,0.06761391404424044
40.7262,30.6188,0.021697885986859178
40.3722,27.9778,0.04500175557511921
39.8043,26.1915,0.0017383283513526804
40.4682,30.3087,0.019157902278424066
40.0162,28.0758,0.011510201746595117
40.3862,27.4188,0.007024790617087717
40.7725,28.8335,0.22226403373987003
40.6992,26.5885,0.030877083227642044
40.635,29.0563,0.004738743925010835
40.6388,29.0753,2.4219858000495975e-05
40.6318,29.0675,3.2521495701542946e-05
40.6303,29.0608,6.63734032907426e-05
39.6658,29.535,0.005424469121630415
39.8533,28.7138,0.02870066089000023
39.8218,26.199,0.001664744277150243
40.7537,30.1397,0.06085859000879601
40.582,29.0313,0.0009568708402816206
40.2453,27.4162,0.048965507327927815
39.635,29.5148,0.002525499469369974
40.5702,29.036,0.0005379569454085908
40.4793,30.325,0.004881136580281442
39.8227,30.5572,0.059536122550525095
39.6562,29.5285,0.0010812552567639466
39.6407,29.4998,8.339881991059617e-05
39.8157,26.229,0.002463112125585254
39.8045,26.2178,1.26286715713686e-05
39.967,27.2478,0.15452326773919645
39.9722,27.2553,2.402546527435767e-05
39.9772,27.2437,0.00015907683694116326
40.5865,29.043,0.0005833399558914376
39.6228,28.8885,0.0041863643278627904
39.7387,30.817,0.01929183064667328
40.642,29.1025,0.002012608445729591
40.4578,29.2633,0.03447008898140602
39.6217,29.556,0.004790164380797379
39.6627,29.4988,0.0019382385240729327
39.7022,26.1127,0.052196247183861066
39.6817,26.1512,0.0009039649988937803
40.0168,28.9975,0.3355034597336952
40.7287,27.4178,0.009580328701406127
40.4562,29.067,0.008165213353420575
40.8665,28.683,0.02111534407655924
40.7322,27.4183,0.0008021994692327672
40.3837,29.0883,0.02167182545693791
40.4075,29.3532,0.23055288772733618
40.2343,28.8672,0.0437865189000628
40.8693,30.3605,0.01503282383004545
39.6143,28.864,0.0036343681053243593
40.7302,27.5318,0.01588178369552562
41.3842,26.4587,0.9963359391376746
40.403,25.8607,0.02175860946122299
39.648,25.9553,0.0386415655198834
40.8307,27.8395,0.011224603217617979
40.4168,27.085,0.04784366424283315
40.0312,28.072,0.009280180060815879
39.9585,28.952,0.14579001113144852
40.3713,25.8573,0.004480311739989307
39.7293,30.1818,0.01878809078495791
40.318,29.922,0.08303152841859163
40.4268,25.8375,0.005177894052241672
40.648,29.103,0.0026214669110684596
40.1022,29.992,0.05105002392570468
40.4132,30.6778,0.2323128764913348
40.4572,30.7082,0.014302104002341665
39.8053,26.1553,0.0045408085080633764
41.548,28.4627,0.13636713155015256
40.4238,25.8007,0.005882654808326171
39.7297,30.7702,0.032900541784375514
40.7045,30.6667,0.013872547698731696
40.7098,30.6603,1.051043232158655e-05
40.4055,28.4215,0.0662044515820217
39.6992,27.5387,0.03483609411162403
40.728,30.6478,0.0008637187893302256
40.2037,29.9717,0.009587999535498826
40.713,30.678,0.00029883261105356773
40.7237,30.6667,0.00035978174167006216
40.1253,29.6263,0.15312741703528054
39.6277,28.9008,0.004512532540732361
39.8783,29.9617,0.009095329292020393
40.3748,27.0272,0.04609529516139188
39.8932,30.0392,0.015762871142227297
40.2002,29.4998,0.13008306051463114
40.564,25.8695,0.28633291983763465
40.6942,27.4343,0.011326677747185765
39.6065,25.9343,0.0359761611968723
39.7907,26.2052,0.004615338739267338
39.9832,28.9323,0.04408661475218101
40.4133,25.9198,0.011893869193241313
40.4252,26.3105,0.02176178395489936
40.7163,27.5538,0.01358096294723099
39.7592,30.7602,0.026179364600660504
41.1338,29.9543,0.9649627448094107
40.6245,30.2695,0.03881735575172751
39.9197,29.4605,0.6933319215719818
39.7435,30.8027,0.007680355021548624
39.829,30.8122,0.03694577894920381
40.4995,27.5952,0.1826676432679316
40.0393,28.8975,0.14073389229755284
40.4322,27.4702,0.04457075211572925
39.7322,27.7887,0.06835020140340353
40.8617,27.9208,0.00432114516266402
39.637,28.8408,0.018637998147679746
40.6098,29.0283,0.0034658031081040708
40.2047,28.2833,0.16625273516957217
40.658,27.4738,0.02541359202679494
40.172,29.4775,0.05018404332284154
40.7443,27.5133,0.010085886362378615
40.5292,29.5257,0.046267744069355854
40.4138,25.92,0.0049579940661677036
40.4302,25.8947,0.00022555719023675813
40.3798,27.5812,0.07770460547972968
40.3695,27.5812,4.271000862421381e-06
40.4182,25.8105,0.005002231157626769
40.4223,25.8883,0.0007174969151216848
39.7072,25.6592,0.12254446480518921
39.689,25.6597,1.014782273167647e-05
39.6972,25.6748,8.37862071123574e-06
39.6957,25.6353,9.158368130535166e-06
39.6985,25.6528,2.7995817812875856e-06
39.7028,25.6288,2.2360601987791995e-06
39.7017,25.6038,4.151407494434878e-06
39.6723,25.6045,7.0009910937418596e-06
39.6838,25.6175,3.755129951543701e-06
39.6848,25.625,2.6433813020698693e-06
39.6903,25.6217,3.2223509037754283e-06
39.6667,25.6167,6.301566483846166e-06
39.7043,25.6275,3.3588781105375887e-06
39.6727,25.6305,3.4680985403490183e-06
39.6877,25.618,2.15248820878422e-06
39.6865,25.6253,2.3083027200776485e-06
39.6743,25.6163,2.3249755922716275e-06
39.7427,25.723,0.00024061404598785252
39.6843,25.6418,3.935661844978178e-06
39.682,25.6257,2.226781658176691e-06
39.6742,25.6365,5.0107177844704864e-06
39.6778,25.6112,8.969419723392491e-06
39.6828,25.6017,1.28419729295004e-05
39.6708,25.625,5.3358846361373224e-06
39.682,25.6107,5.360501356022063e-06
40.6712,27.5227,0.01854951838536023
39.7075,25.6223,1.172667679960604e-05
39.6597,25.6093,1.6331163396610116e-05
39.661,25.6125,7.268822180606094e-06
39.6297,25.625,0.00011774473403391994
39.709,25.6307,1.823182048332761e-05
39.6975,25.6417,1.2275276297657456e-05
39.6375,25.6288,4.679398973783666e-05
39.6567,25.6325,1.5747092159568155e-05
39.6773,25.6038,1.4936453582858888e-05
39.7067,25.6497,1.6817975834193533e-05
39.7037,25.606,1.6661881764856723e-05
39.6728,25.6405,1.5136371279034222e-05
39.6235,25.6028,8.390670485258767e-05
39.6703,25.6577,1.8532742483978737e-05
39.6797,25.6528,2.0291779699976864e-05
39.7147,25.6185,2.6089467573542358e-05
39.6657,25.6395,1.7022423954959898e-05
39.6858,25.6245,1.2741808940175403e-05
39.6535,25.6375,2.5257730724037586e-05
39.6165,25.6997,0.0007815437161693417
39.6097,25.663,0.0002917849697154917
39.6517,25.6128,3.297458945805687e-05
39.6327,25.673,3.8031953340178504e-05
39.7157,25.6837,0.00012449354847154925
39.6685,25.6038,2.947639279982095e-05
39.6318,25.6165,6.362741838927821e-05
39.7057,25.6905,9.420191162667901e-05
39.7033,25.6433,2.0957835493495836e-05
39.709,25.6532,1.360903128699853e-05
39.6728,25.6705,1.369640529369498e-05
39.7002,25.609,2.479836300384175e-05
40.4042,25.9638,0.003862606712825234
39.6513,25.7607,0.00120644358800448
39.6323,25.6383,8.777947436566791e-05
40.414,25.92,0.00033347562810115416
39.6585,25.6407,3.872645946056963e-05
39.6708,25.6063,2.712773528301682e-05
39.6473,25.6213,5.9486534173203154e-05
39.6963,25.6743,7.322622012706503e-05
40.0847,29.9173,0.1055373101674576
39.6453,25.6122,0.00011464951000517143
39.6883,25.6038,6.260057389118057e-05
40.3733,27.0285,0.009032484880614033
39.6428,25.6453,0.00011839771232535767
39.6862,25.68,9.394358923098256e-05
39.6942,25.6033,2.7655456732222916e-05
39.6785,25.6287,3.842102796625113e-05
40.4243,25.9005,0.0006302396711195257
39.6577,25.6107,3.6070515069708264e-05
40.4258,25.9063,7.5447335219358536e-06
40.426,25.9212,1.998221791610355e-05
40.4218,25.9225,1.0948370808616659e-05
40.424,25.9195,1.9244539446794384e-05
40.8327,27.915,0.0031736899079305436
40.4502,25.761,0.008708413762343548
39.686,25.6293,4.591590863189943e-05
40.4117,25.9352,0.00015534530034833072
40.4212,25.9288,7.00170412624157e-05
40.4298,25.9153,4.659582101984583e-05
40.3835,30.0583,0.022716221268439085
39.813,27.7765,0.07857278935092182
40.4088,25.9482,0.00011458681130460668
39.6525,25.6127,9.050647144692725e-05
40.4297,28.6133,0.033250767029432526
39.6478,25.6438,0.00011432455219906323
39.6477,25.6785,0.0002733827537447775
40.8792,28.3637,0.08207310412295465
39.6848,25.6183,4.688092091342799e-05
39.6442,25.6232,9.15866397083187e-05
39.6662,25.6297,2.7867062939779252e-05
39.6928,25.6082,4.7879274579387676e-05
39.7745,25.7025,0.0033425937361278857
39.7057,25.6908,0.00019380652808420606
39.655,25.6113,4.521295333759223e-05
40.4133,26.9632,0.03932200663732266
39.6383,25.632,7.88801006393891e-05
40.4285,25.896,0.00016490712617323044
39.6472,25.6227,4.1014248292170485e-05
40.0812,27.5038,0.11894995872801839
41.0913,29.6698,0.42144090164470394
41.106,29.6667,0.0007066675520106536
41.106,29.67,3.477355721792641e-05
41.0873,29.6322,0.0003559347292483306
39.7027,25.7362,0.0022320067939367583
39.6563,25.6373,0.00012336849262917227
40.1593,29.4542,0.015966059579657244
39.9215,29.9948,0.047253690522196745
40.506,29.1808,0.0188143956213076
39.6743,25.6535,0.0001318992256904572
40.714,30.6438,0.0038769497733129876
39.6327,28.8523,0.0054980274434529575
39.6275,25.6897,0.0009943320881210527
39.6452,25.6167,0.000126015743392216
40.8195,27.492,0.015427904215742139
40.8177,27.9693,0.007025894629543283
39.6903,25.7777,0.006318825724198063
39.6403,25.6332,0.00012922782624091855
40.7312,30.1967,0.10263021435155695
40.2643,28.2392,0.16192100410357402
39.6002,25.6685,0.0012853499208779207
40.5577,25.609,0.2819883423898384
40.5553,25.6275,1.340877549960151e-05
39.7075,25.6323,0.0001705438799955994
39.7373,25.6153,0.0005044849705860832
39.8502,25.7035,0.029967458236543898
39.7142,25.6048,0.00016801930981713564
39.7028,25.6143,6.275851874282257e-05
39.721,27.7348,0.0333027679175818
40.0768,30.0265,0.0876483112217552
39.835,26.7163,0.24984309685160566
39.732,25.6912,0.00128444283694229
39.7075,25.7543,0.0011783817607260438
39.6872,25.635,0.00011969710790016297
39.6965,25.6025,0.0001259283974319736
39.6962,25.7063,0.0005975443259975677
39.6847,25.6138,8.119457819377729e-05
40.4013,30.1407,0.09980157854968219
39.6895,25.611,4.4770563108920136e-05
39.681,25.724,0.0007776322351968901
40.0883,26.507,0.09609099610015592
39.6752,25.6522,0.00016484301025732062
39.6937,25.6237,8.29367998481656e-05
39.7273,25.6543,0.0004124191352714579
39.6692,25.6178,0.00011649737108432312
39.6462,25.7182,0.001101352877460826
39.6657,25.625,0.0001286255551914417
40.4083,28.8863,0.027719211976421687
39.7115,25.8303,0.014681735424273534
40.8205,28.7527,0.041481778362748245
40.8032,27.778,0.005227905257394472
40.8103,27.786,0.00018888616855183837
40.8108,27.7848,6.306120383903213e-05
39.6837,29.917,0.2816491688540915
39.6935,25.6978,0.0006115432717030966
39.7065,25.686,2.7234610158854977e-05
39.7702,27.7747,0.02266469571038321
40.9777,27.7483,0.2764845087081773
39.6398,25.699,0.0011250857846948348
40.3115,27.6958,0.14987194630778145
39.6325,28.8802,0.004337253029395249
40.0042,27.0542,0.09398088500203483
40.1293,29.4817,0.017399297780335554
39.6878,25.6322,0.00014631839454004592
40.2268,29.9857,0.013368136969777678
40.6128,30.2867,0.026386044977000145
39.8847,29.5077,0.24869257421549673
39.7032,25.7222,0.0011914830434821555
40.3727,25.9175,0.005750107099067647
40.098,27.6208,0.047298099980870645
39.6345,25.6192,0.0004055660391792948
40.372,25.874,0.0034547542358114303
39.601,28.8695,0.006454379002400867
40.8698,27.8773,0.011958075841329685
40.3543,27.0373,0.012064350663222978
40.839,28.2625,0.044487319566771766
40.8352,28.2497,6.05461722753553e-05
39.6933,25.614,0.00017513233757338043
40.6343,29.0242,0.005318961841329628
39.695,25.6,0.00015992056929925447
40.4312,27.1718,0.1138591075009796
39.6175,28.8775,0.0018812228914286688
40.153,30.0127,0.02144075011994251
40.2097,29.0078,0.09503061864594564
40.758,30.707,0.0481056031357916
40.5852,30.269,0.019411976744330817
40.9305,29.724,0.44139987842196027
39.6967,25.6268,0.00018025592928949674
40.3795,29.0095,0.02302065048602786
40.7967,27.4407,0.01580270722904753
39.6983,25.6303,0.00014644733957625
39.7083,25.6587,0.000321731146648796
40.9747,30.5485,0.03290639265963158
39.7105,25.6575,0.0002757655184040253
40.797,28.7303,0.032860508727603155
40.0845,28.7908,0.4117874602182945
40.7217,27.4813,0.007526020290141711
39.6765,25.6167,0.0002034139900256582
39.6972,25.6415,0.0001615449912601985
39.6395,28.8668,0.003239571940010011
39.691,25.6303,7.008233287852939e-05
40.9272,30.7172,0.41878565627353403
40.3202,27.5398,0.07214654945855559
39.7395,25.6323,0.0009235027119159911
39.6843,26.5575,0.4817932444001146
39.6797,25.6063,0.00017005221360988365
40.8165,28.785,0.011657067420930867
40.4717,29.1685,0.011522356773050357
39.9922,28.0778,0.009204170524931166
39.7017,25.7173,0.0013334837554859202
39.7078,30.8047,0.01974610151359979
39.711,25.7108,0.0004955985891734738
40.2903,27.218,0.043760093455903815
40.8468,28.3177,0.015889095288319166
40.8578,28.5048,0.07121756600638718
40.209,30.0013,0.009361488733098389
40.5867,30.2917,0.00802985352531238
40.4547,25.871,0.006488516904155528
39.6225,28.8682,0.0017996962603881173
39.9727,29.2482,0.23007749920124143
39.9827,29.2465,3.039855125508417e-06
39.9705,29.2473,4.1712029046347965e-06
40.73,27.5508,0.011444215272162661
39.6207,28.8722,0.0007270592370018925
40.7788,30.2357,0.1902936610261473
39.7242,25.6298,0.0007115014423056953
39.6132,28.8568,0.0011151528550710221
40.7728,30.2562,0.0022980417331011083
40.6013,27.4112,0.031509724032012465
40.503,27.3467,0.09172617843894293
40.4055,25.8038,0.00949023056459164
40.4045,25.7847,2.7421591830334435e-05
39.7317,25.6267,0.0006560979033090053
40.4178,28.7532,0.010396050493037712
40.3832,27.6425,0.058405314745523906
40.4272,28.7338,0.0004713192112160147
39.7212,30.6323,0.19430746526994824
39.7255,25.6575,0.0006005238240343047
39.7275,25.6098,0.0004463617355976446
40.4043,28.8063,0.007635708717313339
39.6395,30.5845,0.1293335539150302
39.7077,25.6637,0.0003420284143118568
40.2447,29.9992,0.01137365132898005
39.7277,30.6268,0.001464323207341911
39.7287,30.6437,0.00011542769291028598
40.0378,28.727,0.13372522879976156
39.7218,30.6005,0.0008108770294270595
40.4022,26.1593,0.015677494245129875
39.6205,26.0548,0.003742608928371305
39.6838,25.6247,0.00024159522288180746
40.4215,26.1802,0.0009928607761884312
39.7347,30.6353,0.0003465191388347666
39.7045,25.6582,0.00030171854654914565
40.3403,25.8678,0.00978738555409675
39.6947,25.6463,0.00014201442391659214
40.741,27.3988,0.00731188755421841
39.6025,26.0593,0.0016402566731178458
39.6392,25.662,0.00119149400123153
39.6315,25.6723,1.094793425948648e-05
40.827,27.7867,0.0048454330258504985
40.8628,27.9163,0.004299401108883605
39.6323,28.8798,0.0016646513457947432
39.858,28.7468,0.05052205520308417
40.2657,27.4078,0.051460539198496025
40.558,30.5197,0.29095790835068436
40.3897,29.7892,0.5245833387467151
40.359,27.5533,0.018805122010835285
39.6268,28.8848,0.0007481067506776018
41.849,26.2193,0.9836244011179047
40.377,26.0335,0.018429200783674715
40.6092,29.1867,0.05175267215736945
40.6047,29.1842,8.564224899398898e-05
40.693,29.1267,0.024487275085521287
40.6937,29.1047,0.0001135020487336158
39.6042,28.9888,0.0688819299986062
40.4282,25.8023,0.005292042487286985
39.7017,25.652,0.00036102595857290254
39.7073,25.62,0.00029983221214247013
39.696,25.6057,0.0001419879799997581
39.7338,28.7117,0.21317460207883399
39.6902,28.738,0.005775047037047454
39.82,26.2773,0.08409204624780231
39.8212,26.2807,4.638265268419595e-06
40.444,26.3572,0.03987848492259882
40.3922,29.0255,0.010176261797821606
39.685,25.6618,0.0004705587165518832
40.8105,27.772,0.002365524727908297
40.501,29.179,0.008793930672214567
40.7098,27.5098,0.010046158162750674
39.8277,29.3275,0.10536645425869318
41.8162,26.228,0.03796559414649403
39.6122,29.0305,0.03280691215914022
39.6718,25.627,0.0003866259654826676
39.6038,26.0608,0.0026380125647407215
39.8147,29.3375,0.002492919011888861
40.5448,25.6325,0.01933529104766718
39.7228,30.7822,0.012901591871071316
40.841,28.7817,0.027003381944680105
40.5008,29.1783,0.0020556153232462737
40.3873,26.0152,0.008927988640451412
40.3797,29.0102,0.003748138000325252
40.8578,28.7215,0.01526099367077427
40.1055,27.0442,0.17221214848198352
40.8048,27.7003,0.007066971029590308
39.6263,28.8627,0.0019494775322728142
40.1248,28.2873,0.10252435451991948
39.9175,30.2172,0.5275717600281327
39.6275,28.8572,0.0010684891459585844
39.971,28.1075,0.0247210788229989
40.4558,27.8842,0.09292285449577609
40.4438,27.8755,4.3585228001963294e-05
40.4938,27.6058,0.034495496727475095
40.3562,27.7613,0.029633414229631505
39.7015,25.6373,0.00043204626222670406
39.6723,30.7743,0.040055801127193424
40.3268,27.4933,0.030411648448799178
39.8343,26.2832,0.008659109857038771
40.539,28.1353,0.10962131812390041
40.3555,27.2487,0.1151314601233745
39.7033,25.6995,0.0015440030674862548
39.7213,25.7488,0.003033560422133652
40.2995,29.2757,0.16871773292846381
40.2705,29.2668,0.0022924046285467403
39.7437,25.631,0.0024482868857507167
40.2898,29.2613,0.001114073069447441
40.4552,27.8825,0.002169063650259151
40.3005,29.2708,0.0009376270437770895
40.7293,26.6265,0.26517434307584764
40.4407,25.8848,0.003913874452094346
39.7153,25.6203,0.0007563071438910773
39.628,25.8682,0.043471802968661266
40.8707,27.591,0.12529052561635912
40.7542,27.3987,0.007309523926583128
40.4178,26.2482,0.015793020092428667
40.3307,25.6862,0.0407389582655312
40.0237,28.0822,0.014996727626435002
39.6257,28.877,0.001805038754962851
40.7585,30.3675,0.09235999189807531
40.8368,28.0663,0.0179832059475864
40.8218,28.0543,0.0006604424408436227
40.8148,28.0582,7.88766708237354e-06
39.746,28.7227,0.011685278285087253
39.974,29.5703,0.424088351051341
39.6232,28.898,0.0016285609950286162
39.8238,26.2928,0.006276620924936416
39.6397,28.8572,0.0015415557543518865
40.271,27.035,0.021422628036877556
40.039,26.0505,0.13514295432236034
40.0288,26.0672,6.031564180597471e-05
40.032,26.059,1.2285008549550724e-05
40.0328,26.067,4.672643049818959e-06
40.0092,29.2113,0.06188190901539281
40.7047,27.4038,0.01503512257773898
40.7378,27.513,0.008366881837013174
40.7258,27.4383,0.00405113227948517
40.7237,27.4322,2.589848528844474e-05
40.7257,27.4345,1.650700244137937e-05
39.7362,27.6448,0.15015737237514704
39.6747,29.0652,0.05557888650574161
39.6588,29.0448,0.0003743200357813059
40.318,25.7138,0.005594745704864956
40.4722,29.1655,0.0076474113195925675
40.8593,29.293,0.030304334103780972
39.6458,28.881,0.0024840242364091436
39.6945,25.6067,0.0006128099151304633
40.6823,27.4203,0.006831905419067641
39.7743,26.1357,0.0180910528401379
39.7925,26.134,0.0010095607827022013
40.553,30.5037,0.03297390037064063
40.6968,29.0968,0.012388158105025027
40.693,29.1283,0.00018960636657183727
40.4908,28.1342,0.06975641650502895
40.0173,28.081,0.005374719087081425
39.9278,28.8163,0.17528823236809443
39.8173,30.5265,0.03893455304447779
39.824,30.5267,4.451321861986823e-05
40.6925,29.1068,0.0006099284717832054
39.6337,28.8763,0.0013760698095446333
39.7053,25.6468,0.0007039288008444666
40.4053,27.4802,0.05109006201187105
40.1802,28.332,0.0752399801203315
40.9702,26.6735,0.18023088825345457
40.4138,26.3303,0.01760569874397999
40.5648,28.1818,0.06247556757727968
40.7013,30.4995,0.13311701290039524
40.4382,28.9357,0.017076070536701238
40.437,28.9588,0.00016092939434841913
39.6242,28.8852,0.0014701002328529889
40.7715,27.102,0.7894033451477764
40.8832,30.4387,0.05822372540170906
40.6652,27.4345,0.011926626985175548
40.263,27.0083,0.013627672987812645
39.9102,29.149,0.014553858876026227
40.8895,30.4493,0.0021099443964150977
40.4333,28.927,0.002214324652153987
40.7152,30.4222,0.06600437169843876
39.9428,28.7368,0.03108092480032143
39.6795,25.6207,0.0006155708012891559
40.8013,27.6553,0.029182941532525986
39.6118,28.8983,0.0027045493294080014
39.698,25.7013,0.002220939707098024
40.431,27.43,0.037393895970435076
40.4367,29.1845,0.016753375355569755
40.4438,28.1838,0.18221302568506614
39.7315,27.6718,0.03816614512689509
39.9835,27.303,0.14297302232011466
39.6508,28.857,0.0044629018053874425
40.209,27.5712,0.2636063035124301
41.7748,30.1357,0.9997314802080138
40.4915,27.6138,0.01856052018015475
40.8573,28.4525,0.04610687884948417
40.1728,27.391,0.06839917514748828
40.656,30.4577,0.0627032478528744
39.6238,28.8853,0.0013366737992843714
40.8652,28.7995,0.05636723730934201
40.3717,27.2302,0.04606116589796816
40.8568,28.7853,0.001396397890534029
40.4868,29.1758,0.005660414210867826
39.7768,26.1488,0.009703024612760847
40.2215,27.588,0.0034711219862372245
40.453,29.2122,0.007057833891101706
39.8385,30.5208,0.009338835950144286
39.715,25.6212,0.001105554366793604
39.639,27.4808,0.09375088614693605
39.6167,29.3742,0.01331469738188984
39.7177,27.8607,0.07619787841466341
39.8483,30.5507,0.003649689135278633
39.7758,27.8755,0.022903241437216115
39.7733,27.8868,0.0010505944126738553
39.6148,29.3773,0.001791528707929424
40.6687,26.9145,0.7344250650987716
40.6498,26.922,0.00047787760237694155
40.6598,26.9122,8.322951131911616e-05
39.7157,25.6038,0.0012035477287776208
40.6573,26.9265,0.00020885183467933555
40.675,26.9242,1.6503873523254775e-05
39.6417,28.9523,0.029865619032414692
40.6607,26.9177,0.0001631662455717775
39.6617,25.6512,0.0015214763225623873
40.465,29.173,0.003893698924556155
39.6355,27.873,0.0641543475210733
39.9307,29.9885,0.04153693498023525
40.0388,28.0542,0.02096317777049661
40.88,28.7207,0.020238588770997268
40.3058,25.683,0.015167747693492939
40.6575,26.9227,0.0003636300895086819
40.0818,27.1395,0.06594233779821745
39.8287,30.4787,0.023245831098915537
40.2963,25.7167,0.009234765231555642
40.2768,25.7612,7.940144906448676e-05
40.2958,25.7993,5.274487108231085e-05
40.3005,25.8002,5.314738304118549e-06
40.2933,25.7742,1.0643141680199975e-05
39.7358,25.6353,0.0024118561124722993
40.6945,30.611,0.02966776620836764
39.6805,25.6088,0.0008043319714038377
39.7225,25.602,0.0011428534789539313
40.7897,30.6823,0.07845615979779219
40.0925,27.1562,0.009381933385749552
40.2408,27.042,0.009607426663077456
40.0242,28.088,0.007390536816494819
40.3062,25.8052,0.0017429142621651073
40.2988,25.8037,0.00010058196100137806
40.288,25.7557,0.00019478526316674127
40.8052,27.7492,0.0033761238798257764
40.3402,25.963,0.032265038774321186
39.6292,28.8845,0.001891680396489015
39.6747,27.7608,0.09326825035301367
40.4617,29.1573,0.004763548675542406
40.386,25.9683,0.011684726423063174
40.7287,28.9667,0.08822431073106274
40.8588,28.3148,0.020946562940712732
40.8535,28.323,5.179735951710285e-06
39.635,28.8927,0.0013142246083555076
40.724,28.9815,0.0013254958824169272
40.157,25.8552,0.37756947314772515
39.6388,28.8975,0.001210427003512038
39.8093,28.6753,0.09816843332161918
39.9107,30.3868,0.3115804956074164
40.9238,30.411,0.059192527714641785
40.0887,30.098,0.33344617923385556
40.823,28.0978,0.01244319425385243
39.7013,28.5432,0.101472581073204
40.027,28.0788,0.004763803705243763
39.8188,30.5042,0.009385677502660061
40.4587,29.187,0.0045371482534619645
40.7818,28.9672,0.05840410656482642
40.7863,29.0847,0.050078958384899175
39.6562,27.9175,0.033006277256871774
39.6598,27.9102,8.692304728996625e-06
40.7575,27.4508,0.012761712798733948
40.3077,25.8022,0.002607221781660285
40.312,25.8038,3.4549981956066844e-05
40.3005,25.7613,0.0003331455647471726
40.3102,25.8067,1.3587407196924417e-05
40.2968,25.759,4.364216050767311e-06
40.32,25.847,1.4035118278243885e-05
40.3122,25.7557,6.783964300982603e-06
40.3112,25.81,2.775987248626599e-06
40.315,25.8013,2.5800782860185834e-06
40.3153,25.8013,2.8816376049789483e-06
40.3027,25.7747,5.715070755862861e-06
40.3068,25.778,3.347278825227562e-06
40.3077,25.7977,3.018404344024006e-06
40.2992,25.8368,1.1517873887645358e-05
40.3163,25.788,4.221483916877489e-06
40.2998,25.7648,8.27815130977072e-06
40.3093,25.8007,7.630165712035897e-06
40.3037,25.8212,1.15182602062891e-05
40.3202,25.823,1.0038271251122666e-05
40.3232,25.8475,9.131262345252189e-06
39.6472,28.903,0.0026987977102621574
39.7028,27.8948,0.011314161188114236
40.3187,25.8737,0.00012688527699866725
40.3063,25.8047,2.7116122145454113e-05
40.3783,25.8135,0.0014019912470271123
40.298,25.7872,6.802144454820525e-05
40.368,25.812,0.0005433265411584065
40.308,25.803,4.642576271829402e-05
41.7512,26.71,0.6458994058086305
39.6658,27.9045,0.001379471975669233
39.6205,28.8618,0.002476783369826263
40.8283,28.4687,0.06502351929944605
40.298,25.7972,0.00014116860704005418
40.7717,27.4577,0.004203913272370241
40.3667,25.949,0.004783594321767781
39.836,29.7542,0.32338457770101814
39.853,29.755,5.316679477462838e-05
39.8487,29.746,2.740188106087338e-05
39.8485,29.7975,0.0004277080060238747
39.8163,29.729,0.0003152956177961963
39.6203,26.0285,0.005674230403425851
40.2472,27.3948,0.04505341959711584
39.891,26.2848,0.2896618789354575
40.3867,26.1183,0.017220192782744892
40.4225,26.2135,0.01374331543173013
40.188,26.9638,0.17070122078633254
40.4047,25.7333,0.021003841072380847
39.7135,29.3468,0.12163641348622534
39.64,26.071,0.011339943903941774
40.2788,25.7827,0.0010077848191994976
39.6005,29.3767,0.012290393498263219
40.1463,27.147,0.10821648038952081
39.6892,25.626,0.0008475314538010092
39.6972,28.9402,0.08349616425846829
39.9023,29.9625,0.028058791043629294
39.8338,29.7712,0.0015223485990374375
39.837,29.7492,1.66230731412087e-05
40.8098,27.7597,0.003365242054621409
40.7608,27.4182,0.005742499546007029
40.4103,29.1193,0.043163468187467746
40.5252,30.1273,0.09390245980033185
40.4022,25.7247,0.004049813981885642
39.6303,28.8573,0.002660487199482753
40.8828,28.3025,0.03421704331844855
40.3393,27.988,0.17868001704475223
40.0888,27.1365,0.012701022683911267
40.3713,27.9812,0.0041825756727869035
40.532,27.5302,0.06227468941088765
40.1942,28.5775,0.5863643624310032
40.4207,25.9612,0.008740686009144238
40.4032,26.129,0.009159387246320372
40.3708,25.9395,0.003239117793495838
40.3562,28.9243,0.08581684967464798
39.7162,29.286,0.058446696395874076
40.635,29.1383,0.022805702315786602
40.731,29.9492,0.10950885947630884
40.3478,27.4458,0.04136836485055784
40.3565,27.4787,6.286963683543867e-06
40.4532,29.1197,0.011334127289823748
40.3453,27.4735,5.723469398943859e-05
40.4405,29.1297,0.00014936576922286449
39.7285,25.6215,0.0023578679172804318
40.3952,28.4552,0.12198940883372589
39.7077,25.6097,0.00012237509920609568
39.6565,26.0342,0.018704933753355024
39.7818,26.6798,0.4509502571955326
39.6385,28.8817,0.0020009612956816136
39.6937,25.6323,0.0005709405251480559
40.3932,27.4057,0.008955988210991639
40.3247,25.7558,0.002467337128384761
39.7342,25.617,0.0006217940232329244
40.3207,25.763,0.0005196672909275613
40.473,29.1582,0.0032326081196502043
40.5377,27.513,0.007230476942037822
40.0772,29.1875,0.4310138532093808
39.8622,30.3365,0.16228797704537
40.4325,29.1267,0.001268074655450202
40.377,27.3933,0.002628063646330947
40.0208,28.0658,0.007485011295482735
39.6407,28.88,0.0012981761467218966
40.8573,29.2978,0.0198600675509093
40.8083,27.727,0.0039022794287963958
40.8328,27.7032,0.0006752726281535892
40.696,25.8942,0.6967960767875239
40.8962,30.3665,0.04097568427707077
39.6358,28.8913,0.0011376235035989168
40.7773,27.354,0.029729173182654556
40.3643,25.9553,0.004109193498676111
40.8355,28.1498,0.017516448049521682
40.4235,29.0008,0.01593599024320591
40.8135,27.5773,0.03518500611294095
40.0275,27.7678,0.1358398518727798
39.675,29.2503,0.07062598724252223
39.6085,28.871,0.0031918628703481167
40.4657,27.7335,0.0749060904305604
39.6427,29.7697,0.09127093468204239
40.0167,28.0715,0.0036221241750518107
40.8438,27.937,0.006179552738636018
40.8477,27.9203,1.3889554383861302e-05
40.7778,27.5083,0.01822826091351648
40.2928,25.772,0.0012456684658569417
40.4315,26.2758,0.018857041454431567
39.922,27.1395,0.1094223498040996
40.437,26.2613,0.0004638330570945204
40.4857,27.6223,0.025335297012102242
40.5412,25.6273,0.03107022888697597
40.4278,26.2682,0.00046910323705273704
40.4347,26.2858,0.0003167632528874309
40.437,26.2992,1.7273451545563034e-05
40.4382,26.2873,1.567309257066718e-05
40.3867,27.4803,0.013543386022661474
40.4305,26.3002,4.001407975828819e-05
40.4373,26.2867,3.978028852158477e-05
40.4268,26.2952,8.964579455805755e-05
40.4427,26.28,3.391416445475137e-05
40.4312,26.2947,1.528920995985672e-05
40.4313,26.2833,2.289785650499976e-05
40.4372,26.2718,2.5554674652150666e-05
40.768,27.4242,0.004455103808028937
40.4253,26.2752,4.1915099185718674e-05
40.441,26.2862,1.3818595616221785e-05
40.4322,26.2738,9.521631316600221e-05
40.4492,26.2753,0.00014041130019548653
40.4962,29.1775,0.006050856298625118
39.6253,28.8728,0.0014863978383122811
39.6068,29.3168,0.06019549064052443
39.683,27.757,0.02915291897608263
40.4505,26.3055,0.0006000488381796565
39.644,25.7432,0.03173740591156293
40.6298,28.1463,0.4253310630008422
40.3842,26.0447,0.015198378500942078
40.0892,28.6952,0.3088090925458655
40.3165,25.7033,0.00709824941052728
40.3145,25.694,7.711684498112881e-05
40.0723,27.144,0.016155059439230346
40.0438,27.1127,0.0001070774285502063
40.8077,27.7705,0.003570108918533599
39.629,28.9165,0.004493573509298021
40.7362,30.4637,0.16138454510147082
40.0152,27.4037,0.0812366875169831
39.7153,25.6602,0.0022467429934518446
40.116,27.1347,0.01414934283185132
40.6713,27.7578,0.102705884335765
39.616,25.8902,0.06618128554296887
39.6897,28.5618,0.05520690323860544
39.7255,28.5507,0.0004191803870582378
39.7247,28.5665,4.399144037603442e-06
40.8458,28.359,0.03415963272049172
40.4323,26.314,0.0010092715483781545
39.6295,28.8855,0.0013125959322962677
40.4375,26.2887,0.00035503418275206755
40.6673,29.2818,0.06352286230118642
40.8058,27.7072,0.004968548246950477
40.4373,29.2528,0.031647428933783806
41.344,26.0748,0.9925668330235293
39.6572,27.8292,0.03668735235149101
40.009,27.8345,0.07498805435032063
39.6633,25.6153,0.0017388400618668642
39.6628,25.6342,0.00014422808668179687
39.6682,27.8832,0.00784275534537282
40.4523,28.956,0.017363502476647863
39.688,25.6315,0.0009093285544796714
40.4068,26.1303,0.008705816669126842
40.127,27.1185,0.01282882358706472
39.656,27.9605,0.04545325278704182
40.4052,29.0157,0.01136280741242901
40.428,27.4507,0.025359142653413214
40.4148,26.0803,0.009724751630667994
40.414,26.068,5.5700766398047996e-05
40.4205,26.0552,2.3649666127001367e-05
40.4008,26.0812,1.672438912936336e-05
40.4182,26.073,2.4245832497271635e-05
40.4148,26.0648,4.3091579147613857e-05
40.4145,26.0733,2.9198718920930844e-05
40.4328,29.1212,0.004184619125776168
39.637,28.8827,0.0015670058260871533
39.833,26.8292,0.1646408723368583
39.8865,29.9582,0.016532057019974955
40.3705,27.1635,0.050525515904514595
39.6532,25.6212,0.0015259420843219962
40.7485,27.3518,0.01868504485447342
39.674,28.9708,0.05078057851463391
39.6708,28.948,0.000472799565751747
40.2855,25.754,0.0033376323072272784
39.7855,28.9852,0.09946866822975464
40.2868,25.7703,0.00035111800509612934
40.2878,25.752,0.0003161102700137697
40.2922,25.7713,4.681215074686662e-06
40.294,25.8028,4.603336430231142e-05
40.7615,30.2658,0.07693643186462085
39.6198,28.8893,0.0018914069416458013
40.9042,28.702,0.050597046468633056
40.8893,28.7072,0.0003255268522110999
40.291,25.7538,0.0003114770999292915
40.5728,27.52,0.042395406105713795
40.1163,28.5793,0.33017479125014215
40.565,27.1532,0.06938117235616059
39.88,27.7842,0.27471547370001403
39.677,25.6108,0.0011189280330136109
40.7097,29.0572,0.038118832296932914
40.3488,25.7033,0.01201705153855237
39.7893,26.1308,0.015360724468779452
40.8417,27.9283,0.0043030422245159405
39.6677,28.9475,0.0021624571718700247
39.6453,28.8948,0.00047430367896739156
39.88,27.8048,0.0059889425087219506
40.6402,29.1773,0.02849436192815813
40.2908,25.7478,0.0007566299731411874
40.5625,27.5843,0.05399748043395569
40.0092,28.1092,0.021990205044918887
41.7177,26.0943,0.6436126206135828
39.6402,28.8737,0.0015215369804616463
40.8305,27.9805,0.01182499086998634
40.8457,28.6848,0.033099888033665925
39.6267,28.5618,0.01934338707585226
40.5798,25.6708,0.07790441507367996
40.5765,25.6948,2.179316284012245e-05
39.8828,27.8083,0.0021959108958062856
40.8418,28.3352,0.014773781588311663
39.88,27.8202,0.0007799537456066874
40.1395,28.3563,0.21432971046861382
39.6032,28.8628,0.004128026094569415
40.6272,29.109,0.015168937710732022
40.8082,27.5055,0.01960110525663572
40.8455,27.9187,0.002373358688274485
40.8283,27.9187,4.018823392515358e-06
40.8693,27.913,7.35146488395344e-06
40.8435,27.8655,3.583804355511422e-05
40.8512,27.8965,3.703324334070057e-05
40.8102,27.9272,9.599251266600994e-05
40.836,27.9035,5.939782295472096e-05
40.8525,27.8928,0.00012093220920827985
39.8772,29.9278,0.019058816930778044
39.7048,28.7298,0.045177546915470934
39.6323,28.883,0.0011014834512402816
40.8502,28.874,0.08005727113405936
40.5812,26.5375,0.44361835233195823
40.221,26.156,0.49932577696062863
39.6203,25.9828,0.027808989413448892
40.856,27.9252,0.0003516620195456177
39.6115,27.425,0.29796558846590104
39.633,27.3852,0.0003273720952459147
40.0715,27.7437,0.21417872928951798
39.616,28.8837,0.0013306317060627348
40.8313,27.9253,0.00037865699576999923
39.693,27.204,0.3968639550792079
40.4362,28.1863,0.052556402403845515
40.8475,28.2513,0.032739666873600304
40.7495,27.3848,0.008526839582966406
40.39,27.5775,0.03997175917574647
39.694,27.8813,0.021228864809002657
40.7242,30.2382,0.047247956166001415
40.8585,27.9218,0.0006259698346456899
40.8323,27.9163,0.0004397993448521653
39.6338,27.4857,0.03285664948725309
39.6473,25.6755,0.006611554991783231
40.4472,26.2677,0.0025281620728447862
40.3122,27.5025,0.03988763661959982
39.6877,25.6023,0.001446306577462808
39.6222,28.0498,0.1540445606164692
40.7505,27.5412,0.026412904633713263
39.7183,29.5228,0.058442442393123906
40.4497,28.7533,0.032661346551010495
39.6538,25.625,0.0018116830370921155
40.7653,28.1168,0.04794850451684174
39.99,27.6755,0.10677747582176977
40.3043,26.0423,0.136765321621501
40.3023,26.0662,0.0006218896884023772
40.7943,27.4612,0.014454843807785944
40.5467,30.6613,0.5979952686236262
39.8602,30.011,0.030831589250688518
39.6733,27.8312,0.01777097661791671
39.673,27.7968,0.0006344847964318001
39.7072,25.6372,0.0015649715023687838
39.6483,26.1955,0.19051368107374134
39.6378,26.2157,0.0005613725360558153
39.6438,27.9912,0.045138020427822556
40.5908,30.5623,0.17246112310683315
40.6527,27.6925,0.0886737719502596
40.6507,27.689,8.751006325247168e-06
39.7348,26.0468,0.11665420948473204
39.7853,26.1312,0.005711682097598203
39.7847,26.1488,1.3851741079151658e-05
39.7882,26.1508,6.451750640001919e-05
39.7822,26.1327,9.401070198300499e-05
39.7933,26.1495,2.2683405769607923e-05
39.8032,26.1455,2.2659893490817318e-05
40.374,27.5515,0.02431459232067712
39.791,26.1468,6.893202461411008e-05
39.7958,26.1455,6.66994881465266e-05
39.7925,26.15,2.120050664955464e-05
39.7792,26.1185,9.692566244001721e-05
39.7877,26.1345,3.3901845242212403e-06
39.7837,26.13,6.931906670670784e-06
39.7805,26.1233,3.8010145353428726e-06
40.1942,27.9442,0.30747803466781876
40.0292,28.0702,0.008720539661363658
39.7947,26.1418,9.03387127749733e-05
40.1888,27.9237,0.001063704515123054
39.7928,26.138,9.444975367589592e-05
40.269,29.2975,0.118306972235932
39.7865,26.1545,0.0001846453708667095
39.7913,26.144,8.099081260015684e-05
39.7897,26.1418,5.345586972904659e-05
39.7877,26.1397,7.722112538521841e-06
39.7825,26.145,2.9975616850919096e-06
39.793,26.1412,3.2426604987811913e-06
39.7862,26.129,5.418101179932577e-06
39.7788,26.1382,3.664565445316015e-06
40.4265,28.0542,0.055466277384732865
39.7913,26.1352,2.3081443106365285e-05
39.7833,26.1328,6.926715501121006e-05
39.7875,26.1407,2.4075788804589493e-05
39.7803,26.145,2.09021686828903e-05
39.79,26.1355,2.3010638875109457e-05
39.7873,26.1392,3.938491123578469e-05
39.7722,26.1397,7.519562944535707e-05
40.4273,28.7805,0.030762841165062116
40.2927,25.8652,0.01267272481402204
40.285,25.8738,6.250111598704589e-05
40.2932,25.8838,0.00011680346019293797
40.2925,25.8608,9.782627826437906e-05
39.7943,26.146,8.21604845125945e-05
40.6018,27.4693,0.05580350287817837
39.8272,26.1615,0.000659349986114055
40.3808,28.3048,0.10542992461706302
40.3445,27.4052,0.022515058953433198
40.6443,29.0222,0.015561640800537013
39.7828,26.1378,9.610450429975437e-05
39.7932,26.142,9.207166666747035e-06
40.4162,27.6187,0.05738348710735164
39.7875,26.1342,6.555720096201867e-05
39.83,26.1637,0.0008130670311810029
39.6062,29.4697,0.025231729313691997
39.7773,26.135,0.00011976141370295679
39.7957,26.1292,0.00011117218986356203
40.7922,29.2385,0.1132704087904638
39.808,26.1508,0.00011235824865374333
40.2917,25.8665,0.0008158232894068806
40.1135,27.2082,0.1658393327850709
40.3138,25.7838,0.0019356682653380863
40.1843,30.7027,0.9827110754691645
39.636,28.9027,0.0030227097740698206
40.3128,25.759,0.00016317063846660318
40.311,25.8002,0.0001254179038808756
39.7933,26.1493,0.00010050538347183835
39.8185,26.1438,0.00020886512991613593
39.7843,26.1245,0.00011711801963687485
39.7837,26.1298,1.1637575997425209e-05
40.3655,27.4177,0.006866856446059222
40.4392,29.135,0.006949875785281723
40.3103,25.7868,0.00041480357099243914
40.315,25.79,3.6074063411994928e-06
40.3075,25.7785,9.691910515985391e-05
40.3062,25.767,5.866017903133347e-05
40.3158,25.8093,4.884898227575096e-05
39.6193,28.8848,0.0016794993580018236
40.0185,28.074,0.004500738826950346
39.8068,26.1525,0.00027914525439154403
39.7798,26.1428,0.00015049181583082216
40.8135,27.6932,0.008491885477386218
39.7788,26.1475,0.00013299061953397917
40.8222,30.3288,0.1789243961930399
40.3743,25.6483,0.05653999575552904
40.7853,27.8877,0.01999536902565635
40.0447,28.3397,0.5305824777102163
40.0402,28.3485,4.804778962030909e-06
40.6743,29.2725,0.02610349571423809
39.6367,28.0202,0.02419612506079971
40.2338,30.7748,0.34987880502953794
39.64,28.8675,0.002318880691368541
40.7685,27.4798,0.013710125215042113
39.7835,26.1347,0.00016044476518684014
40.658,29.2087,0.015722768885852667
39.7773,26.1342,0.0001622758269714808
40.4145,29.0132,0.012093928165702317
39.8075,26.1463,0.000351368624008197
39.6992,25.6495,0.001788978518672657
39.6183,28.8668,0.0018201743881568477
41.3713,28.6228,0.9932456514287286
39.7837,26.1528,0.0002230097334651182
40.658,29.1018,0.013903100879061658
39.6837,27.8853,0.013294177163208576
40.6955,30.4838,0.07571984731846082
40.8713,28.756,0.04205289553648228
40.186,30.7647,0.08918610776868197
39.8177,26.1508,0.0009877588562164918
40.8248,27.7622,0.00608902170362613
40.6118,27.688,0.06080900353989249
41.0435,28.5608,0.5993457069950462
40.0185,28.0907,0.005779358145603375
40.4048,28.95,0.028164452668491435
39.6273,28.9015,0.002256111371903624
39.7825,26.1465,0.00031333826671187115
40.7822,27.4485,0.008857894902714158
40.739,27.3593,0.008448983285763267
39.6117,28.8742,0.002103055751818461
39.7835,26.1392,0.0002894524398858733
40.4063,26.077,0.005176405095739356
39.8005,26.1433,0.0004327846951196479
40.3237,27.4197,0.020594780309942995
40.4142,25.949,0.009628104445210894
40.2097,30.7922,0.04091056316927122
40.702,27.4758,0.016326875139554997
40.7543,27.4873,0.006277165412863717
40.4408,26.2573,0.004702797745594123
39.7665,26.1178,0.0010430667856717868
40.8115,28.1153,0.020031105268788596
39.8807,29.9503,0.013690857236018261
39.7963,26.1355,0.00037881580992493724
39.7857,26.1345,0.000196101133256521
39.7873,26.1352,0.00011182203610549113
40.758,25.6128,0.7844832503506017
40.849,25.6703,0.006877015607763215
40.7637,25.6208,2.3672931506513173e-05
40.8005,25.6595,0.0001015005125178936
40.7513,25.6033,0.00010878510923317819
40.7412,25.6062,5.856361730038895e-05
40.5942,29.0312,0.009581573257695153
40.6133,29.0288,0.00010263466613746886
40.3903,26.0953,0.006992869643618671
40.6587,25.7835,0.15161718252366407
39.7935,26.1335,0.0002526915129574814
39.663,25.7205,0.021600646147624247
40.7932,27.7195,0.006067351907524721
40.3717,26.1677,0.026387477651594438
40.8138,27.706,0.0012881504509368868
40.7992,27.7188,0.00016267038480055618
40.6783,27.4433,0.016662908450425173
40.7992,27.6982,0.0009459115964123299
40.7998,27.7057,6.210941264095382e-05
40.7987,27.711,5.4221991917513535e-05
40.644,27.5348,0.05645097327858528
39.7872,26.1382,0.00028547353752361726
40.0237,28.0722,0.004260710497076103
39.6677,27.4183,0.1914728586915717
40.7548,25.6077,0.0010658912253436181
40.8307,27.9635,0.007471544496394977
40.6277,29.0313,0.004796186621114584
39.6313,27.4308,0.012970839945357415
39.9627,27.3003,0.11519564138031624
40.3618,26.0823,0.02115995940970039
41.0175,28.3362,0.7760859588917304
41.0062,28.3445,6.882031090471585e-05
41.0052,28.3417,1.919591381527308e-05
41.0032,28.3323,4.226118077821361e-06
41.0032,28.3342,9.197022308171654e-06
41.0175,28.335,1.92985571050297e-05
41.0152,28.358,9.109786883165771e-05
41.0097,28.3448,0.00012054202949185466
40.1442,28.8748,0.16569691578449974
39.7643,27.9018,0.0532950232109165
40.8192,27.7072,0.001692426494417032
40.4303,28.993,0.013187375409889124
40.1302,27.567,0.2657030559232183
40.6418,29.0342,0.003984085533138448
40.1173,28.885,0.014441517422156491
40.1412,28.9098,0.00012877103494068898
40.0023,27.7107,0.0480018640017531
40.1355,28.8492,0.0004066385733365596
40.1305,28.8765,8.127260015433624e-05
40.3588,25.7542,0.020848717818798823
40.8623,28.712,0.018776716595236387
40.2775,25.69,0.029540677350743394
40.1828,28.0237,0.30223681066902797
40.2345,27.8313,0.19490469134403832
40.6105,26.6212,0.1628786678521974
40.746,27.4565,0.0093619262367447
40.2818,25.7553,0.0032405761376481657
40.2753,25.7567,6.714049887723839e-06
40.2808,25.7478,0.00018216160308637264
40.798,27.5068,0.013163075630708065
40.7562,27.4722,0.002286484237324249
40.2087,28.9577,0.08319241187576798
40.3323,30.8627,0.8127366783484178
39.6508,27.8985,0.021024417939344064
39.6418,27.937,0.0010728266632423766
40.3997,28.6468,0.11470426229080966
40.714,29.9868,0.18828379886654079
39.8087,25.637,0.07548495918215503
40.8183,27.7638,0.00370089529985429
40.2043,30.8128,0.028015339034719977
39.785,27.888,0.012440443830980419
40.3603,26.1788,0.016296169899945978
40.2798,30.2603,0.8835830893730758
40.458,26.4592,0.40535399760081503
40.4563,26.4577,0.00011674969439323668
40.4493,26.4617,8.451238547979578e-06
40.4547,25.8023,0.04016404425674025
39.6558,29.0205,0.04555528458322866
40.4182,26.0007,0.021612055257599128
39.9995,29.9963,0.27273391809417424
40.0033,30.0247,0.0006544039566078741
40.7735,27.3572,0.0179211246624984
40.423,26.2407,0.009491987403063784
40.2038,27.5282,0.16332826119404498
39.8028,27.8135,0.09517649748718215
39.6292,27.717,0.1992880835690165
40.8248,27.996,0.014845307543503217
39.6215,27.1072,0.2569703435192313
40.7675,27.3743,0.002834157886418276
40.2013,28.8798,0.08601399839677626
40.227,29.1175,0.17005368210642868
40.7137,29.076,0.0303078885567154
40.4358,28.7528,0.018622364687220894
39.6255,27.8702,0.018927465461052728
40.3862,26.1478,0.013407442033174455
41.4875,25.9405,0.9891414995856995
40.5297,30.579,0.20118436181018373
40.67,27.0418,0.36148573321423894
40.7925,27.9648,0.02059528905081809
40.3845,25.8665,0.018883047209131698
40.3787,25.8955,0.00018050986648598943
40.0087,28.0775,0.007244747876372526
39.8257,28.7003,0.11764990912831552
39.6467,27.7765,0.03779226185103224
40.8992,30.3947,0.047389114042144076
39.6203,28.8725,0.002987208066792535
40.4147,29.1148,0.014278431663359514
40.3877,25.745,0.02242150368566387
40.1362,27.1195,0.03654538134327823
40.52,30.6915,0.19691761974300537
40.3818,25.9987,0.013060886358610913
39.9327,27.1822,0.09326436057525633
39.9472,29.1273,0.09724304323832367
40.136,27.1445,0.008994245590718597
40.7447,27.4435,0.00694249493920851
40.427,26.2398,0.005224237585654379
40.4208,26.1673,3.4036816951910076e-05
40.3377,26.2567,0.00013065759123298548
40.385,25.9243,0.0029136931110737008
40.3457,25.938,8.67234188655086e-05
40.4305,26.25,6.2027864794478305e-06
40.395,26.1485,5.410618608803208e-05
40.3492,25.8003,0.00139613341478928
40.2922,25.921,0.0002864804618277761
40.4278,26.1382,2.462655274970693e-05
40.2505,26.012,0.001345612068484714
40.3958,26.1338,8.698516274163737e-06
40.3625,25.797,2.36266215486447e-05
40.373,25.8232,1.2775055876934616e-05
40.363,25.7333,7.17916652168693e-05
40.3902,26.1192,9.16378467707979e-06
40.3935,26.1622,6.674538013617948e-06
40.4053,26.1652,5.080468781115677e-06
40.3298,25.6912,0.0002304818515277418
40.4095,26.1012,2.5119018780772606e-05
40.405,26.1872,8.752099439623962e-06
40.3723,26.0322,0.00014455285118142314
40.3887,25.996,4.236024833237373e-05
40.4322,26.2612,1.4219722785258071e-05
40.2942,25.615,0.0012051591726168764
40.3918,25.9088,4.312293237807019e-05
40.379,26.2198,3.7165052039322966e-05
40.3045,25.6505,1.1997390869433744e-05
40.4852,26.4145,0.002680826122302582
40.2865,25.6608,1.2853216840968962e-05
40.381,26.1295,1.4432905893424497e-05
40.2828,25.68,6.407554602017029e-06
40.287,25.6443,5.243377852570674e-06
40.2738,25.6413,9.762703367610648e-06
40.389,26.1357,1.1904733442036353e-05
40.393,26.1367,6.442016344698764e-06
40.3902,25.9003,3.994774412896529e-05
40.3953,25.953,5.3975022895280667e-05
40.3163,25.6875,5.510150250298551e-05
40.393,25.9383,7.762884774775713e-06
40.2878,25.6113,1.221596955358617e-05
40.3512,25.7592,9.272129301785004e-05
40.4332,26.1348,2.8120994860603155e-05
40.3828,25.8632,5.409063931449687e-05
40.3822,26.1232,1.2265473910533231e-05
40.276,25.756,0.00026586002510975426
40.4152,26.1408,1.2848620381422649e-05
40.4137,26.1185,7.299826110251928e-06
40.4455,26.3148,0.00036203888207131385
40.3997,25.9523,1.8618160395833527e-05
40.3802,25.8858,2.021006357477706e-05
40.4368,26.3275,2.7257904388289234e-05
40.426,26.2755,2.5340763028181e-05
40.38,26.1428,1.4351868010797908e-05
40.3762,26.1573,2.953353164136807e-06
40.384,26.0825,3.36750168462574e-05
40.413,26.1987,2.4072059427338033e-05
40.387,26.1078,7.388039651501366e-06
40.3792,26.0432,4.3028821434476505e-05
40.384,26.1305,5.476789728064979e-06
40.3785,26.065,1.0984474488107132e-05
40.3295,25.749,0.00013608623452798785
40.3632,25.8002,3.7073744752924576e-05
40.3693,26.0785,1.1611976943104452e-05
40.393,26.1072,8.553534089794645e-06
40.399,26.017,3.706873683173573e-05
40.382,26.133,4.341900416870992e-06
40.4243,26.2315,2.2278947541032323e-05
40.4065,26.1575,8.143477732036608e-06
40.3885,26.1487,3.322293693930334e-06
40.4113,26.1505,4.87835433160555e-06
40.2893,25.632,1.945778423573241e-05
40.4162,26.1008,1.4520375556381637e-05
40.4215,26.0837,1.680177419971507e-05
40.41,26.112,5.761579298102504e-06
40.4232,26.151,1.3653564590598855e-05
40.4173,26.0955,8.778007385634723e-06
40.3745,26.134,9.214056395312475e-06
40.3388,25.7395,5.1836183527553814e-05
40.3338,25.7255,7.790876108249023e-06
40.3027,26.068,0.0004347766217196458
40.3883,26.1268,6.448985977347554e-06
40.2967,25.645,1.6261883769574936e-05
40.3822,26.036,3.007383796493901e-05
40.3552,25.8853,0.00013063519419664882
40.344,25.7897,4.240718985160097e-05
40.4128,26.1567,1.1776892863690769e-05
40.4195,26.188,2.246393375160416e-05
40.4003,26.0633,3.456388022293755e-05
40.3547,26.161,5.237171818650577e-05
40.3213,26.0352,0.00022769417348644794
40.3845,26.1352,8.034737069007036e-06
40.3998,26.1337,7.64167257161219e-06
40.4108,26.127,7.299194292986755e-06
40.3203,26.037,1.540465113825107e-05
40.4263,26.0627,4.5100129521968846e-05
40.3755,25.9003,4.781688751742674e-05
40.4138,26.1685,1.25421218294397e-05
40.4203,26.0578,1.5081995096477563e-05
40.3813,26.1288,9.266071464231196e-06
40.426,26.0697,6.6721275457926055e-06
40.4102,26.1507,9.53724299290748e-06
40.3917,26.168,1.1752176303336803e-05
40.3773,26.1253,6.153853040813395e-06
40.3302,25.7487,4.59278572715327e-05
40.409,26.1557,5.376666290746179e-06
40.3543,25.882,5.999083044405662e-05
40.349,25.8118,4.1643467179497407e-05
40.4067,25.9313,5.533704187254962e-05
40.386,26.135,8.659198352578557e-06
40.3902,26.0557,3.6886454328755036e-05
40.372,25.7928,7.002375384457249e-05
40.3988,26.047,1.9865098018101435e-05
40.3717,25.8062,3.1202631568749695e-05
40.3992,26.1498,1.1315919002163888e-05
40.3963,25.935,1.707353371871445e-05
40.4005,25.9248,1.1351445712959318e-05
40.3685,25.9118,1.941613226574823e-05
40.38,25.9003,1.959499632686601e-05
40.3038,26.2523,0.0008094375628887596
40.3995,25.8383,0.00011016250134532335
40.3502,25.6948,0.00023084910084514298
40.4255,26.2643,5.6431015138413976e-05
40.3473,26.1775,0.0001286927272395877
40.4188,26.1638,1.9006886726291583e-05
40.4162,26.1642,3.3330329454184238e-06
40.3887,25.9528,2.2671110714189702e-05
40.4158,26.1555,4.156577227520941e-06
40.3267,26.0892,0.00018148924258643007
40.4288,26.2653,2.268249440695591e-05
40.3823,26.1345,1.2360911898601223e-05
40.3533,25.764,7.73561710047943e-05
39.6843,26.0832,0.06202876500004251
40.4443,26.2503,2.693119000152233e-05
40.3088,26.2428,6.041282048041552e-05
40.416,26.0742,3.693310490815449e-05
40.414,26.0653,7.43854346718642e-06
40.3685,25.7413,8.422986252554221e-05
40.4162,26.0683,6.502398646190954e-06
40.4337,26.2837,4.154399703459877e-05
40.4212,25.944,4.747622253520323e-05
40.3407,25.8312,0.00013256497331060046
40.367,25.918,3.3569262618771134e-05
40.3875,26.1343,1.1583825564986938e-05
40.41,26.1733,1.6233890047678834e-05
40.431,26.292,3.261442609836518e-05
40.4143,26.1593,8.151356152064082e-06
40.3823,26.139,1.0575407166757422e-05
40.3877,26.1397,7.965905866935685e-06
40.3482,25.9652,0.0001704962626464246
40.3567,26.1623,3.879346847801557e-05
40.372,26.1433,1.3570033971399553e-05
40.3595,25.9253,5.171595118147465e-05
40.3247,25.6338,0.00023875114211835413
40.3545,25.8858,5.844735439608506e-05
40.3507,25.8025,4.885199315252109e-05
40.3875,26.1457,1.1366210728724901e-05
40.4145,26.15,1.3785760741846786e-05
40.4208,26.1515,1.3705879537861954e-05
40.4173,26.1895,7.23539359870351e-06
40.4123,26.0925,1.711425572847869e-05
40.415,26.1607,5.219262853795037e-06
40.3903,26.1372,8.30620321101705e-06
40.3847,25.9008,3.4635623889722744e-05
40.2862,25.6358,4.7463318231910634e-05
40.4202,26.1533,1.0396217745678449e-05
40.91,27.5472,0.25778061229265126
40.9005,27.5793,8.523159935514002e-05
40.3908,26.1507,1.5617355467956173e-05
40.4043,26.082,2.56942895777712e-05
40.4012,26.1513,1.3750301791959352e-05
40.4203,26.1617,1.3258452172371094e-05
40.4763,25.8943,0.0020343834468179445
40.39,26.1418,1.2321216039890004e-05
40.372,26.1193,2.2161367516093655e-05
40.4265,25.9547,0.00012908293065683196
40.421,25.9638,1.3367191417312796e-05
40.3783,26.126,1.4237746543299679e-05
40.7943,27.7388,0.003585049151775932
40.473,25.8885,9.258180145188533e-05
40.38,26.1232,1.4064187727091948e-05
40.4053,26.0768,2.8319276993760134e-05
40.416,26.1232,2.650885160293548e-05
40.4645,26.382,0.0027381790294930264
40.7013,29.2973,0.0541099751484877
40.3892,26.1218,1.9178233718664117e-05
40.4292,26.0872,3.3852801042177916e-05
40.3475,25.857,0.00025314606622750535
40.3473,25.7973,9.001132391173172e-05
40.3567,25.8955,8.159578926525413e-05
40.4013,26.154,2.0083314328789292e-05
40.3762,26.137,1.6627651293954493e-05
40.3503,25.9198,0.0001280213819836451
40.397,25.9083,4.88180274875738e-05
40.4202,26.1823,4.23754653307018e-05
40.4275,25.987,0.00029341213805200717
40.3178,25.7447,0.00029012449155763065
40.3438,25.8622,0.00014444927081291858
40.3672,25.9292,4.027773378090238e-05
40.345,25.7747,9.530000747326461e-05
40.3585,25.8617,3.018386723185884e-05
40.3553,27.5577,0.034142445720990344
40.422,26.1732,3.2146490989815035e-05
40.3698,25.9218,4.934279418578047e-05
40.3405,25.79,7.996814261579388e-05
40.4003,25.8945,6.84392655075916e-05
40.3905,26.0887,5.991048773545948e-05
40.3907,25.9558,5.76351160317401e-05
40.3708,25.9963,0.00013117808379303764
40.7697,30.867,0.18289140066356657
40.783,27.4587,0.005467475361717877
40.4152,26.254,0.00014027450709652722
40.3982,26.1268,3.208192740089544e-05
40.3972,26.0367,0.0001281268308759298
40.4155,26.1445,3.168099533057411e-05
40.3722,25.894,7.461835886102275e-05
40.4715,25.8283,0.002711886658920637
40.4778,25.8537,5.0387964213083336e-05
40.4802,25.837,1.5158374410573217e-05
40.4272,26.2363,9.573472403112682e-05
40.3682,25.893,4.7761316525063435e-05
40.4585,25.899,0.00021925882818774056
40.4595,25.9075,7.503643670525584e-06
40.4747,25.8343,1.888452128517848e-05
40.4555,25.8113,3.542215355945011e-05
40.3747,26.1803,0.00013001691291214534
40.3613,25.8833,5.7142901634277266e-05
40.4003,26.1305,3.063644307976787e-05
40.3853,26.0773,8.170015096320427e-05
40.3652,25.9183,5.567409271489687e-05
40.3192,25.692,0.0003860022116742856
40.4098,26.0865,5.5514675959544846e-05
40.3125,26.278,0.000981925263869754
40.3862,25.9113,5.366998941858103e-05
40.3142,25.752,0.0003136549794627852
40.3323,25.777,0.0001384363971504987
40.301,25.604,0.00025118707261151396
40.4218,26.1343,5.505356886692514e-05
40.4052,26.157,5.840703500403777e-06
40.422,26.1483,3.436558978164861e-06
40.4755,25.9038,0.00025052933654179377
40.3887,26.1233,2.7752778833711744e-05
40.3905,26.1357,2.198140242870572e-05
40.389,26.1438,5.645770998041755e-06
40.3985,26.1338,1.3451644623407866e-05
40.3988,26.0598,8.964859714266638e-05
40.3652,25.9627,0.00024933699742046844
40.3375,25.8997,0.00019723986829556228
40.3973,26.1203,2.9694518888789823e-05
40.4488,26.2957,0.00048233234014083415
40.3538,25.7913,0.0001419896162744294
40.4402,26.2747,0.0001306444533974993
40.431,26.2828,7.975715388341964e-05
40.3883,26.0513,0.00011666367166518476
40.4163,26.2582,0.0001023657041264725
40.41,26.0483,0.00013044281205709662
40.3392,25.8698,0.0001974141703457999
40.4098,26.1828,8.489058632643598e-05
40.379,25.9087,9.058453855614879e-05
40.0165,28.076,0.0036412129000253923
40.4038,26.0943,7.72305057388234e-05
40.4003,26.105,3.608533524135371e-05
40.401,26.1105,5.752727860075524e-06
40.35,25.7965,0.00013656026126429577
40.3052,25.6915,0.0005135649341783122
40.3665,25.9248,0.00010263140776722857
40.3445,25.6992,0.0003291833528146215
40.2003,25.6137,0.01681116135858718
40.3145,25.6797,0.00024132294374445973
40.2048,25.6042,2.185695468315263e-05
40.4313,26.3603,0.0028908714599699126
40.3912,26.1085,6.154440193939514e-05
40.3332,25.6233,0.0008654904059975932
40.4295,26.3487,0.0002477406857567255
40.3673,25.8805,0.00013480711052804573
40.3592,25.9518,0.0002461200393721885
40.3632,25.9282,1.2061960212639278e-05
40.3597,25.9362,3.8100522848916185e-06
40.4165,26.081,9.474202534975884e-05
40.33,26.2993,0.002125391179270908
40.366,25.9167,6.470334061581262e-05
40.1572,25.6487,0.007761907656924305
40.394,26.0517,0.00014714699563000977
40.4165,26.1375,6.09372145209397e-05
40.357,25.861,0.00019041354668203336
40.0123,28.0722,0.0010134581213663285
40.8048,27.7995,0.009621473127837454
40.387,26.172,0.00010955971202586401
40.3737,25.9152,8.851073829663214e-05
40.3438,25.9537,0.00028916406439294384
40.356,26.1505,0.00027255376331514203
40.7667,25.7315,0.250457899044887
40.4083,26.1392,6.247995267161244e-05
40.4163,26.1082,4.6375582250735015e-05
40.561,27.3342,0.16311493310810432
40.4065,26.1318,1.76329726702118e-05
40.5615,27.3328,1.1784162520345198e-05
40.7887,28.1518,0.048855866457684805
40.4017,25.9523,0.00018928154355402071
40.4073,26.0763,0.00010847804146307816
40.4133,26.2165,0.0003166125796213448
40.3683,25.8925,0.00014344833077983843
40.4202,26.2755,0.00032401283490901545
40.4075,26.1288,6.500203818027295e-05
40.3735,25.8942,0.0001346668156982922
40.373,25.8847,5.486052907621719e-06
40.417,26.0408,0.0003307910441597839
40.2013,25.6838,0.014536396781738459
40.3852,26.1383,7.590041249405655e-05
40.0952,29.9985,0.08771930075310819
40.3775,25.8805,0.00014249646693098583
39.6035,25.985,0.0351632057295721
40.3997,26.111,9.155889590095612e-05
40.419,26.1483,7.34574256309184e-05
40.3398,25.9108,0.00037756977886693743
40.3608,27.7153,0.14898445892283263
40.3943,28.7142,0.05550202705215046
40.4025,26.0577,0.00018602542636125818
41.4265,29.1767,0.9968971192559278
40.3937,26.147,7.185971559076076e-05
40.3797,25.8928,0.00011832753935958618
40.2018,28.8798,0.012085574667429433
40.3132,26.283,0.0015980830486949094
39.7888,26.1305,0.0007733289968667734
40.4002,26.0982,0.00011799921331101526
40.3593,25.8967,0.0001608240060156918
40.378,25.8832,8.21363974128353e-05
40.412,26.0628,0.00015167162755902464
40.4183,26.3445,0.0018778518621042073
40.4178,26.1377,8.711067040023668e-05
40.2128,26.08,0.032609075996683834
40.4137,26.1213,8.22364231394257e-05
40.3962,26.1515,7.755209525439621e-05
40.4212,26.1363,6.562376216379118e-05
40.3512,25.767,0.0005746439642223544
40.8377,27.7862,0.008404135923398948
40.3975,26.0673,0.0001868452037390167
40.4168,26.1078,0.00012664491594482907
40.6993,30.572,0.06381345257652338
40.3947,26.0472,0.00023158362705000268
40.4205,26.123,9.793735882834831e-05
40.313,26.2738,0.0009951890655183204
40.4337,27.9533,0.07740469544770434
40.3775,25.9363,0.00028541184293440214
40.413,26.0685,0.00016138741698035197
40.4078,26.0615,0.00012798564428462278
40.3565,25.7703,0.0004094003031400728
40.3945,26.136,8.387306093393665e-05
40.396,26.1383,4.695589574055248e-06
40.8095,27.8193,0.0054890638853314355
40.3945,25.9382,0.00023768616282260346
40.3525,25.792,0.00024951006389306585
40.3242,25.8002,0.0007207882544423283
40.4247,26.1903,0.00035744186336428285
40.4498,26.3123,0.0013659267105088357
40.461,28.005,0.04308349832453984
40.2853,26.2412,0.004432912079754714
40.397,26.0203,0.000573610884744169
40.91,30.4218,0.028053369162523767
40.3472,25.8513,0.0006060310246261968
40.3923,26.1508,0.00010821585729581251
40.4313,26.2905,0.00048678768772281167
40.431,26.2348,0.00035956267809855724
40.3612,25.906,0.00025818512359632173
40.371,25.949,0.00035605328735888175
40.283,26.27,0.0016760487931427592
40.4008,26.06,0.00019891828291773717
40.395,26.0675,0.00019143463556858809
40.6972,30.5848,0.0028623962182743323
40.3273,25.703,0.0012743357412468015
40.3452,25.8163,0.0006302339817295666
40.3635,25.8488,0.0006268556615921517
40.3998,26.1298,0.00012490854807833962
40.0622,26.0902,0.15805621299983952
40.3627,25.9307,0.0003522991081066351
40.3897,26.1497,0.0001382151688313904
40.3572,25.8972,0.0002961277228272774
40.3992,25.8537,0.0005655339503245482
40.6585,27.5245,0.037651923323409164
40.6507,27.5285,3.403102713472883e-05
40.3657,25.9172,0.0001964778293211955
40.407,26.0553,0.0002670323467033331
40.712,27.4677,0.008777871900278567
40.3913,26.1412,0.00010803814794146938
40.4102,26.0785,0.00017335364355186567
40.3382,25.7263,0.00113318828818465
40.8087,27.939,0.008004046815389687
40.44,25.9265,0.0019335229461732162
40.303,25.6027,0.0013192698386231827
40.3992,25.8885,0.000457437181533793
40.455,30.6553,0.24881544590420412
40.3522,25.7602,0.0006514390102245748
40.4258,25.9888,0.0012395430836887877
40.8017,27.7268,0.002702284509860653
39.8977,29.8913,0.06004313045666798
39.6007,28.8855,0.007363225376138094
40.2788,26.247,0.003082435121393945
40.3847,26.0328,0.000611910081610656
40.4167,25.8132,0.00365974783344325
40.4003,26.0953,0.0002609724893518628
40.418,25.8515,0.0014882045720336912
40.3687,25.9262,0.0003258285481486656
40.4222,27.3122,0.15385118643179274
40.0858,30.3853,0.5914840498759344
40.4023,26.1227,0.00017609958346287424
40.3358,25.897,0.0009042051330426792
40.4057,26.0813,0.00022353600040503352
39.693,25.668,0.0043477398876416995
40.5617,27.1658,0.050914387271881356
39.6917,25.639,0.001387305581717846
40.0867,30.3662,0.000731559460160236
40.106,28.8985,0.024901614246225612
39.6063,26.423,0.0925879709674371
39.6163,28.8492,0.005858996959968943
40.7882,27.5692,0.04082159761510473
40.0087,26.5658,0.8464757861463048
40.195,27.94,0.025322274833076808
40.2088,27.9333,5.280713592104025e-05
40.205,27.9347,3.0454355208764383e-06
40.2112,27.9287,1.7722263279673633e-05
40.2233,27.9307,6.8667538015709795e-06
40.4132,26.0988,0.00028054634982399573
40.401,26.0462,0.0004194542180525618
40.2013,27.9382,6.970909248593671e-05
40.3992,26.296,0.0038780865868315306
40.3983,26.2872,1.263409754603817e-05
39.7143,27.766,0.07493935323569312
40.1883,26.1823,0.10789319956648569
40.4465,29.0652,0.028737202388432248
39.608,28.8268,0.004433630934578603
40.197,28.2645,0.13643951252995645
40.3735,25.9145,0.0003481576120776264
40.3625,25.8637,0.0005021962228466403
40.037,28.0655,0.008468369902185469
40.2008,27.9213,0.00015589201219401438
40.7892,28.0767,0.035965559008209524
40.3945,26.125,0.00019921666674682648
40.4083,26.0565,0.0003112086249443813
40.464,26.3637,0.008461580076099096
39.8742,29.9358,0.015557572036601686
40.4098,26.1205,0.0002149485348330593
40.408,26.1268,2.2871560423354254e-05
40.387,26.1453,0.00016719848838886442
40.3483,27.3798,0.04300594408212144
39.7257,27.8643,0.041327232610052556
40.4093,26.1345,0.00013777747317889055
40.4298,26.2558,0.0006724160754641995
40.4257,26.2683,1.9628628004086934e-06
40.431,26.2658,1.4715947391552575e-05
40.4068,26.1217,0.00013165676738713383
40.3928,26.1327,4.5470050354490255e-05
40.4032,26.1257,6.010026694203141e-05
40.3758,25.9135,0.00036478447821519655
40.3735,25.8685,7.467739035704746e-05
40.4267,26.2625,0.00013000531643514446
40.4,26.0635,0.0003022527082328086
40.4153,26.2907,0.0003482135465909808
40.796,27.7203,0.0024497561589669203
40.6065,26.9458,0.13297371820780535
40.411,26.0817,0.00028346412175761504
40.3768,25.9137,0.00034453608283180337
40.2492,26.2538,0.023158769669359036
39.6328,27.29,0.6351268073491598
40.1623,26.9257,0.08558295868284904
40.258,26.2477,0.0006361295866258443
39.6153,28.8768,0.0026041948105157697
40.2403,26.2622,0.0001338450115350165
39.9307,28.7607,0.07009602488291611
39.6045,26.0107,0.014293174350523574
39.8582,26.172,0.044224966487849904
39.7952,30.6718,0.2592424420481346
40.3428,25.7412,0.0016240442691123347
40.3647,25.8767,0.0005210674869923215
40.4622,26.3938,0.007976015377198387
40.0203,25.9202,0.5240091672732691
40.4623,26.366,0.0017372528615091642
40.3767,26.0577,0.0009051732734074447
40.337,29.1267,0.2432606979405656
40.8135,28.1212,0.011224558862130252
40.4012,26.0313,0.0007527386431216421
40.2453,26.254,0.0007603222549937838
40.236,26.2465,0.00013175789460739828
40.4223,26.2598,0.0004271550360037679
40.3393,25.8225,0.0015569038559763992
40.3748,25.8578,0.0007674568244374624
40.7795,29.0545,0.069221604629918
40.1447,26.9115,0.012498393129103724
39.6155,28.8538,0.002370264439199632
40.4168,26.1668,0.00040350214246187566
40.3535,27.5748,0.02413361823983784
40.1787,26.8918,0.011014928666747248
40.34,25.712,0.002203648228725319
39.8398,26.2038,0.019291791048281937
40.397,26.1118,0.00030504287979371547
40.3542,25.813,0.0010478030705884933
40.3595,25.9252,0.0006505564900473049
40.3018,27.3398,0.11616034511049722
40.8113,27.959,0.008117308811256607
40.6027,29.1783,0.0505270165012609
39.6952,27.8265,0.041199632987840684
40.6028,29.1715,0.0009458727492008823
40.6057,29.159,9.105367623052363e-05
40.253,29.5157,0.19091502691042916
40.6122,29.1708,1.4951898994253199e-05
40.6112,29.1727,2.8079142417536396e-05
40.6048,29.1773,9.709796602086485e-06
40.6075,29.1652,4.4115332895611203e-05
40.604,29.1812,2.5745088398920757e-06
40.6003,29.1623,5.265195266557221e-06
40.5957,29.1862,3.9932191224778535e-06
40.7425,27.376,0.010628465169121637
40.61,29.1617,9.206098921832329e-05
40.1757,27.2523,0.1716709172600055
40.6063,29.0108,0.008309821814813434
40.6078,29.1633,0.00011383408341902879
40.476,26.3667,0.004825662503320061
40.7697,27.416,0.006772521719782487
40.8488,28.6572,0.06826230890198648
40.412,26.183,0.0006831675090409606
40.3557,25.8127,0.0011001912308697959
40.3525,25.7692,0.00010051969233559888
40.6033,29.1717,0.00017825386564573886
40.512,28.1572,0.11338469728955791
40.3695,25.8885,0.0006053654249604801
40.6068,29.164,0.00015149171064143818
40.3392,27.1028,0.0776703846526513
40.3668,25.8343,0.0009461779793612513
40.3755,25.8865,0.00012043379717707747
40.3852,25.8673,9.603411542546958e-06
40.3735,25.8525,8.453982265010929e-06
40.37,25.8648,3.730468706164558e-06
40.3333,26.0525,0.0015566302430102263
40.3753,25.8865,5.662384310101132e-06
40.3668,25.8832,4.35614520499783e-06
40.3713,25.8667,1.087739938099297e-05
40.2518,26.271,0.002299155153869914
40.2597,26.2523,6.047665734865149e-06
40.3603,27.1087,0.003351312483148794
40.3785,25.9258,0.00036371470317286825
40.3478,27.1028,0.000512787757030897
40.3518,27.0948,5.574106008976454e-05
40.0245,28.7658,0.2265870580856958
40.3773,26.0072,0.002031135249440763
40.3437,27.1507,0.004599009533089782
40.0892,28.6898,0.022446260339589963
40.6003,29.0062,0.0031755550185329495
39.7905,26.1188,0.0016929464902913915
40.3495,27.149,0.0005550693669015283
39.7075,25.6482,0.0030081376212559574
39.7842,27.9055,0.027881282355741832
39.7327,27.864,0.011999067941743768
40.4007,28.8423,0.06452549392305074
40.3987,26.1218,0.0003547622755051272
40.1385,28.284,0.08943236944093025
40.4052,26.098,0.0004639549516389785
40.0908,27.138,0.030100202253986796
40.4387,29.0858,0.02010714617299092
40.1302,26.0945,0.22312103302553188
40.5903,27.5438,0.05515812721501556
40.3655,25.8937,0.0005210608841106357
40.882,27.902,0.020140529962798914
40.3398,26.0355,0.0032932808630369292
40.8542,28.6885,0.016617977343926782
40.8948,30.379,0.026419736461739785
40.8377,28.6862,0.001873137797486546
40.4765,27.8398,0.147867435753826
40.016,26.2745,0.6009551081602942
40.4227,28.3243,0.1544061906008234
40.4793,27.8413,0.0003423167640266289
40.1193,28.7308,0.09018958262803478
39.6132,28.8585,0.0031269776614319955
39.606,27.7213,0.11602365629741429
40.586,29.0108,0.0061409938364954675
40.3838,27.4675,0.03617435761958887
40.8138,28.0762,0.015049243176134874
40.8392,28.0255,0.0003239922322146871
40.8085,28.1047,0.0001706026264228777
40.8063,28.0738,0.0001727841809429087
40.2803,26.276,0.005955648898952393
40.5755,28.1462,0.11215352081085428
40.8115,28.0737,7.440433366712185e-05
40.8097,28.0565,9.487362373616914e-05
39.8552,28.7498,0.08346288598273954
40.8012,28.0618,4.9269487850778226e-05
40.7512,27.3872,0.006128868293067913
40.2363,27.0122,0.026281440592774152
40.563,27.645,0.17159825271672735
39.6047,26.0803,0.016316600090457656
39.611,26.0447,0.00047737471012754273
40.3053,27.5248,0.06271180687246425
40.0683,27.5342,0.17654378187876274
39.6098,26.0768,0.0005149793160383886
40.7093,30.6328,0.027420093083639796
39.763,27.9247,0.022903623021627517
40.2287,27.1373,0.1615206949190925
40.2695,26.2693,0.0021829830376032255
39.6048,26.0833,0.0006040708885490798
39.6108,26.0707,0.00023538978966475277
40.877,30.5673,0.5075781938225045
39.6203,26.0618,0.0005649574514510203
40.3257,25.8293,0.002805694466262887
40.3545,25.7525,0.0019031950183000523
39.6205,26.0653,0.0002765438015635002
39.6323,26.0177,5.195355345377628e-05
40.7775,29.0668,0.017628777498724713
40.3577,25.8838,0.0007142219213158718
40.7793,29.0725,0.00011845855321390708
40.8242,27.7658,0.005187537629413264
39.6198,26.0598,0.00025135969537681824
39.6072,26.0815,0.00031529098602933736
40.7758,27.4163,0.006229497682176954
40.3743,27.2182,0.056195760490328595
40.1685,26.9132,0.00799953644562934
40.0643,28.2423,0.22219546994794803
39.7112,26.5347,0.39553793208509247
40.3748,25.9102,0.0006425999990053999
40.8335,27.9282,0.004140670663677737
40.3682,27.5798,0.01289389725952328
40.3897,27.97,0.08205008354520438
40.2133,27.6628,0.17721614729353963
39.6087,26.067,0.0005092453565133104
40.3662,25.88,0.0005313225566628832
40.8367,28.7472,0.03330509818049976
40.3538,27.2423,0.009084810373143903
40.1998,28.9248,0.06912174473554367
40.8307,28.7608,0.002293609414190101
39.6483,29.1575,0.2643536866879842
40.0622,27.5202,0.009780526441667825
40.096,27.1218,0.015616214275624318
40.1318,26.0868,0.011403749604914637
39.6822,25.6578,0.0037978494634689497
39.66,25.6987,4.254166614292565e-05
40.7247,30.6543,0.013897660001868983
40.369,25.8482,0.001092684547448819
40.7098,30.6425,0.0019543411590364768
39.7057,26.533,0.003956433951003091
39.6222,26.0657,0.0008692824861649129
40.3707,27.8992,0.07940468373584197
40.3532,25.8248,0.0014147486896654016
39.8588,26.8462,0.211224337902576
40.4137,26.174,0.0008419276326274705
40.7132,27.5445,0.033157454334395764
40.4163,26.1032,0.0007628555882074339
40.7453,28.9558,0.08672978328590442
40.4005,26.1427,0.00047491925641418575
40.578,27.3903,0.0735764310620255
40.7823,27.5552,0.0212518538457539
40.7573,27.4853,0.0034752294478124224
40.7523,27.4873,5.650103041654475e-06
40.8533,28.3167,0.02414982858150727
40.7762,27.5535,0.0009868102053391947
40.781,27.5742,1.838040507085026e-05
40.3493,27.7827,0.09448606651739899
39.6287,28.8333,0.010048815643785902
40.787,27.43,0.005033233733828912
40.7323,27.5485,0.003636970900745884
40.1542,27.5508,0.1486927822436409
39.8627,28.7093,0.05790573584094583
40.1247,27.2052,0.06634220034847893
40.1245,27.2688,0.018134021808793976
39.8532,28.7498,0.00735701054298965
39.8225,30.8415,0.32643494359456515
39.8607,28.7303,0.00036873048232788364
40.8583,28.797,0.030410713189398142
40.2205,30.3297,0.7209963691788871
40.4065,30.1147,0.15603178366742199
40.4115,30.1117,1.4951296148812965e-05
40.7285,27.5477,0.0034723465640236206
40.7362,27.3948,0.007692130078407189
40.4093,30.1218,0.00015696795996711366
40.4162,30.1333,6.03636257934248e-06
40.8905,30.3505,0.03885608201598956
40.4163,30.1275,0.00016524360428205043
40.808,27.7902,0.007742423107047314
40.0923,27.755,0.1580061775610787
40.8112,27.7885,0.0002311469226816687
39.9978,28.091,0.01501221395368768
40.1733,26.9127,0.004985730613252359
40.3868,27.5602,0.01889855013365227
40.8382,28.6993,0.008988224529238642
40.7048,27.3667,0.007775855432068046
40.4142,26.1607,0.0007011187637361305
39.8685,27.8098,0.052480638059944074
40.826,28.9857,0.19388865122003518
39.8753,27.777,0.0015861071334858368
40.8092,28.011,0.015942738223611252
40.4495,29.1848,0.01924885615565819
40.5565,27.6138,0.0383804952714375
40.691,27.3685,0.0034522991357239796
39.6263,28.0087,0.05914946190963166
40.4,26.1443,0.0005011736191572469
40.409,30.1198,0.00047816365756436774
40.5595,27.6868,0.047132517493148396
40.7542,27.4803,0.002331205767207356
40.255,27.3175,0.23036973913731984
40.2957,26.3043,0.019836500270382196
40.7252,27.5982,0.02307445616432613
40.383,26.0417,0.0021006500259708183
40.8518,29.2872,0.042557228301678074
40.374,27.5293,0.013445015279277328
40.4435,26.2638,0.0020444145848291795
39.8677,28.7353,0.004993456897042559
40.3992,26.1233,0.0005472678952236354
40.4815,26.4048,0.01594262274371272
40.789,27.4728,0.007307024762028269
40.8447,28.7788,0.011287838600583244
40.85,28.777,0.00011333994851159268
40.3657,25.9123,0.0010706568315052012
40.4048,26.0777,0.0009396202960743061
40.3592,25.7777,0.0025844231905780557
40.1885,29.3742,0.24199247231507504
39.6163,28.8685,0.0035478489721745277
40.6592,27.585,0.053451560531454945
40.945,30.3572,0.16736759764848763
40.2395,29.1423,0.11546519554893431
40.7978,27.8318,0.016501506704233115
40.1027,27.2618,0.03951425220127225
40.8223,28.1295,0.012129601974557924
40.8123,28.1365,0.00015552109928207436
40.8038,28.146,0.0005515076980926459
40.8575,28.29,0.022970539228493347
39.6932,29.2693,0.1115628600977343
40.38,25.9022,0.0009953673254290418
40.825,28.1483,0.00068149146773544
40.7962,28.1112,0.0010254420830285715
40.8207,27.9633,0.00816589253481581
40.6243,27.5772,0.02803182181983943
39.6163,28.8787,0.0023483303040765513
40.7343,29.1492,0.03894795598922807
40.0467,28.1835,0.2256787230513957
39.8112,30.6275,0.1871556153409566
40.4247,26.2948,0.0027509237975472667
40.4173,26.289,3.578440809226535e-06
40.1365,27.7025,0.14026907226518737
40.3317,26.0783,0.010085164240509537
40.7297,27.3147,0.042923502867696195
40.4305,26.302,0.00041622358304227447
40.8498,28.7372,0.009368909179926943
40.4797,26.3778,0.005933034501457435
40.357,25.767,0.0022092209767784476
40.5145,26.4062,0.0026078891831167184
40.0172,28.065,0.008023040431206718
39.6383,28.862,0.004379348647283177
39.653,25.6857,0.010463808882446357
40.492,26.4052,0.002038453410750707
40.7452,29.0517,0.03553920350818651
40.7433,29.0263,3.568388229679975e-05
40.7433,29.0242,0.0006439747928033146
40.3603,25.8658,0.001456483924835883
39.7107,25.6393,0.003774237188892915
40.3488,25.8927,0.00031479005901113855
40.7803,29.1967,0.04281252069805053
40.9337,30.345,0.018864235329773327
40.8005,27.6788,0.013454493746772989
40.643,29.0853,0.014164190699230916
40.7457,29.0378,0.0005494256682347931
40.7982,27.8307,0.005097797487746525
39.8308,30.5203,0.03206073686388111
39.8457,30.5232,8.815623313818133e-05
40.6323,29.0927,0.001763841287865442
40.5947,28.8508,0.08400915458433345
40.6062,28.8677,8.98261251354171e-05
40.496,26.379,0.0017394274008537547
39.8933,27.084,0.5445038843275566
39.9187,26.114,0.25492651269524147
40.4097,25.8895,0.002972550893154069
39.6028,28.8638,0.0037473855376813914
40.595,28.8417,0.0008044745452563395
40.6088,28.8442,0.0002750087350118502
40.1498,27.0835,0.11123248734856006
40.1568,27.0867,1.1055710277263486e-06
40.1618,27.0758,2.7014676082792732e-06
40.146,27.0882,3.290726722382509e-05
40.596,28.848,0.0006094243497789531
40.6012,28.8852,1.7982664136440007e-05
40.6477,29.0867,0.0024509861389309107
40.4215,26.2472,0.001764645660362829
40.7987,28.8192,0.07076663159529017
40.8117,28.8148,0.0004391015188798253
39.7095,26.5355,0.00991849355038854
40.61,28.8538,0.0009363302856992828
40.7437,28.7063,0.12484133622901239
40.7515,28.9998,0.006423482476861531
40.7728,29.1915,0.007394351260259779
40.3655,25.9353,0.0017226135105288254
40.7433,29.0152,0.00023713217636023298
40.7462,28.9973,0.0004657722645416973
40.3552,27.749,0.039162372706216364
40.8342,28.0118,0.012950492664932645
40.3585,27.7368,8.754048851178364e-05
40.2797,27.3102,0.05779311838308199
39.8682,28.3288,0.8087825899052237
40.7475,29.0137,0.0005001628653245049
40.4153,26.116,0.0009991516702121395
40.4152,26.0925,5.302411955865338e-05
40.6062,28.872,0.0013232279166682792
40.3433,25.7482,0.0031710542527371155
40.8437,28.8525,0.027841186949847607
40.3618,25.8665,0.001177244944927991
40.1517,27.1392,0.008235916532104648
40.3895,27.038,0.08990072723976972
40.6572,27.2702,0.14141059933689426
40.8087,27.7843,0.004649465400046293
39.6885,26.177,0.14018433760713334
40.7122,29.283,0.04263993965860302
40.625,29.0005,0.011695990763901709
40.3967,26.131,0.0006753660581573229
40.5308,27.4883,0.11455886911676139
40.373,25.9352,0.0015286748423654073
40.38,27.054,0.007274225982135896
40.146,27.0843,0.0008873321555445957
40.1537,27.0577,7.605815303790564e-06
40.8167,27.7582,0.00288730070579557
40.8172,27.7543,1.2975766488176887e-05
40.6608,28.9753,0.027396324040647846
40.6715,28.9972,0.00018155432330702048
40.1813,28.241,0.15497717351246587
40.4337,28.9435,0.02517482830026696
40.4062,28.9707,0.0001595359491222137
40.046,28.5568,0.6484372845947559
40.7552,29.2007,0.01460572311101882
40.7487,29.1878,1.9847093560065865e-05
40.6658,27.5158,0.023807993924425674
39.877,30.3947,0.21603336708520893
39.8943,30.3903,6.931100363316567e-06
39.8908,30.4168,0.0004508238537335174
40.6448,29.145,0.01544604610577438
40.4235,26.1273,0.001095792177455146
39.8083,25.7835,0.3783377773152995
40.8653,28.682,0.017772225538160158
40.0935,28.5937,0.09341667285488486
40.6242,29.1068,0.006950060686621851
40.6323,29.1095,8.345002864473816e-05
40.8353,27.8688,0.013027303860994266
40.0657,28.5903,0.01065320825268845
40.0798,28.572,3.6701030455832395e-06
40.0625,28.5855,3.118733203244517e-06
40.0478,28.5778,2.537825455550813e-05
40.0888,28.577,7.094140333485655e-05
39.6213,28.886,0.003493143745739613
40.072,28.5982,4.493627463653116e-05
40.6273,29.1087,0.0003874605253930685
40.0507,28.5595,0.00023138693995261583
40.0802,28.5917,9.944188307076107e-05
40.7383,29.0148,0.0028153220279683033
40.3898,26.1378,0.0007363213171026617
40.0825,28.5977,9.350260907003971e-05
40.3918,26.0613,0.0017390136179111781
40.3283,26.0763,0.006223183121370046
40.056,28.5822,0.0002421609576355177
39.8397,30.4768,0.021354031004517715
40.1163,28.711,0.028348320125539228
39.6015,26.4213,0.04846621120563954
40.333,26.073,0.001002476076427672
40.3092,26.0943,0.0007765582095643486
40.3193,26.0715,9.32072239692161e-05
39.76,30.6148,0.13993913829569382
40.6965,27.5052,0.01832155620487974
40.3413,26.0612,0.0009424887801970927
40.3087,26.1045,0.0006775279213149243
40.3232,26.06,0.000207385607618793
40.3243,26.0933,0.00039841837469156705
40.3242,26.0732,0.00022311941429109527
40.3237,26.0842,0.00016216092241327917
39.727,27.6048,0.2425610560287016
40.1687,27.302,0.13508914984130183
40.4062,26.1253,0.0007362007518507685
40.7275,29.1325,0.013559633295583184
40.661,29.1538,0.006497640054877518
40.6605,29.1613,9.29508282302427e-05
40.7167,29.1293,0.0007692748695631302
40.327,26.0678,0.0003020322619921023
40.3213,26.0733,4.5949039773063305e-06
40.3768,26.1577,0.001267587852875618
39.7462,30.5887,0.009663215731879449
40.3093,26.0928,0.00034329772205710096
40.8242,28.067,0.009354500917148512
39.7825,26.0758,0.026717218579583424
40.809,27.7373,0.0036436402492806552
40.3235,26.0695,0.00024440871521469454
40.3277,26.0633,0.00010457593305435164
40.7895,27.3568,0.02888344181045366
40.728,29.111,0.002474312375899901
40.7223,29.1313,0.00010040778121955807
40.7122,29.0722,0.0001969674192170423
40.5093,27.0948,0.48519672703318295
40.0147,28.7677,0.06375104718813784
40.8118,28.0705,0.0029360068832534614
40.3178,26.0662,0.00042555029616431206
39.6052,28.9023,0.007870376467804974
40.711,29.0825,0.002026020260107453
40.7127,29.1758,0.006449376820452546
40.4587,26.3965,0.011926848428840398
40.7602,27.4102,0.0075089618475634445
40.7458,29.1733,0.005138148191979441
39.6597,27.8908,0.027732747576863392
39.6585,27.8617,7.92571542823639e-05
40.326,26.0928,0.0008035658777637567
39.6373,27.8925,0.0004194587136412409
40.8615,28.4293,0.1833718714180198
40.851,28.4167,1.5775351129398985e-05
39.6603,27.8857,0.00020652741519078255
39.6642,27.869,7.198334343594404e-05
40.558,27.4245,0.07380398945672784
39.6713,27.8807,3.405015034896319e-05
39.6777,27.8892,4.190964041872469e-05
39.6588,27.8733,2.104842100913995e-05
40.5632,27.4233,0.00013987161373474333
39.6433,27.8563,9.462950845939844e-05
39.6682,27.8462,0.00012363958425731791
39.6648,27.8933,8.86541028185528e-05
39.6618,27.8895,0.00015519923066853458
40.4538,27.5722,0.1466043032328055
40.4642,26.3998,0.002759120119120828
39.6585,27.8505,0.00036422313271422535
39.6497,27.8275,0.0013271083867200106
40.4847,29.8902,0.47369491567621036
40.7557,29.1912,0.0046429884064430604
39.6503,27.8803,0.0004887661632819729
40.7198,29.1742,0.0026769038013342294
39.6853,27.8437,0.0011446565011936638
39.6602,27.863,0.00023558988971283945
40.3398,27.0845,0.02323492168963459
39.6073,28.8908,0.00320486602160297
39.7923,30.3992,0.24068135346158037
39.6872,27.881,0.0010741288228395263
40.4032,30.1183,0.00427999330613138
39.6637,27.8628,0.0002810707140088464
40.8742,28.7317,0.019980296087080185
39.8753,29.2895,0.2814663577366129
40.8562,28.694,0.001982509697258994
40.3737,27.651,0.08849878801441446
40.859,28.6867,0.0002631800448077426
40.3617,27.6443,0.00010553889511077941
40.3843,26.0528,0.002337047859041319
40.8572,28.71,0.00012378198132756424
40.3755,27.6388,8.550970018728066e-05
40.7622,28.2467,0.2389121858838611
40.4043,28.897,0.054642870178506664
39.7118,25.6555,0.005197649941829807
39.6587,27.9083,0.001167738975075383
40.7112,29.1782,0.0023533730439759815
39.6648,27.8682,0.00029052814496688395
39.6025,28.8973,0.0019154571136699161
40.2142,27.0185,0.039879552221135484
40.3377,27.588,0.018279305847359373
40.2987,28.0125,0.229345016126265
40.4028,28.8547,0.01400972407666079
39.6635,27.8233,0.0012871514463157485
40.37,26.998,0.07175186636020547
40.8295,28.6938,0.0047827347587129365
40.2023,29.0358,0.22211823403396103
40.5798,29.2082,0.02892623870170996
39.6138,28.886,0.0014843207028581995
40.5625,30.751,0.6794149847907758
39.6468,27.8552,0.0008055725633138167
39.6598,27.839,2.8628404079356073e-05
39.6395,27.8622,1.2570168043013474e-05
39.6435,27.8922,4.865412876209341e-05
39.6908,27.8375,0.000152823175935346
39.6848,27.8372,2.087259907845862e-05
39.6592,27.871,2.552446528181207e-05
39.6948,27.8797,3.703781026254127e-05
39.6603,27.8923,1.572983936470873e-05
39.7038,27.8638,0.00010909267849712467
39.659,27.8658,3.1045272301022386e-05
39.6752,27.8663,1.58004360163444e-05
39.645,27.8757,3.112570510066526e-05
39.6523,27.8217,0.00010996607926916369
39.6647,27.8587,4.1803671625539884e-05
39.637,27.821,4.6632629956966376e-05
39.6503,27.8913,4.665278795212835e-05
39.6502,27.8668,2.3798153591547688e-05
39.6638,27.866,2.0932060526335228e-05
39.6583,27.8098,0.00013497490455371963
39.6665,27.8427,6.0736879594958104e-05
39.6738,27.8908,0.0001479663187005098
39.6737,27.8642,5.990543806266846e-05
39.7022,27.9083,0.00106891707507073
40.842,28.6827,0.0021523925733681892
39.6718,27.8695,0.00015182148619674596
39.6505,27.8908,0.0002522670467521859
39.6117,28.8743,0.001575875470979926
40.3553,25.9708,0.0071749424220026725
40.3337,28.6332,0.602957303714862
40.601,27.8117,0.20807063216138688
40.8307,27.84,0.0201516504225443
40.7255,27.4267,0.013912176212995342
39.8585,27.5695,0.15251372880912195
40.8243,27.8505,0.0005438299632897214
40.0513,28.684,0.07911412091918268
40.2313,27.0238,0.009047409398385109
39.6018,28.8837,0.002054261913308375
39.8075,26.1117,0.010136420483099262
39.7663,26.0742,0.002835291501384285
40.3775,25.971,0.004326443877588515
40.3217,25.7775,0.004790730789828168
40.3085,25.7605,1.1003497608519375e-05
40.3117,25.7288,0.0005387610384625097
40.357,25.8947,0.0019820886793727732
40.5855,26.8478,0.7458663385907025
40.368,25.7935,0.004070045715881876
40.358,25.9037,0.001598598418018904
39.8527,29.9602,0.07650782010346957
39.9948,28.7315,0.09462209517495157
40.4297,27.2802,0.14780903921289634
40.122,27.881,0.36565507967036603
39.6567,27.1317,0.31271841101692355
40.4243,26.2955,0.003339912536964418
40.7282,30.0783,0.2919515439808422
40.3863,28.0015,0.10651901069986458
40.376,27.4318,0.03137536122641371
40.4798,26.3927,0.006865139557068689
40.7977,28.0542,0.012393902632554799
40.1617,29.0315,0.2016108787607045
39.6282,26.055,0.007778559188298617
39.7402,27.772,0.04473309536977077
39.608,26.1232,0.023977954662428802
40.7833,27.6073,0.049210751772740036
40.4153,29.1253,0.023572070863380534
40.3302,26.213,0.03203956831612953
40.3287,26.1987,0.0008084880620379264
40.3525,25.8793,0.002214939678636174
40.1335,26.2677,0.451135698035692
39.6282,27.553,0.12067434255098652
39.689,29.327,0.16122663937331094
40.4355,29.1225,0.0017019511074647387
39.8613,26.8185,0.11945177952425479
40.8612,28.2215,0.10185300381658957
40.3517,27.129,0.025230107894631093
40.3468,27.1277,5.967419404284691e-06
40.4013,26.0933,0.0017358330196963756
40.1995,27.6862,0.11984290737104386
39.8625,29.9543,0.013310735998582679
40.8048,28.8508,0.07311038612415499
39.6175,25.8788,0.09964645355412027
40.1232,27.7425,0.06606389068709406
40.7858,28.8405,0.0012454270325195083
40.7998,28.826,0.00012658351371508392
39.637,26.0772,0.007543751630803119
40.1347,28.3025,0.06339592064555788
39.6222,26.0873,0.0005965299534134161
40.891,28.7135,0.01812491019810547
39.962,29.442,0.7000612717911177
40.3802,27.2163,0.025077021403600686
40.4702,26.3987,0.005079553073038423
40.23,28.9072,0.09965669893942941
40.6097,29.1075,0.014775281563485732
39.6125,26.4147,0.03547818401370195
39.6057,28.901,0.004001469809728375
40.4678,25.8973,0.015054939240732534
39.9453,27.2527,0.22334174162857656
40.4342,28.666,0.1314345755595131
40.6002,28.0312,0.3888019101393141
40.5678,27.9917,0.012642435097254268
40.434,27.2772,0.009099323561354566
39.9003,29.914,0.04003302013772436
39.6167,28.8965,0.002387736315329514
40.405,28.8587,0.017703379949963294
40.761,27.3985,0.009391379408987599
40.7545,27.3972,0.00015045873848018587
39.7003,28.57,0.12383104118266697
40.2262,27.0745,0.05916357384454751
40.6157,29.1728,0.005406579471398665
39.679,27.6233,0.1982557861802624
40.8507,28.7452,0.01270873580679055
39.9158,28.9617,0.38849507978057896
41.1507,25.9275,0.9665851641436978
40.1542,27.1292,0.0178257996280059
39.775,26.1557,0.005948802092399008
40.705,29.2843,0.028747952055948822
40.1067,27.1855,0.05152522729939468
40.3345,26.0688,0.002629166283934281
39.8838,26.6442,0.7706902343649751
40.5567,25.6342,0.09171923974250662
39.6143,28.8973,0.002107305890282074
39.9173,28.6592,0.15892655566144986
39.6175,27.7418,0.061646207656385066
39.6173,27.7803,0.0001502635677559372
40.2053,28.9017,0.02297379093646823
39.6158,27.7958,0.0008218979689865735
40.3375,27.5673,0.028374575974531746
39.6373,27.7775,0.0017637717819070087
39.9157,29.9263,0.01687925801509682
40.8078,27.5677,0.031271635494865335
40.2213,30.2775,0.5473952727685607
40.2063,28.894,0.00152666983729155
40.2832,26.189,0.055478750523638376
39.7775,26.1382,0.002149462824023507
39.7692,28.7622,0.31617718764201785
39.7792,26.1473,0.0006958271800301397
40.223,27.0322,0.010437567319895535
39.7128,27.8587,0.010021801599486624
39.8647,27.8347,0.060681239278802424
39.8603,27.8027,0.0007680821332671783
40.4523,26.352,0.015753964582624125
39.671,27.861,0.0013169993950712389
39.6762,27.869,5.742234562178261e-06
39.6813,27.819,8.049376531438224e-05
39.8828,29.9532,0.01212213623966607
39.6807,27.8777,9.464563168481988e-05
39.6938,27.8905,2.055950720636357e-05
39.6883,27.8665,8.49291284696907e-05
39.6833,27.8728,8.231080798348778e-05
40.0595,28.1872,0.09111491430584406
39.7788,26.1303,0.0010105259167737524
39.6802,27.8535,0.00012937044746286208
40.8175,27.953,0.013038345767504622
39.7945,26.1455,0.0009775567094274518
39.7748,26.1455,0.0003049667028304226
39.7735,26.1472,0.0001314119799787905
39.6805,27.847,0.00018427323915526372
41.7535,28.4438,0.9935684669015871
39.6797,27.8637,2.348354208270287e-05
39.6853,27.8738,1.107525101162743e-05
39.638,27.83,0.00011485198524963103
39.6692,27.8933,0.00010163299526744218
39.69,27.877,5.2899567436148764e-05
39.6933,27.8273,9.895464222497985e-05
39.7027,27.9205,0.0004995097497964007
39.6938,27.8368,0.0002086264324505649
39.6035,28.867,0.004051458458065316
39.8753,25.9383,0.3930694208771759
39.684,27.8693,0.00016984679601383945
39.6563,27.838,0.0005549394134971575
39.684,27.851,0.00018531717641034895
39.8857,29.9812,0.011075595041540542
39.6845,27.8477,0.00017116834308450457
39.683,28.6658,0.3121518815526836
40.571,29.0173,0.02774478059531016
40.8258,28.0677,0.010190931495432709
39.7797,26.1417,0.0006930838648663284
39.8105,30.5505,0.04308194551949085
39.6778,27.8735,0.00026362909833044235
40.284,30.3473,0.559808698867461
40.7988,27.9277,0.0129912575499197
39.6673,27.8707,0.000338032539077604
40.374,28.27,0.09237089615266292
40.3715,28.2765,5.346153131413622e-06
40.8308,27.7393,0.009948688514668236
40.8368,27.7347,1.3616533825033805e-05
39.7382,27.8075,0.010937686269959612
40.3397,27.482,0.04253209049704876
40.8663,28.4963,0.15553626328165948
40.3612,27.4872,0.0043065483435980045
39.7772,26.1485,0.0007464408794138899
39.7885,26.1433,3.991472541442498e-05
39.7792,26.1528,2.010051611933683e-05
40.7505,30.0795,0.0728075792764381
39.8352,27.8492,0.03626653486109255
40.1133,26.7123,0.6075809408729371
40.7592,27.5767,0.03406026509771354
40.2427,26.3025,0.07453848602214208
40.2258,26.9997,0.012880135471260878
40.2467,26.3017,9.874397407627633e-06
40.2445,26.2997,4.341297497378882e-06
40.2435,26.2873,3.221536650777068e-06
40.2418,26.2917,3.1931321361478027e-06
40.2455,26.309,3.7560053864904575e-06
40.2362,26.293,3.77991505384756e-06
40.2323,26.2933,2.709558814872892e-06
40.25,26.278,8.474994585672135e-06
40.2513,26.3053,1.1967418493963322e-05
40.2477,26.2867,5.457645127493471e-06
40.4878,30.2483,0.36918433316661203
40.478,30.2393,9.91663523952635e-06
39.781,26.1365,0.000527435662675213
40.2497,26.2832,3.703773584284864e-05
40.2455,26.2638,0.00012278701759371735
40.2385,26.2803,4.8504487477618596e-05
40.2402,26.2715,5.220740537392743e-05
40.2448,26.3165,6.878476189775551e-05
40.8247,27.609,0.037116600423589996
40.2378,26.2938,5.4535322993154445e-05
40.223,26.3172,0.0001788936080000525
40.3402,27.0478,0.04839975556196929
41.4462,25.7998,0.9845065642340469
40.2453,26.2832,0.00013480622736272707
40.2467,26.2708,7.413698187708206e-05
40.79,27.4372,0.014783159939299129
40.356,27.1702,0.02417986808764938
39.7827,26.1283,0.0007956601150547193
40.406,28.6605,0.06131920526777801
40.4597,29.1297,0.020353809532954736
40.7307,27.4312,0.01043104779859605
39.771,26.1382,0.0007689335710897582
40.4558,30.0452,0.16069221401149236
40.604,29.0102,0.011802371063559969
40.7053,29.2978,0.012322257500464229
40.3925,28.6635,0.005193598485213835
39.6932,25.6535,0.005648421934420833
39.6192,27.6253,0.2080623724287527
40.6993,29.2842,0.0025589050064840357
40.3605,25.7912,0.004871095839386719
40.5363,28.3002,0.36172009990357634
40.276,30.3527,0.014634074067258807
40.9422,29.1267,0.6619698885814266
39.6653,28.7492,0.18707562152246815
39.7965,30.5395,0.015625372754730416
39.689,25.607,0.004748104681065124
39.8117,28.6582,0.14266629068159464
39.8673,29.9758,0.014406119939281203
39.8082,30.5363,0.0008738804487944396
39.7953,30.5587,0.0004557238154511145
39.879,27.8205,0.01585787262910343
39.7957,25.606,0.1007423478245334
40.331,25.869,0.006707350719847294
40.1305,26.6393,0.2962112098860116
40.857,28.2727,0.04038065907305277
40.4253,27.5923,0.09886360565638208
39.8657,27.7978,0.006178959934279193
40.8443,27.93,0.007554394275078646
40.8405,27.929,7.676167233194864e-05
40.2407,26.2787,0.0005468199216801528
39.8455,29.2033,0.23470735881509353
39.7817,26.1322,0.0010742526681751796
39.7735,26.1335,5.153310379268916e-05
39.7652,26.1313,0.00010521160272425334
40.709,27.4538,0.01680109142745856
40.8607,28.2988,0.009710666280074332
40.8403,28.7383,0.013693377939315021
40.3795,28.9215,0.08777669616909067
40.1383,27.2008,0.06207003539385092
40.3988,26.0592,0.0030462816618977984
41.396,27.1298,0.9981809214227085
39.6583,26.3645,0.34246632692495604
39.662,25.6572,0.009350120913674154
39.7687,26.1275,0.0009741915892076403
40.776,27.7025,0.024887643999448428
40.0863,28.5805,0.009799381294813725
41.3312,25.9582,0.9394750389511604
40.2252,30.3603,0.15914612911197512
40.2155,30.7713,0.15790160044221213
40.8627,28.2997,0.003917641025942276
39.8752,29.9537,0.008755947196365965
40.2435,26.289,0.0005783689672278491
39.8122,30.4488,0.0982755733519769
39.8107,30.4575,8.700951643625388e-06
40.8295,27.9895,0.014630385893411924
40.299,27.588,0.13837124804775902
40.5217,28.1067,0.2048771217122879
40.402,28.9607,0.02604665334380829
40.4037,28.9625,0.00030334119507113844
40.3172,26.0878,0.005080736866347357
40.3362,27.0608,0.013997877344839371
40.2822,30.0302,0.2134683270998532
40.2918,30.8022,0.389886564428221
40.8032,27.4965,0.02551400034902651
39.9323,27.1643,0.1110286386000483
40.8383,27.7405,0.006800241439187005
40.8037,28.9962,0.12605660171335042
40.8303,29.1532,0.1739138948900193
40.5692,27.5938,0.08510162573222713
40.752,27.3822,0.008801338526627678
40.7412,27.447,0.0034365684838844057
40.5425,30.7553,0.18494802707186597
39.7885,26.273,0.16446889394187725
40.3532,27.5528,0.024005954889318226
40.3318,27.5325,0.004586357253684725
40.316,27.5632,3.5831775753836226e-05
39.609,28.8502,0.008616138986643262
40.3893,27.0513,0.03339991764433281
40.421,26.1825,0.004309608160432243
40.2403,27.419,0.11787963291920689
40.2567,27.4188,5.4765657389488354e-05
40.9112,27.5668,0.11097019768609817
39.75,26.0267,0.08454689591197218
40.8158,27.8098,0.014592885852923954
40.4463,29.1663,0.022073306643035973
40.4572,29.1582,2.2883251148964057e-05
40.4025,28.8553,0.016998026664334698
40.364,26.1015,0.007168267613403945
40.3968,26.0608,0.001434287719011551
40.3655,27.6075,0.02608541414633825
40.6632,29.2888,0.03235801533482274
40.364,25.9397,0.004800497041240415
40.6942,27.3737,0.02778324165594348
40.797,27.4315,0.012801571702977577
39.6302,26.0138,0.020529986873042083
39.7918,26.2658,0.010255745662205107
39.7903,26.2667,5.1468608949556405e-05
39.7967,26.2695,3.838480832740743e-06
39.8098,26.2677,1.567338836405696e-05
39.8192,26.2608,2.117046331762129e-05
39.7902,26.2668,1.4491614349410042e-05
39.811,26.272,3.0045774557785343e-05
39.7897,26.2542,0.00016003516483209523
40.822,27.7642,0.0053089485633437405
40.8103,27.775,2.091691435168741e-06
40.8322,27.7697,2.5326570225470135e-05
39.6315,25.9343,0.06355478518931801
40.8543,27.749,0.00023292643337868846
39.7887,26.2532,0.0002928257270791157
40.0075,29.1463,0.4799028923213752
40.519,27.51,0.08675065055692144
40.236,26.5517,0.6453393360502377
39.7297,26.0387,0.01780357465151383
40.8088,28.7893,0.03901339601610254
39.7965,26.2785,0.0003884942063449026
40.8422,27.9642,0.009544864843103906
40.8117,27.7697,0.00042755597283417046
40.3543,27.3995,0.04031186521694641
39.7825,26.286,0.0011532783584201622
40.7472,29.1512,0.02373440079770095
40.3278,27.774,0.09890530781833151
40.7992,27.9217,0.012373632627813103
40.7985,27.9262,6.36289868949369e-06
39.602,28.881,0.005327052421133627
40.5783,27.4343,0.04320794930691363
39.669,27.8443,0.0019059121400980539
39.9502,26.071,0.40890995505684824
40.8315,28.7535,0.012968067258885663
40.8385,28.7572,4.896517872166051e-06
39.7015,27.8422,0.003203165541125652
40.8372,28.7578,9.207239152209112e-06
40.8305,28.7682,1.0150371358430554e-05
40.8397,28.759,5.462522532972969e-06
40.8353,28.7715,1.0317420455763227e-05
40.8305,28.7598,3.1411672453240946e-05
40.8325,28.7493,3.2457032613786296e-05
39.6988,27.8965,0.003432101293800449
39.6913,27.8658,0.0008318469634525094
40.8243,28.7763,0.00015673122064463474
40.8475,28.6422,0.0183514896123963
40.3418,26.9933,0.07197646448644601
40.638,29.1138,0.014483771080371022
40.7067,30.2685,0.30228145012216434
40.3952,28.914,0.02165311530163494
40.5792,27.4423,0.005333426825335552
40.7842,28.9598,0.05721813148565724
40.795,28.9825,6.62368813266756e-05
40.779,28.993,1.2097300538194133e-05
40.7843,28.9888,2.864541204128379e-06
40.7863,28.9822,1.9095230265886443e-06
39.6692,27.8378,0.001302431651716951
40.4183,26.0728,0.0031215348529726183
40.8038,27.9052,0.003995030776824726
39.6758,27.8867,0.0013517105960307862
40.332,27.0093,0.00275705373405144
40.843,28.7642,0.00043064382022650616
39.893,29.9637,0.015762912330324008
40.3473,26.1445,0.012823298430739483
40.7673,27.4927,0.016309665283776087
40.8113,27.9182,0.0016379530168497691
40.3737,27.0652,0.016555975651504018
40.733,27.4965,0.01073317138774088
40.7982,27.5177,0.01187925211487384
39.6207,26.0218,0.010026965002533972
39.9235,30.1333,0.5132338662656414
39.6147,26.0418,0.00044211443592434563
40.7448,27.4393,0.006165821201310928
39.6147,26.0472,0.0006554490653911671
40.4437,29.0663,0.034639969365933165
40.434,26.2795,0.004716132925487115
40.709,27.4295,0.007350475512268528
40.7015,27.4118,8.534612445199041e-05
40.6968,27.4235,5.220832659724728e-05
39.7513,30.6177,0.05038157327378401
40.7068,27.4312,8.797764386936358e-05
40.7038,27.4248,2.1350540944098384e-06
40.702,27.44,4.672771727853853e-05
40.728,27.4437,0.00014401115861051306
40.7165,27.4278,1.215144852928507e-05
40.4095,27.0857,0.035946872748311876
40.4083,27.1083,1.3744709483676232e-05
40.8985,30.8853,0.7005195386893177
40.7988,27.4672,0.008059201902550828
39.8515,26.6218,0.3969162256497303
40.5683,27.0868,0.3124648941896815
39.7498,28.962,0.5056919915538713
39.7905,28.68,0.09898255018939117
40.6035,27.542,0.04967908376325769
39.6897,27.8795,0.0017269287650262255
40.375,28.3747,0.29082649166351193
40.6528,29.0857,0.012393332824987446
40.2185,27.6523,0.10208349892364688
40.7318,27.4255,0.0013376564589663298
40.0488,28.337,0.10546280938382113
40.7012,30.5665,0.05562225687112765
40.7948,27.7978,0.008025689623867405
40.1152,28.159,0.25693281347876884
40.7317,29.0692,0.030858280671368976
40.7345,29.0805,3.413557302567316e-05
40.7378,29.0875,6.029360557269214e-06
40.4315,28.7793,0.06756795521772763
40.6785,27.464,0.007996845323073543
40.6782,27.4603,7.816328854493015e-05
40.6763,27.4582,1.1120116004015301e-05
40.4135,26.1652,0.0028403588731448215
40.4767,28.7138,0.0971032919418684
40.4027,26.2837,0.01114977512722326
40.1285,30.7273,0.7843941486359222
40.1907,28.9833,0.18016793747175996
40.0663,30.5187,0.6482172935698728
40.7202,29.0667,0.0022453440422494086
40.7638,28.0438,0.09597749718392468
40.7007,27.4237,0.001160931106586438
40.5317,29.0887,0.14103174558019616
40.4055,26.1088,0.0024792823575190415
39.613,26.0405,0.0033492164838127003
40.1412,28.9187,0.05876715781775754
40.3378,27.433,0.027256709167238657
40.78,28.0288,0.003953140551708145
40.781,28.0267,1.3799494452682026e-05
40.797,27.476,0.006678835518351689
40.6258,29.1498,0.013615728285589324
40.4095,28.4027,0.0876941413509702
40.3978,28.4012,0.00013545362075295664
40.392,28.448,0.0009083365336473026
40.3457,27.7543,0.027357252808175025
39.8748,28.3293,0.13488212898780538
40.7945,28.986,0.0036771801407644578
40.0275,28.7993,0.17744506368910584
40.4082,28.4058,0.0008574869998489998
40.3433,27.5373,0.017849292136859818
40.8062,27.7552,0.0032485617241340137
40.627,29.1418,0.0019057669571616032
40.5028,27.063,0.21186346707866888
40.756,27.5107,0.011175552448019044
40.775,27.501,1.8683683405629203e-05
39.6872,27.6697,0.1835188169747376
40.7013,27.459,0.00267404211863409
40.564,27.1973,0.11142775088916235
41.5147,28.5305,0.8900054097905529
39.9212,28.745,0.10665979845704476
39.9152,28.81,0.00042290248104115413
39.9033,28.7515,7.536445746669784e-05
40.1998,26.3572,0.07012513339031279
39.8062,27.853,0.09988810045744123
40.7372,27.7393,0.05192519885289082
40.372,25.8642,0.004686605993562631
40.6065,29.042,0.016763235161427414
40.7208,27.431,0.0014896510199859936
40.708,27.4173,8.516708995820466e-06
39.6138,28.8835,0.00468637441536246
40.3328,27.7713,0.008580853988047976
39.7405,27.1622,0.6867781854695894
39.6372,25.8625,0.08128199445206952
39.6102,26.3865,0.1022104508309688
40.546,27.1522,0.03243180602304585
40.825,27.2935,0.23068169124896054
39.9233,26.6197,0.440474325939226
40.2447,26.2787,0.0019486941636290833
40.4082,27.1142,0.010455660045652682
39.7632,26.0363,0.029917022577062413
40.7823,28.0988,0.027164426953384835
40.3197,28.4257,0.20623778100622014
40.7917,28.0575,0.004521365826614332
39.6255,26.0147,0.005767601019278867
40.86,28.264,0.020364646738646575
40.442,28.9917,0.035629173857703145
40.4248,28.9763,0.00044441336180167657
40.7913,28.0702,0.0006648591004575488
39.6135,26.0672,0.004742223268372259
39.6472,26.0563,0.0005513323477962517
40.838,28.3322,0.033412699483592156
40.4323,28.9242,0.01634635781391447
40.1518,27.4757,0.4557277635420667
40.1713,28.959,0.041772940802805913
40.5577,27.344,0.05017318742299992
40.7833,27.4963,0.005641614161161046
40.6563,27.693,0.04310875953875848
40.8407,28.569,0.23431101829062906
39.6032,26.4093,0.018428009952201285
39.6018,28.2505,0.7104390955321018
40.6082,27.6282,0.09955124343472788
40.1973,29.0598,0.10987852078415028
40.326,26.0292,0.017748863767461764
39.6412,29.5418,0.059305379396767055
40.4605,27.0103,0.18278854155810753
40.8518,28.7028,0.010337500525309351
39.6343,28.8613,0.009219637661069702
40.5973,30.5397,0.290397388505097
40.8028,27.7682,0.00336276348463993
39.7472,25.649,0.04309998230541223
40.5268,30.7863,0.22106631511845443
39.6037,27.3048,0.5910205013304095
39.884,29.976,0.01494486462049427
40.8263,28.1407,0.0198919801575409
40.3565,25.7978,0.00577270515680206
39.8073,29.9747,0.1553243400180836
40.796,27.8178,0.009367996276150259
40.764,29.0882,0.025272780538631356
40.2012,27.0148,0.04360147545282045
40.1565,28.4965,0.45455217878801946
40.354,26.1595,0.010607766414827746
40.6152,27.774,0.1281428748956186
39.9972,27.6328,0.39941848241239597
40.7873,27.9992,0.01438077150680206
40.5467,30.6348,0.2664377795079277
40.122,27.7242,0.07203802600344966
39.7865,25.7427,0.20942971712284353
40.1238,29.3485,0.4703982154852374
40.8208,28.0742,0.007264671699208414
40.3673,28.5265,0.36872801052443904
39.8163,29.6558,0.25617159831766434
40.5765,25.669,0.08261506858550483
40.586,27.828,0.05821043190531827
39.9887,27.4377,0.44664413130848557
40.4017,26.1342,0.0022355798248905323
40.9852,29.4138,0.9539526774564381
39.8978,28.7703,0.021299753822657586
40.8208,27.9678,0.011018894205389151
39.9878,27.6268,0.00487895356492174
40.8365,27.961,0.0011008186585322877
40.5975,28.987,0.026685112154433588
40.6413,29.0638,0.015307611310998892
40.8165,28.014,0.0038143376188759515
40.7562,29.1755,0.021778168641454876
40.8282,27.8925,0.006755139811110977
40.825,27.9007,1.7371642229147e-06
40.8222,27.8885,1.5238566707376222e-06
40.7552,29.1862,0.000658434713916467
40.732,27.5407,0.02230428492073122
40.7398,29.1725,0.001227413294857982
40.7565,29.1772,0.0007703720877384468
40.7612,29.1858,0.0001277883483103981
40.8305,27.988,0.0022501276125992398
40.1397,27.578,0.15369666058766562
40.3547,27.5822,0.022596202454366776
40.3465,27.5808,4.5363031868639325e-05
40.8273,27.9428,0.0019239429449263712
39.7025,29.5792,0.24207784743672967
40.0267,26.3017,0.20799972889274343
40.2663,28.3672,0.2827510633755509
40.2248,29.1747,0.24351403345316092
40.027,27.4125,0.10541283695796677
39.6937,25.636,0.00628883818122572
40.5972,27.857,0.029160991508287437
40.7898,27.466,0.009046429808673984
40.3602,25.9073,0.0047960126236141765
39.628,29.3582,0.06558479625497582
39.821,30.5148,0.02184981294632904
39.6533,28.6047,0.20741267573177546
40.693,30.5592,0.036674417720117036
40.409,27.0545,0.03817212468862141
39.786,26.1195,0.004356514097136555
40.7778,27.366,0.019775705968785084
40.5868,27.9948,0.13367240391790214
40.576,27.9918,0.0005686601878432951
39.6518,27.8708,0.0037581624496473287
39.6583,27.8607,5.821747438472524e-05
40.8265,28.4327,0.17094042672392362
40.8342,28.4158,4.1345836929385094e-05
40.0013,27.6502,0.01165238723658879
39.6637,27.825,0.0019667509292407015
40.3925,28.6447,0.05288077598167562
39.6768,27.871,0.000879830119264291
39.6833,27.899,0.00113406128547755
39.6588,27.877,0.0006352615815905516
39.6412,27.889,0.00015886165114853412
39.6643,27.8858,0.0001218849914867981
39.7172,27.9088,0.002018679427853387
39.6548,27.8645,0.00019312022959161457
39.6835,27.8777,0.00029732745299648755
40.7023,27.4313,0.0033807787746343854
39.8503,29.5273,0.672362357174824
40.4135,28.5018,0.11359976738797362
40.023,25.8285,0.8071660825621145
40.8538,28.7128,0.008294637620987921
39.6992,27.8975,0.0013447406921113236
39.6675,27.8802,0.00037037856444477324
40.4012,28.6908,0.017252448545844512
39.8502,29.9782,0.03878386118766475
39.7933,30.552,0.015724588901917746
39.6358,27.8443,0.002190640773997665
40.3873,28.6423,0.002200405052010801
39.6777,28.242,0.6578867566300857
39.6225,28.0272,0.0687949022600437
40.4063,27.1235,0.015556794295079501
40.7288,29.077,0.009470304796223794
40.7293,29.079,2.2405364944577677e-05
40.4262,27.9007,0.20451620262373837
40.4122,27.9585,0.017313988461900576
40.121,28.0702,0.3915819871302545
39.8173,27.8317,0.05102391518921601
40.1205,28.0778,0.0011948233069195568
40.1468,26.9778,0.20817326525943147
40.1437,26.9973,5.445013381621955e-06
40.5093,29.972,0.674497769310102
39.6572,27.8555,0.0009111199408251558
39.8872,29.9762,0.011651181428568358
40.9375,30.52,0.37393022135227305
39.6242,27.8615,0.0023908384712980624
39.8303,26.1928,0.043040927740511936
40.3858,30.0653,0.10540208066858947
40.379,27.0217,0.03818810500444003
40.0945,29.3987,0.22943727665420233
40.4112,27.2183,0.11570042259525348
39.6447,27.8603,0.0008282883271133468
40.857,28.2167,0.04520514378714979
39.6857,27.8502,0.0011981273628463018
40.8582,28.2177,0.001625129768518252
40.8612,28.2083,3.6067242993320647e-06
40.8635,28.2543,0.0010056783135961034
40.3935,27.0073,0.008970362509042817
40.8707,28.2338,0.0004335941830601042
40.2252,27.8163,0.24277374231014348
40.8782,28.2137,0.0006424286676038893
40.1405,26.9688,0.004180072477924179
40.397,27.6093,0.052276404468995286
40.8387,27.942,0.004459224040398224
40.7135,30.614,0.05053111966915269
40.3447,27.5488,0.011566376192385097
40.2652,29.1523,0.12796033555755748
40.2715,29.1522,2.4529648844362484e-06
40.2742,29.1417,2.6441119569398097e-06
40.2828,29.1517,2.6242871955517444e-06
40.276,29.1632,2.9216184698199754e-06
40.267,29.1513,1.6602378506425097e-06
40.279,29.1358,2.0675655522106595e-06
40.2702,29.1543,2.455894533182068e-06
40.2765,29.1502,3.071638792873088e-06
40.2837,29.142,4.144037880182694e-06
40.2737,29.1547,7.894899137328437e-06
40.275,29.1495,9.878512938210626e-06
40.2732,29.15,3.016778175934931e-06
40.2712,29.149,4.855068078901681e-06
40.2847,29.154,1.245951009931634e-05
40.2785,29.163,1.0377023852092826e-05
40.273,29.141,1.7950302684921482e-05
40.2875,29.146,7.287626295648941e-05
40.2957,29.1495,0.0001742458128159985
40.7143,30.627,0.002666800133424907
40.855,29.2858,0.06768807919288544
40.7128,30.599,0.0005889937942291645
40.1873,27.9028,0.07767822754401055
40.193,27.4868,0.20824709238610883
40.7127,30.6368,0.0009171873635782646
40.4092,28.5492,0.07672090249177288
40.2715,29.15,0.00011674348066503804
40.2307,29.0017,0.04446429944055352
40.8613,28.2203,0.001254897134319477
40.6173,27.6215,0.041290341101491324
40.8865,28.2227,0.0015577248518707787
39.825,26.1952,0.007889439211143046
40.2477,30.3673,0.166955409193135
40.7053,29.2232,0.033916505404198216
40.8253,28.7922,0.011011198449861315
40.7055,29.2087,0.0008006482910243307
40.4473,27.967,0.08440430562652834
40.8475,27.7463,0.011877552282278048
40.7078,29.2112,0.0002890825778297801
40.7068,29.2122,7.67039096427613e-06
40.4433,29.0463,0.02254418973894845
40.7082,29.2217,5.4487367730948755e-05
40.7057,29.2153,4.197194128818804e-05
40.7103,29.2225,9.346838522605871e-06
40.699,29.2232,8.006004273164447e-05
39.6055,28.899,0.00959859587966827
40.7013,29.1988,0.00021484306958163835
40.8292,28.2493,0.012514771523106316
40.588,27.252,0.21462695305445345
40.0505,26.0412,0.15264652631754128
40.6693,29.038,0.036726887400248986
40.7407,27.5327,0.013612902064925603
40.6788,29.045,0.0007167852011187303
39.6062,29.0543,0.2801450279418678
39.6042,29.0322,0.00019569297890309478
40.009,29.1825,0.17240858597109443
40.5585,30.8618,0.6839066743230201
39.909,28.6522,0.09235571832800316
40.6275,27.3818,0.10896431763567804
39.8912,29.9663,0.009381515587709055
39.8982,28.6312,0.003203803835073904
40.707,29.1948,0.0006726414224096366
40.7062,29.1917,6.59913814131663e-05
40.6997,29.2325,0.0005863354205275506
39.8877,28.6588,0.006348018368493191
40.7375,29.0718,0.005671907637251339
40.7032,29.166,0.0021270271855359235
40.5028,29.1757,0.039320730676473126
40.7068,29.196,0.0003177456594171124
40.7093,29.1795,0.0002241438503529647
40.7663,28.6545,0.32043942181332374
41.215,30.014,0.9819029294868722
40.3882,27.1292,0.02642839780911066
40.4003,27.1277,0.0003488165356551054
40.6955,27.4572,0.008467776579817454
40.4192,26.0473,0.008943063774091375
39.6475,28.2463,0.12356100137615933
39.7608,26.0378,0.030469419544047582
40.7405,29.1783,0.0032006612743323837
40.713,29.2257,0.0009327399736416275
39.8403,30.3567,0.2597279857015733
40.8367,27.782,0.010695090089406056
40.701,29.1463,0.0028010599408453407
40.6905,29.201,0.00021952048758544507
40.729,29.0378,0.010184426356557474
40.8387,28.0983,0.03071031429273563
41.2668,30.0598,0.3222265985537063
40.7532,27.4282,0.011290862120368339
40.729,29.7573,0.5794541208686901
40.2468,27.0703,0.09627340391744632
40.4125,27.132,0.0064818779886554045
39.8578,28.0543,0.6649876065611937
40.8348,28.5937,0.09186089872412717
39.8668,28.0647,0.0001399723250631313
39.8725,26.8573,0.2228245641131038
41.4687,28.7833,0.9715026040222858
39.8525,28.063,0.00040637358940476265
40.7547,27.3698,0.011044696675928556
39.7328,28.9687,0.11917893239004684
40.1898,28.2842,0.1835125378270248
39.8542,28.0685,0.0004401576692387721
40.4172,28.4577,0.08546325654675835
40.8935,30.4755,0.2785075950903312
40.3472,25.92,0.0080205377008854
40.7665,27.3835,0.0019772528311936544
40.4115,26.1727,0.004969953941723948
40.8508,27.736,0.009297070991767353
39.7855,26.7303,0.41679018060397754
39.6575,27.9298,0.016135764419062504
40.3765,27.1052,0.013254556774832005
39.8947,28.6167,0.016592313066591924
39.9177,28.6225,0.00023955610472525812
39.8887,29.9082,0.04751379794599786
39.974,27.2145,0.2885019945396774
41.5557,28.5087,0.5005948687571791
39.6163,26.456,0.1659037980660637
40.0255,27.3185,0.1575611048608585
40.8532,27.754,0.0045851884717138525
40.326,25.7923,0.011224287381887743
40.6137,27.3582,0.04683143892769159
40.1358,27.2952,0.14594832793237977
40.8588,28.4108,0.056979388273285525
40.7048,29.1752,0.0018604066379870332
40.7067,29.1705,1.6075548744831636e-05
39.9012,28.6523,0.0048407741053992925
40.7185,30.1245,0.23005264191121422
40.8257,27.7242,0.0071056372884994445
40.7097,30.1263,0.0004886194124664733
39.6408,29.2465,0.2690997673104567
40.3985,28.616,0.03366591993442569
39.8957,28.6457,0.0009879554801573986
40.8483,27.7457,0.0019509921223223037
40.8457,27.8575,0.005509873122413023
40.344,27.1077,0.01944722836494417
39.8163,26.2687,0.01726727442582021
39.6537,29.2577,0.004038187746897348
39.889,29.9582,0.00824553250795268
40.6117,29.0763,0.026373074624056025
39.6512,25.6368,0.015234759520086127
39.8135,29.3233,0.2517094791192326
40.696,29.2397,0.0029790782449092834
40.585,28.1227,0.30904547588994247
40.0703,27.6335,0.2181275841639826
39.8363,28.74,0.08589789992821872
39.8445,28.7127,0.0010183542784403254
40.3985,28.4312,0.027207575595022515
40.4068,28.4268,3.225605561241185e-05
40.4002,28.4402,0.0003144663213534571
40.8077,27.5202,0.02764350684095951
39.9635,27.7117,0.187043764494907
40.4412,29.177,0.022714460384263835
40.4613,29.1607,2.9247484361172305e-05
40.3497,25.8598,0.008784122978348075
40.4162,28.4472,0.001638163844745466
40.792,28.71,0.08572873781831158
40.4595,29.0678,0.019567722081084926
40.0868,27.6042,0.03004063600893414
40.8435,28.7747,0.007766542102288776
40.8357,28.7743,0.00037681431252289954
40.8383,28.7597,0.000303885489217226
40.8383,28.7807,0.000168531956487028
40.8267,27.9305,0.006789300423722833
41.8653,26.8875,0.6605752774189688
40.8408,28.7635,0.0002644234047903815
40.9027,30.858,0.1541981361723348
40.3942,26.1122,0.004170575740083726
40.8397,28.7635,0.00040114232406252004
40.8313,28.8157,0.00027782712976176516
40.6667,29.1833,0.01085046863665673
40.4378,29.1398,0.008595786267674432
39.8292,28.6422,0.06057022102955201
41.3915,25.896,0.9206923723997973
40.684,29.168,0.002914373199444098
39.966,29.114,0.2604638510247448
40.6122,28.9517,0.07961464342907387
40.614,28.9453,5.246025209615368e-05
40.6128,28.9562,5.462562729818821e-06
40.6147,28.9455,5.250156805969297e-06
39.8662,29.9337,0.019859897621218092
40.6127,28.9462,0.000277406635915578
40.6188,28.9718,7.747273750857708e-06
40.6053,28.9468,4.8954515805998966e-05
40.613,28.9558,5.6766094034266246e-06
39.6187,26.0085,0.015885521561152083
39.9773,29.116,0.0047812532098544525
39.9835,29.1123,5.02377766231632e-06
40.8267,27.7397,0.005011817032463561
40.191,30.7828,0.20623324386737762
40.1935,29.3497,0.3203427270326794
41.6863,26.5673,0.9654727587877523
40.8065,28.1405,0.02847678843770951
40.8083,27.9913,0.016284418287655034
40.5005,30.0072,0.21188586161181422
40.4485,26.2503,0.016208845753126422
39.6435,26.35,0.19398692223973713
40.841,28.863,0.03661139010434289
39.986,28.3653,0.6717262422971955
40.3672,27.2462,0.08486225602496378
40.329,27.0648,0.027522100924514792
39.7947,28.6662,0.038181981854347624
39.7885,28.6748,6.11597396533714e-05
40.8078,28.0687,0.010777429808393357
39.7925,28.6772,6.03735590916088e-05
39.7807,28.7048,0.0001713548773883966
40.6513,28.9828,0.009789914767393992
40.846,27.8317,0.02046959834693396
40.6192,28.9597,0.0007898148686529272
40.0448,27.8038,0.2724687464331792
40.4205,28.4268,0.007446759550860715
40.3328,27.6955,0.1569671937832754
40.775,27.421,0.011548127555428334
40.8577,28.2722,0.016087500013159173
40.7295,30.639,0.024802373372037945
39.7685,25.6375,0.0832848529646123
41.8575,26.8388,0.14100215406474625
40.5838,27.3122,0.09082486714564397
40.5977,27.3063,1.664809431434211e-05
39.688,25.6445,0.007575636723025636
40.1483,29.9973,0.13374434747827357
40.5938,27.6792,0.14148072480804108
39.6397,26.0137,0.013300215972510077
39.8697,29.9423,0.007542199027866903
40.7338,30.691,0.026287534107262256
40.6083,28.1878,0.35338236166146897
39.6403,29.2207,0.04896630231236432
40.7148,27.5037,0.023305757700109675
39.8007,28.6855,0.0015272776247888808
40.229,30.3403,0.10047266410452516
40.5647,27.6795,0.01623676408961061
40.474,29.1535,0.013723443087561016
40.5162,30.7313,0.3218158638256783
39.749,28.6492,0.01593586934583735
40.7992,27.5318,0.015202088019331983
40.8393,27.933,0.005806798999736351
40.7963,27.9123,0.002466127482633862
40.5187,30.0092,0.025074881877862998
40.7642,27.455,0.00884913249310093
40.3037,30.7875,0.2169667523545441
40.2277,30.3478,0.003918490267444508
39.981,27.3153,0.16867431679381328
40.7347,29.0455,0.013240613522550682
39.7878,26.1267,0.00513036175166981
39.6958,25.61,0.007415614922612668
40.0043,29.1037,0.02167067883195284
40.1528,27.3868,0.2129704000249507
40.496,29.254,0.1410013355541364
40.8063,28.3907,0.15987018426133537
40.7338,29.0435,0.0019071958169594172
40.3662,28.2592,0.07861976483688282
40.3672,25.9213,0.005765337611950305
40.753,28.706,0.09611914263823595
40.7375,28.7202,9.552592637884771e-05
40.7453,27.3647,0.013030750488096654
40.7512,28.6948,0.000892643055896869
40.7472,28.696,0.0005325160445386334
40.7483,28.6943,1.475657539640185e-05
40.761,28.7288,0.001205622499366843
40.7562,28.6875,0.00027056346212939175
40.732,28.6743,0.0002575355929952394
40.7482,28.7047,0.00014022637389965453
40.2312,30.746,0.16781595233347513
40.5105,29.2603,0.008839490400665118
40.2092,30.7825,0.015386122547188075
40.1758,30.7982,6.815311001950874e-05
40.1828,30.8098,1.5833654779306983e-05
40.711,27.5202,0.01189905757265286
40.2288,30.3418,0.0042128198852138254
40.0393,27.2782,0.14839681977920793
39.737,30.5555,0.18739346816755742
40.6872,29.2133,0.004518704598092005
39.8435,30.1852,0.6079373007292788
40.8528,28.2257,0.00812624955668062
40.4313,28.4295,0.009859712249914332
39.772,25.6843,0.07115404705104511
40.2808,28.3833,0.1372517764611536
39.75,25.696,0.0029110055077290475
39.7448,25.7122,3.352372481424393e-05
40.4173,28.4385,0.0015433096263981483
39.749,25.7058,0.00023750620700291325
40.356,28.3152,0.062409154078917006
40.342,30.8612,0.25406530202545874
40.3845,28.9835,0.07497139170900258
40.8277,28.0505,0.017390054675872624
40.8173,28.0752,0.00016326062660976248
40.8402,28.0527,0.0003786761448162368
40.2667,30.3432,0.023884892829300286
41.4273,26.1678,0.983013882153968
40.2182,30.8175,0.017285775689206417
39.8293,28.9022,0.36537085468422703
40.408,27.3852,0.14275035807521874
41.5033,28.5442,0.19110544467807944
40.75,28.6782,0.002170619997814538
40.5318,27.0942,0.23441084842418913
40.4235,28.9345,0.027913576465233403
40.8048,30.814,0.29511466758417293
40.7487,28.6913,0.0003322929660038998
40.759,28.6735,0.00048335503998075957
40.7438,28.6687,2.477818238877383e-05
40.7573,28.66,1.1232537104888252e-05
40.7528,28.672,3.206614964745835e-05
40.7492,28.6858,3.960176713113661e-05
40.756,28.6905,3.0770894658971315e-05
40.7303,28.6847,0.00019107135328855218
40.7213,28.6898,0.00018360648201776186
40.7475,28.6825,7.429201058783974e-05
40.247,28.0247,0.3701320941633687
40.7528,28.696,5.3447840202336394e-05
40.7513,28.6845,1.7769087770069802e-05
40.7655,28.6493,0.00018620167788641062
40.7568,28.673,4.4481722076605834e-05
40.852,28.1638,0.028698738485274045
40.8772,28.1952,0.0003040759792194425
40.805,27.501,0.01237205425309551
40.7988,27.5167,7.1542850881289866e-06
40.8228,28.7017,0.008483789922012819
39.6537,25.623,0.011336652580058892
39.7567,26.1417,0.014056140227912683
40.0038,27.8243,0.1679503966185174
40.2542,27.0187,0.05654860230579173
39.6053,28.2587,0.09832885394926039
39.6325,27.5862,0.2550572479344386
40.2045,30.821,0.007123553533594507
40.8523,28.158,0.0019308093364677203
40.74,28.7003,0.0005464186757613287
40.7588,28.7015,0.00023280981458739802
40.5355,27.1045,0.0038570551134071707
39.7287,28.2603,0.43248417906296055
40.812,27.7047,0.014142963458911195
40.1822,27.4803,0.07294917864276385
40.6103,27.8107,0.06552100343560374
40.7702,28.7123,0.0014027508760935392
40.7477,28.7365,0.0004268858326741398
40.7097,28.7432,0.0007482815525676756
40.7848,28.8128,0.0030850331198266634
40.7495,28.672,0.0003053858452066738
40.74,28.7085,5.762996740199533e-05
40.7298,28.7118,6.9390552660753e-05
40.7495,28.7273,4.897560856353955e-05
40.744,28.687,6.45636285415696e-05
40.7333,28.7602,0.00019079431314705797
40.7637,28.6968,5.929528459436284e-05
40.756,28.7232,3.393162250087123e-05
40.7198,28.7318,7.461162763711116e-05
40.2852,29.4402,0.44404741968234396
39.6523,27.8817,0.004012485200675542
39.7585,29.2387,0.4412535627165296
40.0247,30.1255,0.7226453428196031
39.885,29.9068,0.018191659005488248
40.2402,26.131,0.29137236918087683
40.7347,27.3945,0.011734370065280997
40.6507,28.0135,0.3945749362200892
40.754,29.181,0.008638451213575427
39.7475,26.3293,0.22002955979992678
40.1333,26.973,0.03324354119073969
39.6693,27.6732,0.11016353908458831
40.2307,30.7662,0.01702422901435463
40.2713,27.2205,0.2583232460232201
41.4533,28.4468,0.6619353384531457
40.804,27.7252,0.00653042220412714
40.2142,30.803,0.004850146864595728
40.6765,30.3315,0.35656222511256197
40.8105,28.0183,0.013122643875957407
39.8908,28.7168,0.059972260286893175
39.8843,28.7385,1.0226920385547622e-05
39.8825,28.7403,6.831637253590372e-05
39.8857,28.7225,2.2599106586418394e-05
40.0565,27.5357,0.1473665593024629
39.7688,26.1182,0.0073041624238497915
39.8827,28.7272,0.00011545680062596819
40.0378,30.8993,0.8390194925062379
40.6645,29.1722,0.010590803188619158
40.6615,29.1887,2.8763405050979962e-05
40.6995,27.4342,0.007507858094970898
39.9352,26.7978,0.54004182800737
39.7743,27.8413,0.11957087886845641
40.4217,25.9648,0.02561305233347566
39.6468,27.7293,0.05573922259251218
40.5815,27.3615,0.05106138432241558
39.8645,30.4933,0.152798819481065
40.3933,27.0238,0.03738163622279078
39.9893,26.8862,0.18884634381350895
40.2207,29.1453,0.04635273824892283
40.2198,30.7652,0.005146145750483888
40.8803,28.3797,0.1161504606227336
40.5847,28.1647,0.08839560497113741
40.4557,28.5268,0.2247135124169708
40.413,28.5423,0.01065714472416257
40.4045,28.5208,1.63479129757782e-05
40.8035,28.7883,0.01169711105246074
40.8042,28.6598,0.011092843894266347
39.6055,25.9212,0.15621801262204105
40.4142,28.6267,0.023186369083602276
40.003,26.8693,0.00598399734382804
39.8942,26.5725,0.37502313188368896
40.808,27.8063,0.01499162494277384
40.6207,27.9072,0.2436223600955142
40.6325,27.4422,0.08095017725507692
40.7365,28.6363,0.007321212443051173
39.9242,30.6478,0.7380715491213802
40.2088,30.7645,0.005716744875630009
39.6553,29.2825,0.07698088224317079
40.8197,27.7023,0.007232562336937476
40.8317,27.7037,2.5110278335960245e-05
39.7712,30.5738,0.06793802504222346
40.005,27.7247,0.12663632609646902
40.3343,25.777,0.013467155426452937
39.6022,26.1533,0.19140422367549137
40.36,27.5622,0.020711508346320073
39.829,29.725,0.15943639323746805
40.786,27.9935,0.01903426840900968
40.6378,27.9222,0.012386368016108595
40.1498,28.3085,0.10433332210037494
39.6488,27.7597,0.0229908840374079
40.204,30.7853,0.004338791589480806
40.1857,30.768,6.389676683660195e-05
39.6877,29.3928,0.12544518472493316
39.6095,26.0373,0.013200005158656936
40.1892,30.814,0.003346319752588922
40.197,30.7837,0.0001119741231192517
39.6063,26.1443,0.004757147384371718
40.1855,30.7568,0.001055541667829063
39.6148,26.0808,0.005329284035237691
39.6887,27.1153,0.600243732693797
40.2367,27.7313,0.3411407406268817
40.0925,30.7447,0.11880529013676744
40.8522,29.2755,0.05455537975541214
40.0588,27.5132,0.02317151024076436
40.8575,28.1648,0.008112232786273488
40.6545,29.8748,0.890589697987656
40.27,27.1772,0.10734021474910449
40.8153,27.9428,0.008901827053758304
40.3402,27.0922,0.014240536182753893
39.602,26.1343,0.002699645222628777
40.2173,27.6892,0.020363999238517838
40.4475,26.2858,0.015577910717447185
40.2322,27.551,0.15515779689059395
39.9835,28.1567,0.2106960038342921
40.3415,25.8815,0.01140776897105189
40.373,25.9218,0.00012078121394532015
40.452,28.1805,0.2076244150679134
40.3245,28.3575,0.17200854317577752
39.6003,26.0235,0.008075487671856618
40.722,27.4347,0.007767231786493856
40.3117,27.0323,0.05087008146993066
40.3043,27.0283,0.001193324735309198
40.7197,27.3553,0.025631914922985888
40.3867,27.0368,0.012222314254091815
40.123,27.3088,0.059471369957266984
39.9755,27.66,0.08155721756577317
40.2667,29.1657,0.005206264045455433
40.7783,27.3958,0.014670398579319066
40.4368,28.1945,0.01727637993308695
40.7938,27.7388,0.008886628030780663
39.6842,26.0633,0.08495364570154318
40.1632,29.016,0.14407375967765268
40.6322,27.5945,0.0835321183855876
40.0175,29.3168,0.5890680799697683
40.0245,29.4293,0.008199904564146099
39.7695,26.111,0.007691846710021544
39.6847,26.3553,0.17750525359510805
39.6912,26.3632,0.00036923829448975987
39.7822,27.8658,0.04298723858984077
39.7857,27.8607,0.00015818538390932613
40.68,27.412,0.01846406294295211
40.5622,29.016,0.06213010885168202
39.7887,27.8802,0.0007846550000168984
39.778,27.8635,1.7351768560769365e-05
40.5378,28.1403,0.10178781476932786
40.7472,28.7058,0.0018096508935754319
40.7528,28.7163,5.5460295679266025e-06
40.7553,28.6772,3.6432227737304146e-05
40.7407,28.7413,3.2808301929199146e-05
40.8317,28.7977,0.007612748752753973
40.7368,28.7052,0.00022560064999599394
40.4448,29.177,0.012564815495346049
40.1785,27.4743,0.022314134981964107
40.7355,28.7092,0.00014785286663099306
40.7548,28.7063,0.00018353859530539918
40.7522,28.683,0.00010129532503710958
40.0912,28.6413,0.1879613237120933
39.7907,27.8793,0.0005808620973684064
40.7283,28.7015,0.0001582462542835117
40.3998,27.6185,0.04800885201482252
39.968,27.6775,0.002573816594589662
40.166,26.9288,0.06045455985794845
41.8162,25.6858,0.9997761967952526
40.3165,27.0055,0.008842353197207053
40.3678,27.6913,0.07059987818505464
39.6697,25.6847,0.029359974186835558
39.9713,28.1813,0.03360453779811545
39.9783,28.184,4.839678803714165e-06
39.651,29.2513,0.02259949678018225
40.8375,28.6698,0.020402350275245507
39.7933,27.8615,0.0016145178607294142
40.8582,28.6887,0.0009118553842962784
40.7322,27.4895,0.017788260837542702
40.6373,27.6103,0.010547808266163083
39.747,27.9907,0.14043926747875501
41.794,26.228,0.7781699172620248
40.9955,30.4603,0.7461382350786231
39.6037,26.0937,0.011065495186030061
39.9833,29.409,0.05547976795883969
40.4203,29.1238,0.020665111487045973
39.8838,26.6628,0.2367334568145969
39.6358,26.1003,0.01164250368949915
39.6393,26.0345,0.008886406347883069
40.8545,28.0995,0.03404212416269081
40.7935,28.1178,0.01218799198524978
40.8122,27.9377,0.00673565212535765
40.8167,28.1597,0.007382789841652304
40.7842,27.4147,0.007478787499376693
40.6865,26.5908,0.26552103385387393
41.7663,29.2637,0.9998981831821909
40.8577,28.2168,0.004949761502878847
39.6692,28.9475,0.08580735206806911
40.8418,28.4497,0.07970368137950656
40.8413,28.4385,1.0450431651154446e-05
40.2265,27.8747,0.2280831244058179
40.8185,27.8842,0.009122822560742816
39.989,27.702,0.01416082130380969
40.5718,27.9353,0.2267532103820018
40.8363,28.3112,0.03288874963319577
40.3098,27.3503,0.20760014909084612
40.401,27.2453,0.00911214031764318
39.6728,27.9062,0.009818203388202384
40.8237,28.0175,0.011760470207601403
40.4313,28.4723,0.036321089969484466
40.3982,26.0573,0.00819631310050839
40.4123,27.2387,0.0009311449189390864
40.3235,26.194,0.05991751270575718
40.4015,27.245,0.0007031308935958602
40.6515,29.1098,0.027908457036895484
40.4105,27.2417,0.0005879855753246899
39.6283,27.5093,0.24093613558419558
40.3878,27.2317,0.0014133864557068776
40.5815,27.9253,0.009031271773973337
40.0073,28.1113,0.06555285777009834
40.3372,27.6422,0.07996677749875136
40.3388,27.6277,0.0009002669947121289
39.881,29.9687,0.015271686304434429
40.8977,29.5812,0.9252365789443646
40.4092,27.2507,0.0013967596093504842
40.0073,26.8697,0.018646086216462132
40.0142,26.862,6.830158209680803e-06
40.0055,26.8697,3.2740628357341706e-06
40.0543,26.8162,0.0006314063895513922
40.0068,26.8762,1.527150136459987e-05
40.0175,26.871,1.1916092071850848e-05
39.9855,26.9047,0.00010562558322435578
40.0093,26.8665,1.3287627504077193e-05
40.0223,26.86,2.3725191497847575e-05
40.0145,26.8418,2.1396070178036908e-05
39.9818,26.8757,0.0003113584687012283
39.9972,26.8635,3.211851953321965e-05
40.0053,26.8477,3.1316561338590176e-05
40.0088,26.851,1.9722218771889288e-05
40.0243,26.8433,0.00021470505477094726
40.0128,26.8577,1.3046198139687881e-05
39.9932,26.8718,2.9247515668240354e-05
40.0227,26.8618,5.460026511305838e-05
39.9957,27.8673,0.15120135230182652
40.4055,27.2393,0.0009363842080871709
40.4372,28.7742,0.07735361209230562
40.8707,28.1027,0.014598153655588031
39.6653,28.921,0.019690763599661043
40.0345,27.6462,0.08854536521651302
40.6795,30.4475,0.37677388618887697
40.5392,27.1515,0.0754515070599443
39.6055,26.0762,0.007343705110189336
39.6695,28.9155,0.002728905507049295
40.411,26.1058,0.0061274422790187355
40.7558,27.4867,0.012125299986294191
39.6672,26.0988,0.03528527092828071
40.2235,28.8448,0.3272309455689253
40.1995,29.769,0.7801994234212909
39.9995,26.8528,0.0009113065656110031
40.4238,27.236,0.003427188353006261
40.1398,27.6992,0.12748289818693082
40.4057,28.039,0.2781920987073426
40.401,27.2315,0.0007774074141108089
40.4015,27.2348,7.030350220738057e-05
40.1865,28.5082,0.35638956108414555
40.3602,25.831,0.01640765997954019
40.7495,29.1898,0.01071080660277024
40.4297,29.049,0.0441925804776635
40.4383,27.2425,0.003039345415283168
40.7555,27.3452,0.025860665189474497
40.4137,27.2362,0.0009628600639923768
40.3997,27.2377,0.0008254448351356913
40.4165,27.2478,0.0006147485825528376
40.5337,30.5272,0.4871021498393011
40.5997,27.6798,0.04805996411446023
39.8385,28.7412,0.020086540760755
39.7862,29.8157,0.5381754335620664
40.7722,27.3908,0.007669804530269331
40.099,30.3832,0.1648561932443361
40.8283,27.7608,0.008617074529049917
39.8195,28.7247,0.006435376998730535
40.4463,28.7088,0.07098205995224138
40.42,27.2415,0.0008769517374905833
40.8227,27.6577,0.047075794557725814
40.3702,25.8837,0.00727000137740319
40.659,27.857,0.22924407712646222
40.822,27.9288,0.007156608723003832
40.8355,28.3073,0.008157930614258957
40.67,29.139,0.02611319504827181
39.9135,29.8803,0.10727623302434919
40.8082,27.5408,0.023585846202040517
40.8383,28.3407,0.009459960196064099
40.808,27.5213,0.0013602566813951666
40.1298,28.1595,0.22427173100984577
40.8197,27.5088,0.000664720818293274
40.826,27.538,0.00019121475661521004
40.8457,28.4608,0.02102078557827436
40.8357,28.4478,0.00023248041173495881
40.267,27.2958,0.17798979282484018
40.8468,28.4453,0.00017356683339375678
39.7102,27.9663,0.11500880969360039
39.6912,26.4875,0.3823299257741918
40.8482,27.7462,0.007995971384437195
40.5542,27.7348,0.1915876574495755
40.8638,27.4635,0.08283094627346743
40.8142,27.747,0.0049374550261747086
40.825,27.8148,0.012745262845959227
40.0315,28.8035,0.14448871701784005
39.6153,27.9742,0.16426115205439296
39.6297,26.0805,0.011537790831700812
40.0148,27.7892,0.09560799136502307
40.9023,28.2007,0.06623257186859377
40.8543,28.1178,0.011261877202602744
40.104,27.6638,0.13586707666666142
40.1437,29.6213,0.5132637393336266
40.0332,27.1183,0.25464139773280015
41.58,29.1192,0.9981559342834779
40.0182,27.1407,0.0031933629118662266
40.0538,27.1053,3.2387016026258486e-05
40.0562,27.0912,5.104747245510133e-05
40.7945,28.024,0.018655165988517353
40.4002,27.2413,0.0021085232400718246
40.4407,28.9817,0.04682345799664489
40.4373,28.9912,6.081915435340868e-05
39.7383,27.8717,0.04735684966636944
39.743,27.8353,0.001410470870489955
40.1365,28.3503,0.17072527943404092
40.438,29.1133,0.024097323664434178
41.5867,27.8895,0.6175487352959281
40.1498,27.3,0.05882672155101021
40.2047,28.901,0.07076203868787212
40.5303,28.2243,0.3981048372233501
41.41,28.4783,0.5787939602933375
39.9823,28.023,0.2695082190312251
40.8582,28.274,0.016954523213420503
40.889,28.7112,0.0503390011227397
40.8945,28.7187,0.000573105206410407
40.8217,28.044,0.01378890429045676
40.8378,28.029,7.903278697374283e-05
40.3178,25.7228,0.03363922565610744
40.1707,29.269,0.5205239359738976
40.587,28.3705,0.5835069242194768
40.8815,28.4375,0.056940833185910145
40.5762,28.2545,0.060015436680608825
40.3667,28.2953,0.0762100306148239
40.1432,29.9395,0.13039721282802308
40.1513,29.9198,0.00034550492749918504
40.721,28.433,0.48064006630089606
40.7252,28.4373,5.37770109422242e-05
40.7817,29.081,0.07147920730088186
40.4135,28.44,0.015845264420281224
40.5835,27.3953,0.07994334826434224
40.8778,26.401,0.8800728675338589
40.203,28.9953,0.10464201843502963
40.371,27.1012,0.034556232417186084
40.3683,25.7363,0.031991462938291804
41.2318,28.6337,0.9737933604724536
40.7817,28.4732,0.10034771071725146
40.8338,28.3595,0.0020633048142146837
39.6107,26.4292,0.08578811752522619
41.6297,28.365,0.9662551505158562
39.7938,30.4533,0.09970226446557795
40.8815,28.2288,0.018690447504717267
40.8913,27.5713,0.17329896536806055
39.638,25.7203,0.13550107799105504
39.63,25.749,0.0004997238806173643
39.6518,25.7403,2.6658215047548062e-05
40.2908,27.4268,0.2205782127958429
39.992,28.1415,0.054907313373538824
40.395,28.4963,0.05707332124982223
39.8298,28.6235,0.09237893442315681
39.7772,28.5893,0.002995042718990537
39.7975,28.6428,0.0018472158741174027
39.7917,28.643,6.599685136221556e-05
40.611,27.7785,0.07342103006512968
40.8217,27.8823,0.012926085994681702
40.8375,28.3402,0.0069057222695653175
41.6278,28.3598,0.005816649075957803
40.6327,27.4128,0.07178122792388486
40.7453,27.3997,0.01344649819855237
39.6302,29.2947,0.12436400810066006
39.631,29.2722,0.0004823331624163041
40.5145,30.7152,0.124509266288366
40.8233,27.9712,0.013550047077619976
40.8317,28.6852,0.022324673433746667
40.7153,29.1407,0.023672653949840194
40.6422,27.469,0.05444017367913767
40.7705,27.4028,0.006582192368141615
39.6202,26.4338,0.018002510367252533
40.9143,28.5455,0.3411534102477376
40.6127,28.9962,0.025964234815049392
40.4202,29.0637,0.03785338899440971
39.7,25.6042,0.016275975533921905
40.6067,28.6782,0.5635710051675755
40.4288,29.0625,0.0016120009331337393
40.1575,27.3905,0.06329272189161794
40.4433,29.0578,0.003484917968309631
40.7218,27.4857,0.017706970604982053
40.8357,27.5667,0.060389599791316084
40.8882,30.8513,0.1617647252321982
40.3462,28.7153,0.47052889848402235
39.6022,26.0907,0.015621714173682744
39.6087,26.0868,2.2779547769635755e-05
40.5975,27.5648,0.12548898760615923
40.7193,29.058,0.026018022685131537
40.1318,30.7427,0.20295360968057763
41.8427,26.8398,0.2038840178058381
40.4713,29.1375,0.028745352880227837
40.4027,30.121,0.045147323486304014
40.8483,27.744,0.011677588819284712
40.477,29.209,0.04494216216897917
40.4055,28.8335,0.10346250751851371
40.8317,28.6722,0.015138106865764223
40.0953,27.7623,0.15685653784028464
40.771,27.4175,0.007908971718604718
40.854,26.3003,0.6142723173460187
41.89,28.7577,0.999716852908864
40.2117,28.9208,0.05461301454169443
40.8392,28.8692,0.06213897890364162
40.3615,25.7167,0.032062256295152136
40.5658,27.867,0.24396847061485594
39.8982,29.2993,0.41093504546632464
40.4282,28.7893,0.05050718498147011
40.522,27.8085,0.028503821397053763
39.6157,27.4585,0.29445152206930636
40.2322,27.9472,0.13424111911024228
40.8007,27.52,0.01244595199840448
39.868,28.9202,0.2991758117770986
40.3253,27.5322,0.06585380086771508
40.0055,25.881,0.6926408712748362
40.0575,28.7707,0.2628957630367956
40.424,28.7658,0.008329643669077513
40.6093,28.965,0.01362259611808303
39.7163,27.799,0.08990220141927796
40.759,30.6728,0.2315453530060625
40.5985,28.9678,0.0018295672955493947
40.6103,28.9722,5.241062993799339e-05
40.5433,29.112,0.12224499335818562
40.1137,28.0635,0.12914674953654814
39.6025,27.463,0.014804038110460715
40.8008,27.7862,0.017707423609070738
39.8535,30.856,0.5899996893267307
39.7915,26.0832,0.06079818374798207
39.6128,26.4355,0.015881516712050514
39.6012,26.4177,9.280386523813355e-06
39.6037,26.368,0.00022405710899309206
40.8523,28.2655,0.014874541332639435
40.6117,28.9555,0.002514398394222961
39.6155,26.0902,0.008200073993252954
40.7493,29.0998,0.04420608086814615
40.8142,27.3352,0.18075394410602874
40.7677,27.3328,0.021816922107523062
40.6467,27.4102,0.04115094712445411
39.6207,28.5812,0.14266165077587456
40.2328,29.0903,0.1769196609872824
40.4075,26.1127,0.007797501890302261
40.3927,26.2217,0.05040287909974239
40.6242,27.3767,0.026806026963417606
40.7455,28.1173,0.1507739954202485
40.3825,27.0348,0.03660157545098164
40.5948,27.806,0.045450870992582715
39.7012,26.0953,0.10722439020866037
39.9085,27.7433,0.42304244018846315
40.4262,27.057,0.041923429342868745
39.8417,29.7153,0.15275742774607393
39.8957,29.9517,0.0349279377970797
39.7903,27.5012,0.690214633055817
40.722,27.4717,0.017350237842236882
40.9298,26.5735,0.8639635221595781
40.1105,27.6268,0.1557656986907362
39.6028,26.4348,0.006184932173627922
40.7107,27.4965,0.007581068321161233
40.6678,27.463,0.015376635843627695
39.6397,26.293,0.25826180780123265
40.6913,27.478,0.003034810820656819
40.7297,27.4795,0.002060100791211994
41.6303,26.7772,0.9576736890384289
40.6117,28.9713,0.003948451913838191
40.8057,27.7807,0.010062730252060947
40.4317,26.2453,0.01773094332944003
40.1848,28.9847,0.07473883650536894
40.7238,29.1125,0.025998858159403837
40.8082,27.8943,0.018255364148452524
40.8267,27.9102,9.957957653361493e-05
40.4372,26.2575,0.005444850245810318
41.0243,29.6008,0.9502869076122972
40.7712,30.8017,0.4689544918100419
40.7553,27.379,0.013307293748051396
40.3255,25.7998,0.02167585054082699
39.6905,26.1075,0.014854314987378658
40.7773,27.4693,0.018172446793382147
39.7045,29.1893,0.530551433607454
39.6588,27.9327,0.04161725689018114
40.602,27.8583,0.04571274476585818
39.8012,26.0645,0.03041612450193154
40.7155,27.433,0.00942147415236616
40.547,27.528,0.1507681037027675
39.6815,25.6342,0.015122826679202395
39.735,26.0345,0.0636839615521676
40.3108,30.0248,0.4525205302326081
40.825,28.0798,0.02436705487881552
40.166,30.7127,0.2540289214575445
39.9797,26.9243,0.07926102934542545
39.9543,26.9192,5.07971219476655e-06
40.52,27.1623,0.11949230053138393
39.9847,26.9297,1.1853538359307692e-05
39.983,26.914,0.00011293112097621183
41.1638,30.258,0.9845373985313169
40.3798,27.1735,0.07799460654162893
40.0065,28.8347,0.2976859137734966
40.6518,27.2697,0.1765535058868919
41.2142,26.373,0.9970083789177528
39.6125,26.0995,0.008784066714560335
40.6627,29.0263,0.05545586002572345
39.6443,25.8922,0.19914885506321034
39.6107,26.0528,0.005002597446308932
39.789,27.431,0.41633608283210166
40.215,27.8087,0.22290786390163297
40.2245,27.8262,1.885434144544007e-05
40.7133,27.4607,0.006246513436096723
40.837,28.0425,0.015667063580374063
40.834,28.0348,4.152550427549695e-05
40.8155,27.5565,0.030783873592042266
39.8862,28.7862,0.13761743027234807
40.4742,28.9892,0.1074874455509085
40.6717,30.3927,0.4671592102507227
40.5833,28.1812,0.14081556588210664
40.5742,28.179,7.044386799215374e-06
40.5725,28.2023,0.00013743273825772562
40.5738,28.2073,5.323875989060589e-06
40.8363,28.036,0.0016779033935356846
41.0043,27.749,0.7329527417596864
39.6012,26.0312,0.013839246754828505
40.5827,28.1842,0.0007803933996124446
39.6168,25.9878,0.004330380739645867
40.3067,27.5145,0.08679028443905912
39.6077,25.9887,0.0016467167096186897
40.6323,29.0698,0.0347041068958539
40.7752,27.7455,0.04014037691806649
40.6477,29.09,0.003226456317821702
39.608,25.993,0.0006100360519523118
40.6325,29.0845,0.0013971228696304516
40.7067,29.1603,0.014130987822656982
40.154,27.3247,0.11166981866271608
40.7912,28.1305,0.04145956861829414
40.6423,29.0895,0.001073943359219176
40.778,28.1305,0.000409559860764408
39.6108,25.9997,0.0010908734963810396
39.645,25.8995,0.007687568095141484
39.8747,30.4912,0.14249899064259308
39.6208,25.977,0.001320088049369561
40.3458,28.2687,0.17121164617708706
40.79,28.1437,0.000828642431268678
40.6025,28.9573,0.006251145269334457
40.7902,27.4808,0.015812101568607462
40.6075,28.9692,5.807724227668842e-05
39.6357,26.0008,0.0036573918379236847
39.6138,26.0285,0.00010055519973728444
40.3802,28.7468,0.16461643684913152
40.6565,27.4993,0.0495657102081436
40.4153,28.8698,0.07357116859671187
40.3995,30.1208,0.03506111519702804
40.8382,27.926,0.010914313915086793
40.8317,28.3302,0.01627836257997517
40.7923,27.467,0.006244926498174985
40.4222,28.9195,0.02232887478089518
40.4077,28.8797,0.0029550723150075786
40.4167,28.8753,9.42565347240576e-05
40.338,27.4505,0.08149024250664227
40.6135,28.8233,0.19038121968741417
40.1363,27.2142,0.12093007102687858
40.8612,30.6202,0.7720934441773247
40.546,28.2493,0.08290585129123973
39.6385,28.9853,0.2571319499194801
40.7773,27.3522,0.02782212664677297
40.7882,27.488,0.006437676443053819
40.7187,29.0578,0.02434462393001624
40.7818,28.0267,0.030578703792763395
40.825,28.1358,0.02092027924770279
40.2598,26.2828,0.024980391688298798
40.6512,29.0975,0.006588964867486946
40.6427,29.0665,0.0005144376316825738
39.6538,28.9127,0.05299871547740165
39.6722,27.8188,0.028168269634980647
40.832,28.1378,0.002198162375325663
40.6865,30.2995,0.2721187485399126
39.7203,27.6178,0.25816485231213215
40.6605,27.3557,0.12058381535579754
40.0798,27.7703,0.04450700373287142
40.828,28.2697,0.04001105230849289
40.8123,28.2827,2.7819227681580294e-05
40.8248,27.9642,0.01474790471140841
40.6628,29.0643,0.004921378360802642
40.604,27.606,0.10290326898324897
40.851,26.5097,0.8728654290502378
40.8463,26.5112,4.365981020382215e-06
40.3595,28.6615,0.2262967676421469
40.6555,29.2952,0.14078280650057307
40.659,29.2928,0.00012619661109392055
40.6448,29.296,4.590042884966561e-05
40.1522,28.8205,0.42389667677952825
40.6613,29.1797,0.021352435117799273
39.9753,26.906,0.0055018539575785175
40.8052,27.7207,0.01689497021159736
40.4382,27.0162,0.15213982436188567
39.9763,26.919,0.002143092561696869
40.6435,27.6488,0.07504532042882162
40.2615,29.3638,0.7072481268028639
40.4103,28.855,0.010926253410603382
40.8732,28.3937,0.08521900528943793
40.8503,28.4145,1.849752206972699e-05
40.836,28.421,1.051619054404096e-05
40.8278,28.4063,5.805065812714005e-06
40.8427,28.4122,4.977914660253546e-06
40.853,28.4202,2.4435416092760676e-06
40.8625,28.4432,1.040610478342252e-05
40.8553,28.4548,1.1812537220490249e-05
40.8352,28.4065,1.1634535597271345e-05
39.817,27.6043,0.5696568357011882
39.6892,26.5437,0.2814888899794584
40.7495,27.3728,0.012514008370665297
40.6685,27.375,0.0060829617040831785
40.7255,29.0423,0.01371686138343553
40.8045,27.4948,0.011647092030217632
40.7958,27.4978,2.897293156078895e-05
39.7197,25.7537,0.18864102179290698
40.6895,29.279,0.02764989349864022
40.8013,27.512,0.0006635173698039676
40.7063,27.481,0.009860840252413183
40.2203,30.7533,0.06273894711440275
40.0025,26.1332,0.8300169332567828
40.3735,28.6082,0.1288078231646017
40.2203,28.8907,0.08186330604491343
40.7913,27.782,0.019236919101665917
40.7877,30.8523,0.13397722262158018
39.6085,27.569,0.3062239728106776
39.6057,25.9958,0.006247894337941484
40.4153,27.6112,0.12449114710298947
40.171,26.3793,0.5725368685154804
39.6143,26.0453,0.007001717814240749
40.2368,29.0045,0.12940135437215128
40.4313,28.4207,0.0619760451478899
40.7832,27.4742,0.005528433081661732
40.6027,29.039,0.029311686362284317
40.79,27.5298,0.005424916859484874
40.1053,28.5872,0.17900057411065806
40.1203,28.6073,0.000703075405448006
40.1115,28.5987,0.00016085835209278532
40.7218,26.748,0.9034251464716551
40.3365,27.5272,0.04178319035281908
40.1475,27.7272,0.08342119797397762
40.7033,29.1315,0.0221252763906572
40.3187,26.0453,0.057129426254293514
40.3627,27.5643,0.014486369919977982
40.6007,27.5835,0.023506625609997056
39.6663,27.602,0.2038123825047723
40.772,30.8457,0.017533646032214634
40.7462,29.2182,0.04963920453583859
40.4585,26.0182,0.17484345001607238
39.7048,26.5087,0.07773928878202785
39.6237,25.9138,0.05600272701813236
40.3098,27.0838,0.14075521432222315
39.613,26.4115,0.02704059054401131
40.8512,27.9448,0.018840426667612986
40.6857,30.5675,0.13738251931607037
40.7628,29.2005,0.01215711413910725
40.101,27.612,0.08634280564008279
40.4398,26.3088,0.03901495701880131
40.4408,26.3038,1.771491544833026e-05
40.4417,26.301,3.817445831111321e-06
40.436,26.3172,1.833907070514229e-05
40.43,26.3167,7.006226351968792e-06
40.4297,26.3163,5.536305049069767e-06
40.4225,26.318,9.521256642996967e-06
40.4307,26.3037,3.917297459965496e-06
40.4427,26.3427,9.541399412116292e-06
40.0012,25.8435,0.2781898291990198
40.1003,27.725,0.06486979686222338
40.4237,27.1473,0.11237115724014657
40.7652,27.4133,0.013702179101151346
40.7083,29.1428,0.00919115546450211
40.4347,27.6473,0.09629476802687087
40.2307,30.817,0.11946058644832402
40.7942,27.5207,0.004997580224695208
40.6268,29.0412,0.01784833174214151
39.6083,26.0387,0.007215448044515127
40.1192,27.1035,0.16571597504064928
40.7237,29.8547,0.6768548272043371
39.7637,28.9427,0.41492004124010606
40.2187,27.005,0.10062825073532977
40.6057,28.9675,0.007489480571302609
40.5963,28.958,1.6620088240659747e-05
40.6057,28.9617,6.645683325157137e-05
40.612,28.9703,0.00029795999573556387
40.5985,28.9668,0.0005397774088585772
40.6073,28.9455,1.328230085595461e-05
40.6012,28.9828,1.0719038869178021e-05
40.6242,28.9787,0.00016912976610550245
40.5993,28.9917,6.965114597001776e-05
40.6077,28.9883,5.599090025509845e-06
40.8053,27.8797,0.026619007915409054
40.6035,28.9787,4.067489408743352e-05
40.6195,28.9773,4.031940383963928e-05
39.7063,27.6187,0.04672951853230434
40.588,28.9725,0.00016188074480971704
40.6687,27.4463,0.03181507933972516
40.6673,26.9752,0.6859138169792742
40.6317,28.9667,0.0008243371140096434
40.6905,28.917,0.016630824571637337
40.6633,27.8393,0.19223740404255107
40.5963,28.9828,0.0003682215148840262
40.608,28.9632,5.6013551391731475e-05
39.6412,26.4503,0.06898359052517822
40.6945,30.3157,0.06007555767356876
39.7242,27.8143,0.07406491085192235
40.607,28.987,0.0003358229447734118
40.3772,28.9855,0.11406210920111814
40.1065,27.6677,0.06223602437150688
40.3868,28.9935,0.0003052019499777403
40.7837,27.4523,0.010340912975548289
40.7833,27.4405,0.0001647106797296738
40.6115,28.9712,0.00038953457202850483
40.6002,28.9715,0.00026652615404654245
40.5783,25.659,0.18079686744023704
40.7565,27.4783,0.004435715123083828
40.1925,29.044,0.13725781367787904
40.791,27.518,0.0033954725442117972
40.5995,28.9773,0.00027897000957155527
40.6013,28.9757,2.685625135279146e-06
40.6118,28.9718,7.663080636932662e-06
40.605,28.9603,3.316866062463841e-05
40.6068,28.9835,1.6006659313339e-05
40.6033,29.0002,5.0198177166449476e-05
40.608,28.9893,8.27729816965661e-05
40.588,29.0082,0.00018724130963654328
40.601,28.9752,9.940234127858716e-05
40.7185,27.4843,0.0073191771649516735
40.6003,28.9763,9.21474906435682e-05
39.6007,25.9993,0.00799924089934645
40.1242,29.2622,0.4055544569816273
40.5967,28.9863,0.00011467655306296454
40.6108,28.9918,6.74544434023927e-05
40.6805,27.452,0.006773874013477843
40.594,29.0028,0.00021704109916764747
40.436,26.3032,0.001911276389118921
40.4143,26.0798,0.015727348014142994
40.3967,26.0462,0.002158921708046657
40.3962,26.0395,2.0339179033546095e-05
41.3727,29.9297,0.9958639579432444
39.6132,26.01,0.0038573043869671864
39.6037,25.9992,0.00010066068435476971
39.6052,26.01,0.00017794694750050688
39.8405,30.522,0.07575298224348215
40.2703,27.2705,0.2557888240938063
40.5982,28.988,0.0002713860940145585
40.601,28.99,0.00013372420227786286
40.6535,29.2583,0.052620601993385474
40.4447,28.3713,0.17373506113763193
40.7887,27.5283,0.002529202217526172
40.758,25.725,0.5395122008468539
40.4015,27.4067,0.14059370920536918
40.6075,28.9912,0.0002934431514702851
40.6027,28.971,0.00020594196474632565
40.4043,27.4037,0.0015714231014285485
40.6052,28.9582,0.00034512703688338586
40.2818,28.8565,0.36845010912324305
39.7722,25.6275,0.13896493910271124
40.4488,28.3708,0.0008060840758459253
40.4545,26.3772,0.03002791403293914
40.6957,27.4807,0.008784193306819787
40.765,28.9893,0.08524460079835217
40.4568,28.1043,0.4324780041849875
40.3837,28.3055,0.07098901217634579
40.8213,27.9683,0.015209771690330887
39.7838,27.9068,0.12116552652425161
39.8457,30.404,0.3195843045614365
40.209,30.833,0.0689805490440446
40.2327,30.7703,0.0002846822770061763
39.6163,27.8218,0.11279389417513497
40.83,27.9132,0.011744749100096041
40.097,29.0403,0.41814286272598067
40.6088,28.9773,0.0005394480431003545
40.6782,27.4277,0.013913336255694908
40.3215,29.481,0.7353622099801386
40.3825,27.156,0.04241215636358542
40.7818,27.9382,0.030872970366290886
40.802,27.9395,6.785978427736872e-06
40.7895,27.9283,2.6706809718168856e-06
40.8017,27.9258,2.232938784096916e-06
40.7868,27.9232,4.694268278948588e-05
40.3812,27.1492,0.0009366905112265789
40.3913,27.1552,0.0001223748082528342
39.6153,26.4275,0.014185916605283455
40.7518,27.386,0.011312173718252772
40.386,27.1617,0.0007004449736025542
39.683,27.9637,0.13826779357840002
40.3833,27.1537,0.00041351568284331286
40.3895,27.1533,2.313128712927437e-05
40.3862,27.1572,4.158206438509282e-06
40.3825,27.1515,6.625918993030666e-06
40.3923,27.1535,1.8593358413032668e-05
40.3947,27.1433,2.65774705332511e-06
40.382,27.1523,6.950381255199645e-06
40.391,27.1425,5.0594778202572854e-06
40.3995,27.1405,8.080739557714267e-06
40.3892,27.1278,4.487563392441274e-06
40.3862,27.1447,2.667178850224161e-06
40.3923,27.1415,2.5805218106800254e-06
40.3772,28.9902,0.00488144454924222
40.3948,27.1357,3.0388742726761286e-05
40.3898,27.1538,2.4555577230800374e-05
39.6173,26.4088,0.00387866920095159
39.6292,26.3978,1.640601991703683e-06
39.6387,26.4403,6.011357263635553e-06
39.6155,26.4268,1.684544814417599e-06
39.636,26.3675,9.480546069529083e-06
39.6228,26.4235,1.4474140693776505e-06
39.6345,26.424,2.0353511984705364e-06
39.6155,26.4185,1.234719583909083e-06
39.6295,26.4368,2.791317408878946e-06
39.6248,26.4238,1.6035534782243843e-06
39.6448,26.4057,5.255191914743662e-06
39.6093,26.4175,1.8490513575830647e-06
39.6302,26.4175,1.3382366890191122e-06
39.6077,26.4153,1.6570448430064388e-06
39.6077,26.4135,1.145844752192815e-06
39.6338,26.4335,3.564766321462187e-06
39.6255,26.4203,3.263488496219047e-06
40.8448,28.8562,0.06155247934921193
39.6125,26.4275,4.412732938829933e-06
39.6253,26.431,5.930470927340004e-06
39.6327,26.3953,1.0665081654703812e-05
39.6122,26.4203,5.529810164883742e-06
39.6227,26.4263,5.800651811660451e-06
39.6235,26.43,6.103812772995099e-06
40.3152,27.489,0.057485074971126426
39.6208,26.404,8.375686209372013e-06
39.6113,26.4242,1.3194913120129215e-05
40.3913,27.1475,4.0685107908888796e-05
40.3823,27.1457,4.4942335826081425e-05
40.3918,27.153,4.721297536836033e-05
40.3828,27.1803,0.00018173886959327312
39.6207,26.4623,0.00023200684811508498
40.38,27.1328,9.504146852135076e-05
39.6228,26.444,6.773896510881006e-05
39.6167,26.4358,5.242817844974823e-05
40.3857,27.1678,8.93705183022675e-05
40.3797,27.1525,3.2073394355736085e-05
40.379,27.151,1.972967245233992e-05
40.3768,27.1647,4.5505978316318085e-05
40.3777,27.1553,5.6399186350697406e-05
40.3865,27.1548,1.3417198970522293e-05
40.3862,27.1723,4.759091644590541e-05
40.3932,27.1682,2.758401134728139e-05
40.392,27.165,3.740335616564394e-06
40.3877,27.1268,3.303134398402463e-05
40.38,27.1757,9.550479976194737e-06
40.387,27.1607,3.0071698104983113e-06
40.3873,27.1745,2.5345455022973695e-05
40.3893,27.159,2.0633962460436805e-05
40.3948,27.138,4.988010999495973e-05
40.8402,28.8595,0.002086511599708407
40.384,27.165,2.6516023944878064e-05
40.3877,27.1208,0.00014626952702812002
40.3943,27.1368,6.872252024126002e-05
39.6162,28.6223,0.2859618261999126
39.6153,26.4605,0.00041535322495001026
40.6013,28.9707,0.0005853612129879115
40.6072,28.9738,9.288706321886053e-06
40.3878,27.1505,7.382101785591288e-05
39.8845,28.0652,0.2516322740430461
40.3645,27.1495,0.0002401813274827136
40.3922,27.155,8.148300270316433e-05
40.846,27.89,0.009277691028785728
40.2325,29.1682,0.08686855179118946
39.62,26.4337,0.0001806574228906399
40.3883,27.1243,0.00022807035194327696
40.4002,27.1465,0.0001366029526908008
39.6307,26.4475,0.0002080773884007847
39.6293,26.4418,0.00013690345720762664
39.6192,26.4242,2.937953332371457e-05
40.45,28.4655,0.09765932112897657
40.4597,28.4588,1.672535877761394e-05
40.3853,27.1275,0.0001992637279830678
40.4082,27.1455,0.00024505663987739457
40.1413,28.2837,0.15920491624794264
40.1173,28.0988,0.16269417932464214
39.6055,26.459,0.0006815947767961905
39.7253,25.664,0.062123299442206625
39.6095,26.4322,0.00027068689979514726
39.751,25.6173,0.01137897382294617
39.6155,26.4438,0.00020571555157822274
39.6222,26.4473,3.1362588380767775e-06
40.4178,28.8812,0.018465411458797987
40.8548,30.8783,0.3946115486460341
40.4033,27.1392,0.0003364166267051383
39.726,25.6277,0.004065245226087866
39.7382,25.6083,1.3939300051557524e-05
39.7248,25.6,8.766867473974926e-06
39.73,25.6205,3.235562293402161e-05
39.7325,25.6305,3.728876872943765e-05
39.7307,25.6132,6.172753741851e-05
39.7277,25.6197,0.0001282242131298572
39.72,25.6288,3.989516820301908e-05
39.716,25.6067,8.128327470879881e-05
39.7797,25.6585,0.005220120492523184
40.3835,27.1638,0.00024341431575070072
39.7893,27.8052,0.20404398305859772
39.8165,25.6595,0.013648765210488634
40.381,27.5813,0.05378432658259891
39.9962,27.6398,0.08644073404357666
40.7923,27.7555,0.02029952085942255
40.8035,27.7412,1.6567419267254913e-05
40.8087,27.7885,2.650436869044981e-05
40.755,27.342,0.026200446180342674
40.8117,27.7537,0.00024744886002803224
39.6307,26.0805,0.02216561263922323
40.3505,28.267,0.05073381363630969
39.7433,25.654,0.002762216825558217
40.8105,27.7457,0.0005676161601348984
39.6073,26.4512,0.0006679366402324582
40.8455,28.4747,0.043504742518985506
40.8237,27.972,0.00820468349918868
40.3908,27.1502,0.0003411343570486336
40.7163,30.629,0.06683189367877873
39.6237,26.4347,0.000416390949672385
40.3858,27.1383,0.0003453435259701543
40.7993,27.5843,0.0542361416500553
39.7908,25.6335,0.009021418234389955
40.7937,27.517,0.004486995584623288
40.5573,25.6932,0.1353039365940737
40.6902,30.6148,0.017970509669196444
40.7185,30.6242,0.00034089933007774853
40.7058,30.6178,2.8992224498924912e-05
40.8282,27.7435,0.0029721985211116353
40.8108,28.0633,0.023559206328694904
40.2837,29.6707,0.7941175144468668
40.8193,28.0448,0.0001830426112117145
40.5212,29.2743,0.22652292419949172
39.6317,26.4635,0.001370120119586371
40.8192,28.0703,0.0005742745988887021
40.3882,27.1367,0.0004084276470666115
40.8115,27.552,0.0067802300240777935
39.7707,25.6595,0.004493226783338633
40.43,26.2358,0.02310378454654516
40.5193,29.1885,0.0854470761604218
39.6768,27.731,0.22604683343060405
40.2243,27.0253,0.04356088834706662
40.852,27.7433,0.0060671644269469915
40.421,30.8005,0.8768770967025685
40.7638,27.4852,0.010910631621644296
39.6482,26.477,0.004572186518111199
39.6093,26.4233,0.000614199756245104
40.8355,28.1473,0.024236672038026597
40.8472,28.1417,9.145395534659873e-05
40.4477,28.38,0.0068910504835301145
40.7225,30.6277,0.0023913808226915245
40.8405,27.7548,0.003155838164018543
40.4435,28.4698,0.004340436334755449
40.401,26.0462,0.009515299994283022
39.6088,26.4578,0.001281500229693422
40.8708,28.707,0.060130707229989144
39.7205,25.6587,0.006300478050572322
40.8657,28.7085,0.0011217174214551706
39.9312,27.0998,0.5711177856631156
40.8478,28.1443,0.002927763941141137
40.8463,28.1427,5.209326834898498e-06
40.5935,29.0048,0.0025587398847577436
40.4028,26.9183,0.36033072742970496
40.8727,28.7257,0.002343559464636602
40.1448,28.184,0.31859493834183505
40.8353,28.349,0.021094346625519567
40.6022,28.9668,0.000915412264550497
40.5268,25.8412,0.5482602401151014
40.7853,29.0178,0.08771614681844908
39.967,26.9273,0.013682527421071566
39.8942,27.4498,0.734059520572245
40.5257,28.1953,0.2088385312102028
40.8557,27.7463,0.004340284717249898
40.8378,27.7818,5.833456133619297e-05
40.7462,27.4018,0.012537302014564822
40.5673,27.1237,0.24207292285855964
40.7033,27.4687,0.008889251431370093
40.7267,27.4215,0.0027153106324907528
40.2078,30.7858,0.037858622245578455
40.5495,30.7598,0.30400597366153626
39.8383,27.582,0.23167212880745391
40.8665,27.9897,0.060256882435646975
39.7613,27.794,0.08719700015990328
39.7248,25.647,0.004120178341335157
40.7585,27.4718,0.006279739054752875
40.7608,30.7768,0.08823523909825326
40.7662,30.7965,6.401993939497697e-05
40.3317,27.3018,0.1837598618325348
40.7653,30.7865,0.0004316572192283319
41.4425,28.0127,0.9870536902638724
40.83,28.675,0.033837509162528256
39.9227,29.0663,0.6718677468973269
39.9152,29.073,0.00024138492508363196
40.8228,27.6768,0.038427153953253246
40.7753,30.7925,0.0013821597881634728
40.7227,27.4435,0.005668336506446381
40.838,27.7655,0.0038446450509997954
39.7822,30.4965,0.21124730474876985
39.7193,25.6033,0.004434348588214121
39.7278,25.6095,7.584597423559991e-06
40.7548,29.0947,0.05438500013327985
40.3747,27.5267,0.07968819227256618
40.3923,27.5185,0.00014928751157561315
39.6678,26.4735,0.01446845063001434
40.8315,27.9505,0.010408886275518503
39.6695,28.0458,0.4357857383693463
39.735,25.615,0.0018494856932995685
39.812,26.0783,0.09281809453537082
39.7377,25.6242,0.0014059044258990516
40.7908,28.0503,0.01961725761023181
39.8437,30.3183,0.48640239249491934
39.764,30.6417,0.3622638872548547
40.365,27.7467,0.16940698416123823
40.6313,28.963,0.005654644955376598
40.6253,28.958,9.38033652005954e-05
40.6495,30.5338,0.2467617986093278
39.6358,27.5822,0.14132863081074232
40.7125,29.4128,0.6570268364819876
40.6248,28.9617,0.00048618331373817547
40.6252,28.9507,6.0889414186027224e-05
40.6178,28.964,5.033097815698717e-05
40.43,28.0538,0.2116032499653132
40.7867,27.7812,0.012010288697297922
40.5045,25.781,0.318008958675271
40.8302,27.789,0.006611957914417266
40.6438,30.5198,0.010649997389252763
40.3605,27.9465,0.236262778778899
40.8042,28.9338,0.21497743847757256
40.335,27.4917,0.05112381213021955
40.647,29.0463,0.017580957329222047
39.6278,26.0322,0.0169631967413979
39.833,30.5137,0.040913705176821025
39.8097,27.2312,0.8782477302107082
40.3985,27.2352,0.01587998153065817
39.809,27.2202,0.00011231549164836263
40.861,29.2802,0.14037252879012463
40.6403,28.9543,0.0020416774527618475
40.8297,28.11,0.01741084813790328
40.4275,30.0492,0.3215347887076352
39.673,25.886,0.2007252932709519
39.6828,25.8373,0.0001230411224962813
40.4362,26.2767,0.014602403309292855
40.4073,27.2257,0.004701048114745143
41.8745,26.4882,0.7917497878267352
40.4628,28.0462,0.029720702259259935
40.2125,30.8248,0.03375476996737037
40.8485,28.2857,0.03648780223258685
40.8633,28.3063,6.929384325504717e-05
40.8572,28.2875,5.24461030149137e-06
40.8337,28.1657,0.007845488106542842
40.8208,27.8215,0.01786895314061221
40.8928,30.835,0.17980647544900752
40.779,27.4098,0.014608454416626504
40.7708,27.3975,0.000545480389371189
40.3752,28.2383,0.13866161771985164
40.3715,28.2408,5.357985490395123e-06
40.3845,28.2343,7.493507170774905e-06
40.3415,27.1117,0.023761328158599326
40.3223,27.1428,0.002315386990919377
40.775,27.4577,0.007178396853158242
40.4305,28.9935,0.045759391975356944
39.6095,26.4203,0.0015828926186527426
40.5975,27.543,0.10007042092510532
40.847,27.9378,0.01054453086217344
40.2088,27.8635,0.21912464684187027
39.842,28.7197,0.09190944445100191
39.6157,26.4293,0.0011897676880031627
40.7842,28.6237,0.19882412976709285
40.7613,28.7143,0.011512574964333555
40.7617,28.7045,0.00016303061081346382
40.685,28.3807,0.6410160187289574
40.7617,28.737,0.0006398510196001794
40.7603,28.7068,0.00010873929901067392
40.4442,28.7483,0.10805184374355148
40.0015,26.136,0.06501308564811958
40.4595,27.7502,0.3982156060819372
39.618,26.42,0.0005580037285697337
39.6192,26.4213,8.723730834603316e-05
39.6055,26.4225,0.00021201118027192045
40.6605,27.51,0.04639947607535988
40.569,27.8135,0.15055184202806549
40.6235,28.9683,0.0018797419664610127
40.7897,27.7775,0.0076966966646647705
40.8725,28.3285,0.016469377119783246
40.8775,28.2405,0.02535623015930022
40.888,28.2412,0.00027665995866299475
40.8712,28.2512,2.0280563592267598e-05
40.6677,29.1417,0.0509619904346964
39.6758,25.6073,0.02644979087186583
40.8767,28.709,0.01552676074272863
40.878,28.205,0.0028894423885812426
40.8745,28.212,1.903062099506414e-05
40.8733,28.254,2.7670014897118733e-05
40.8778,28.2285,9.87085868697779e-06
40.8792,28.246,9.456764004767138e-06
40.8862,28.208,1.3279494385787238e-05
40.8773,28.224,7.138550897511919e-06
40.8527,28.2732,0.00011108110789759262
40.8808,28.2328,8.820049259727902e-06
40.8827,28.2313,7.5422493031052085e-06
40.8528,28.2332,1.9515159672356397e-05
40.8703,28.255,6.50846951999462e-06
40.8602,28.2785,5.1726065182444714e-05
40.8723,28.2148,1.3131271802135913e-05
40.879,28.2338,1.3658054607290637e-05
40.8867,28.207,6.954225921107504e-05
40.8733,28.2158,3.225072694224007e-05
40.8842,28.2033,1.548420293007169e-05
40.4217,27.129,0.009479777138459156
40.8535,28.7042,0.003752891819052695
40.8783,28.2212,4.584693974718501e-05
40.8828,28.2178,6.528680414397137e-06
40.883,28.207,1.1314186614930222e-05
40.8753,28.247,2.95513501922251e-05
40.8802,28.216,1.58639282423767e-05
40.8865,28.2485,2.8421778518472607e-06
40.813,28.251,5.362084862547967e-05
40.8557,28.2883,2.2275809745231356e-05
40.89,28.2202,1.2232038435477932e-06
40.8633,28.28,6.785275504905819e-06
40.859,28.2855,2.80710599898093e-06
40.8523,28.3333,1.9237490139212277e-05
40.8775,28.2105,1.3436139442157824e-06
40.8857,28.2655,6.570095925861885e-06
40.8725,28.2372,2.5312945484134985e-06
40.8857,28.254,2.5411208903758364e-06
40.8857,28.3088,1.3818477895943815e-05
40.8758,28.2943,4.520143991770809e-06
40.895,28.2755,2.4750669597173314e-06
40.8592,28.2452,3.5177983969125748e-06
40.8825,28.2222,1.6021943674005001e-06
40.8775,28.2167,1.155127198781969e-06
40.875,28.1915,3.102827496270777e-06
40.8778,28.2875,2.426441430114501e-06
40.8568,28.2815,3.2757435759478426e-06
40.8832,28.2633,3.2897552330046764e-06
40.9037,28.2158,5.915872927531041e-06
40.8705,28.2895,2.8833888872092928e-06
40.8697,28.3243,9.022528066893187e-06
40.8937,28.2698,4.1213052172084375e-06
40.8782,28.2865,2.480492832357406e-06
40.8702,28.2732,3.237241513742717e-06
40.8223,28.3193,4.3451992504106585e-05
40.8812,28.2302,2.8283531030570686e-06
40.8702,28.2742,2.3508739402933188e-06
40.8775,28.2583,4.051333577059779e-06
40.8825,28.2202,3.1178475009552287e-06
40.8823,28.2885,5.28454679393775e-06
40.8903,28.255,4.9577365419661845e-06
40.8815,28.2177,2.8109346950078162e-06
40.8705,28.2792,4.234190037699648e-06
40.9003,28.202,8.967743533982997e-06
40.9112,28.189,5.653232572733202e-06
40.8688,28.259,4.761984056855795e-06
40.8762,28.258,2.418503353140977e-06
40.9255,28.3197,8.306891129672422e-05
40.8597,28.2872,6.7778512192750995e-06
40.8988,28.3163,2.950710248184052e-05
40.8698,28.2207,5.74639259032228e-06
40.845,28.2497,1.9990189486840393e-05
40.8437,28.2745,9.195264850436757e-06
40.8555,28.2835,3.891308664627502e-06
40.8902,28.2982,1.455087084700768e-05
40.8768,28.2882,5.8647607503736765e-06
40.8597,28.3185,2.015276138633837e-05
40.9065,28.2712,2.52615314167981e-05
40.867,28.1995,1.4485268184483147e-05
40.8643,28.2405,1.0448985478417327e-05
40.8563,28.294,1.1852715344096154e-05
40.8642,28.2148,1.025734836468395e-05
40.8683,28.2297,6.25841050116982e-06
40.8658,28.2245,6.571764757046239e-06
40.8607,28.298,1.297859020099601e-05
40.8827,28.2405,7.808752472859837e-06
40.8677,28.2318,5.998404281726266e-06
40.8502,28.2752,1.4458687372376211e-05
40.8577,28.2165,1.1307008921157546e-05
40.8668,28.2767,8.437580689801827e-06
40.8692,28.2997,7.6140021377790745e-06
40.8493,28.2815,8.897691259002194e-06
40.8607,28.2557,7.680740592652668e-06
39.6605,27.6538,0.1920992328189145
40.846,28.2943,1.7521172860690548e-05
40.8603,28.3015,4.917082171762566e-06
40.8365,28.2858,1.438835794853599e-05
40.8742,28.301,1.2724583013490331e-05
40.8933,28.2525,1.5998693481567017e-05
40.8807,28.2377,8.196713907948627e-06
40.8588,28.2473,1.2661817897718919e-05
40.8942,28.2175,1.4496497268035036e-05
40.8502,28.2667,1.4807796785532013e-05
40.8457,28.33,5.3863708393997456e-05
40.8558,28.2133,2.0289036327669763e-05
40.8712,28.2442,1.0131884662145652e-05
40.8578,28.2888,1.1953977825718276e-05
40.8773,28.2023,1.1805661926156397e-05
40.8475,28.2893,7.887743127876767e-06
40.8993,28.2022,2.326380027994901e-05
40.8808,28.1377,0.00020897477720049906
40.8615,28.2952,1.3641934845320947e-05
40.8527,28.2357,2.207803540921205e-05
40.8712,28.2903,1.62644603807216e-05
40.8598,28.2947,8.625297820974431e-06
40.9033,28.2992,4.310311988375837e-05
40.852,28.274,1.4240329261339113e-05
40.425,26.112,0.024915848325472
40.8687,28.2455,1.707479103385534e-05
40.8667,28.282,1.4588793520675658e-05
40.8897,28.2272,1.876331420980204e-05
40.3855,27.1423,0.0013844003789591497
40.8702,28.2712,1.94500015564536e-05
40.8723,28.2792,1.6688087949301433e-05
40.8662,28.2698,1.74310370669728e-05
40.8935,28.2048,2.936186037283406e-05
40.8697,28.2142,1.8830441994577285e-05
40.8605,28.2687,1.961644940351448e-05
40.8707,28.3248,7.58505063639392e-05
40.8677,28.2848,1.512213282572894e-05
40.8913,28.2233,2.268762091828247e-05
40.8577,28.3168,4.8958886290639825e-05
40.8692,28.2828,1.9416679944872506e-05
40.8707,28.225,2.1850511939702777e-05
40.8803,28.2207,1.9890605346573054e-05
40.8452,28.2723,3.9805020213390385e-05
40.8698,28.2588,2.8996744706133448e-05
40.8758,28.2702,2.5087213846086698e-05
40.857,28.3122,5.421835356000937e-05
40.6943,29.278,0.045403213766061934
40.6942,29.2622,6.841707312466028e-06
40.8707,28.32,4.200502497331282e-05
40.868,28.2758,2.0399758307587668e-05
40.8608,28.2555,2.925726299662923e-05
40.8673,28.2587,1.0226569358007254e-05
40.8502,28.2838,2.5081985304709065e-05
40.8595,28.2902,1.7680701047018132e-05
40.8645,28.2965,2.220886858550486e-05
40.8745,28.2912,3.923725874899198e-05
40.8747,28.2085,3.920628693065975e-05
40.8653,28.2647,3.828439130137973e-05
40.696,29.2657,0.00031131084693125644
40.8617,28.3147,8.665992498679831e-05
40.7505,27.4178,0.007252072178961622
40.9087,28.3232,0.0006193467665724928
40.3897,27.1583,0.0011586365919068475
40.3117,27.2547,0.07368204559246005
40.8788,28.3252,0.00023739846820136634
40.0092,26.1548,0.011753268519389515
40.8852,28.3203,0.0001402520850687372
40.8862,28.235,8.036624151330773e-05
40.8892,28.3093,0.00020092758347589612
40.8682,28.2902,7.874494773452145e-05
40.8982,28.3083,0.00011479691610150056
40.8648,28.3082,7.016337223830771e-05
40.8635,28.2938,5.873197135464192e-05
40.8883,28.2367,9.98318230713835e-05
40.4117,27.1443,0.0022655190738400943
40.8975,28.227,9.371382522682659e-05
40.8743,28.2748,8.064013309538876e-05
40.845,28.2462,0.0001995888973226334
40.8698,28.0868,0.007542703529157313
40.6953,29.2597,0.0008761323556966127
40.7063,29.2653,6.1817894548843455e-06
40.7112,29.2698,3.279981762416284e-06
40.7003,29.2715,8.725918640095642e-06
40.6948,29.267,1.364173365869803e-05
40.7002,29.296,5.504033097181171e-06
40.7027,29.2705,3.7611284644523124e-05
40.705,29.2682,1.8962370762598546e-05
40.3932,27.1388,0.0010395306688585348
40.1993,28.9045,0.0838012597636052
39.9972,26.1117,0.014061470395491882
39.991,26.1228,6.582062201831995e-06
40.8603,28.2773,0.00011805437206557912
40.8635,28.2662,5.171888760813204e-06
40.8597,28.2842,9.487684629949644e-05
40.7397,27.3822,0.00874101461216803
40.8543,28.2917,9.577020972661998e-05
40.4003,28.894,0.04502196844380979
40.5507,27.1227,0.018628070942978026
40.3607,27.247,0.02424827410643904
40.8115,27.7362,0.007184626405440042
40.8648,28.2903,0.00011170362965517988
39.9982,26.1323,0.0016127330029969134
40.8203,27.9922,0.01791752074451225
40.8158,27.9932,2.3089801626241524e-06
40.8198,27.986,5.765877012331444e-05
40.867,28.2998,0.0001301695613414866
40.8813,28.2335,0.00014121526340937773
40.8822,28.227,1.0423192750463883e-05
39.7462,28.2973,0.8007542909450305
40.7445,29.0658,0.028967771352036764
40.4268,26.181,0.02595073120157998
40.858,28.2773,0.00015811662538489646
40.7765,27.4467,0.007691913470856515
40.7673,27.4012,0.0024921330147763543
40.7833,27.4407,0.0008468815480265901
40.876,28.2063,0.00019047913538594585
40.8968,28.2365,0.0001279096084927378
39.666,26.3607,0.04636430780019152
40.881,28.2057,4.208873438682481e-05
40.8788,28.2323,0.00011433936037119619
39.7937,26.116,0.032174219908354784
40.354,25.816,0.04422198338629413
40.3433,25.8458,2.1039945102496738e-05
40.7248,27.394,0.0057031616994149825
40.4653,26.2983,0.03955698278328468
39.7843,26.1137,0.0008596905221432971
39.6853,25.6085,0.008827123397042613
40.4702,28.0662,0.04822740803448289
40.8718,28.1597,0.0019210468200695496
40.1737,29.747,0.5863192469311459
39.6208,26.4093,0.0016269668863813092
40.4983,30.3022,0.5579798452916414
40.8007,27.7398,0.00508817328247857
39.6285,28.6548,0.30064423358130943
39.6075,28.6433,3.8180723467617916e-05
40.2178,29.0505,0.13683013545765388
40.2092,29.0443,0.001098882755970254
40.5988,28.9507,0.0036544234532899234
40.2042,29.0618,0.0016156866455863117
39.6092,27.813,0.08006669507146702
40.8727,28.1715,0.0012889618088854915
40.703,28.599,0.3406105739372278
40.8802,28.2145,0.000230085439714367
40.64,29.0535,0.015632136403665564
40.5955,28.9385,0.0025899283704313714
40.6077,28.9555,0.00027193637642408675
40.602,28.9495,6.0898061787217905e-05
40.731,27.4957,0.017635786573346524
40.8625,28.2362,0.00036155807919102667
40.5963,28.9348,0.00030906322950285947
40.5943,28.9593,0.00022819267656792874
40.8723,28.2722,0.00029876803714778966
40.2008,28.2148,0.5629057470218822
40.8877,28.4558,0.05869807712433117
40.7078,27.4622,0.008009698309279667
40.7122,27.4482,2.6190165815842548e-05
40.727,27.4728,0.0004122147372523921
39.7252,26.5442,0.18431334176509673
39.6408,29.0288,0.33401207808051325
39.6763,26.4763,0.010435559328574873
39.6457,28.9987,0.004397020927596085
39.6493,29.0158,0.0006879666644306059
39.6642,29.0252,0.0002830933392479196
40.6792,29.0507,0.026424867242243022
40.8333,28.9477,0.18306354650982182
40.0372,29.0678,0.506528050150531
40.726,29.0057,0.052015918011444784
40.3202,27.4103,0.15458230607240053
40.3688,27.9202,0.1345972171961548
40.7572,27.3657,0.010431981938151869
39.6722,27.8425,0.0243043384307966
40.8572,28.2605,0.0004977844087898919
39.9453,28.3473,0.8539867158351805
40.3812,28.7162,0.2123263928568635
40.4812,29.241,0.1799380820395221
40.7983,27.5425,0.01824423647504425
40.816,27.6288,0.01663127211053217
40.6015,28.9333,0.001732650888418119
40.2067,26.9948,0.09837974525085103
39.9792,27.7732,0.3659253451485105
40.8197,28.9303,0.02573406519203203
39.6008,25.9963,0.013736592579642659
39.606,25.9857,0.00017061103710269698
40.8308,28.347,0.006160566379366128
40.0122,27.7847,0.021530571162151624
40.6245,29.1602,0.056945098211832135
40.7703,29.0457,0.04442261213783549
40.8255,25.7975,0.94931494330685
40.7808,29.06,0.0007561306249439514
40.6975,27.4017,0.017966767287322605
40.6997,27.4065,4.578564563928467e-06
40.7015,27.4037,2.5379430523608804e-05
40.7127,27.4212,5.103743162648833e-05
40.7005,27.403,9.585769298769975e-06
40.6953,27.3985,8.284233941724395e-06
40.716,27.4145,5.855453897884999e-05
40.703,27.407,2.206556452688524e-05
40.8613,28.2268,0.0006537580924127484
39.8882,28.9633,0.4942733462255161
40.8747,28.258,0.0001539744821277278
39.903,25.9915,0.7180309706776706
40.6617,27.3443,0.009261587873025223
39.658,27.6802,0.060503854636583254
39.892,30.4408,0.3605456590501914
39.912,30.4233,0.0013087231704951297
40.2155,27.7282,0.30330828416083044
40.3167,27.6455,0.21326960812320683
40.4303,26.2467,0.02004517622906843
40.5995,28.9377,0.001986776052553263
40.8073,28.8385,0.09759184789099273
41.2247,29.5198,0.9891207503287202
40.1097,28.9293,0.4047053863145632
40.1182,28.9398,0.0008276021939873646
40.0763,27.6547,0.20338455758319818
40.3517,27.1418,0.013347348363125455
40.7952,28.9985,0.034273590841583434
40.3567,27.142,0.0007769376942529105
40.8613,28.2845,0.0005361894524688049
40.8575,28.168,0.003347684668062789
40.1123,28.651,0.2755841807878412
40.8358,28.1837,0.001742361447870655
40.322,28.4157,0.3833971459484067
40.7775,27.7668,0.016789989647718162
39.6525,26.1013,0.09053189491016689
40.7993,28.9433,0.021509246668392712
40.8425,28.2908,0.001130986162448333
40.4325,26.2583,0.0062306204564503975
39.9273,28.781,0.2734415598613301
40.7202,28.654,0.09041597823812664
40.9088,30.4232,0.3474369916765929
40.806,28.0378,0.020276934262830282
39.6545,26.084,0.005276327333954556
40.5275,27.1197,0.06426182942526082
40.3935,25.8318,0.08038929142474516
40.385,25.842,0.0003016714499364248
39.9732,28.0072,0.3040563949010804
39.6377,26.0563,0.006786027254480853
39.8938,28.0008,0.061055621978896024
40.0367,27.9095,0.2558782928869975
40.4013,26.075,0.017295313048401484
40.6,28.9685,0.001984692003263566
40.9065,28.3113,0.0035623825758573924
40.2945,28.3788,0.08978984150618796
40.7787,27.437,0.007326843823773466
39.6175,28.2708,0.412534727137271
40.7895,27.4418,0.0008015385200821346
40.7805,27.83,0.05553080285191159
40.8802,28.2172,0.0004999235616407471
40.3943,28.9043,0.039396054526777746
40.4058,28.9152,0.001301505467221964
40.4222,28.9028,0.00036073874464293
40.739,30.0012,0.6788603008317828
40.8258,28.0233,0.007704675549331408
40.3692,27.9945,0.22780470179074108
39.6035,26.4793,0.019084228315590757
39.8697,30.3133,0.2580783678417857
40.8583,28.3007,0.0008327995377790387
40.8012,27.7262,0.009731391432680536
40.7637,28.878,0.1289900290438244
40.5718,28.9462,0.007983145846493511
40.7792,27.4768,0.005579697491380875
40.7802,27.8258,0.005386405840467456
40.7057,29.262,0.0026107684607142856
40.7062,29.2652,6.401782943055156e-05
40.7942,27.7448,0.002701214024654952
39.9247,27.0365,0.5357676688809809
40.1643,30.7563,0.2371636804012116
40.7772,27.4072,0.004544748842637891
40.8002,27.7253,0.0011604734445292975
40.1422,27.3267,0.1251090883851752
39.7062,26.1337,0.13376426809091058
40.5427,28.1907,0.12640668402055277
40.509,29.284,0.10569484026138265
40.5557,27.3997,0.23708116247117295
40.5685,27.3982,8.978643726664792e-05
40.735,27.3543,0.01639870132564536
39.6008,25.9818,0.008578816337548645
40.7955,28.6703,0.07930095401059534
40.7788,27.4542,0.0035281046788930848
40.4357,28.7207,0.07447492062262473
40.4625,27.4183,0.3011589928853088
40.8972,30.6813,0.787129866219838
39.627,26.1127,0.03177893347963345
39.6043,26.0762,0.002015420007735136
40.3125,26.3258,0.4042092341292053
40.8222,28.0278,0.005581633008347908
40.8332,28.0468,0.000144623090730156
40.8173,28.0638,0.00021098040069444934
40.9367,25.7305,0.945835236292656
40.3873,27.4285,0.09282290753781774
41.5683,28.789,0.9920480120680742
40.1725,26.1518,0.6612116341903191
40.0572,28.0113,0.4829728025779072
40.1312,27.2968,0.04436099941770866
40.3372,27.0065,0.1356459501348366
39.6788,25.6508,0.03160862982022594
39.6233,25.9335,0.057574487548411435
40.3058,28.3762,0.023310745745053763
40.798,27.6902,0.019946222315617934
40.3792,27.1588,0.0029347313022410892
40.3535,27.5003,0.06729006084066302
40.8215,28.1843,0.0068337539436128525
39.747,27.8207,0.09717585699213238
39.6015,26.0867,0.005412478896557715
40.8115,27.9523,0.014464598178818733
39.7978,26.1088,0.0211987752402093
40.8388,28.2553,0.0022629720124196506
40.2518,27.0923,0.20574046844582206
40.8533,28.2903,0.0009150260076185024
39.8182,27.5645,0.26963358224105005
40.1815,28.9605,0.14217393493923058
39.6038,26.093,0.0027446527507403173
40.9918,27.0617,0.9775231416281829
40.727,29.152,0.043920240382711695
40.6448,29.0918,0.02074188037669822
40.1442,28.29,0.07976633105618913
39.702,27.5623,0.2904747411324248
40.7772,27.5368,0.019179709308198456
40.8057,27.5205,0.007895569687720982
40.8132,25.6245,0.7880246149978225
40.5713,25.6482,0.10800186555940972
40.635,27.895,0.27712448269429446
40.1367,28.6103,0.14578402735623008
40.1288,28.6068,0.00010738234443519179
40.1398,28.6063,0.00018570271678797212
40.13,28.6112,3.830241936464418e-05
40.6547,28.9335,0.03920014959450702
40.3903,27.154,0.0021730739570915425
40.8142,25.6208,0.0052465944032984435
40.901,28.1693,0.008215868538701931
39.7435,27.7912,0.038792996062028906
40.1353,27.3495,0.04704237208876316
40.3683,26.1035,0.05233441659428928
40.3748,26.0913,3.7401455362573444e-05
40.635,29.0348,0.019681990707003938
39.6102,26.0835,0.00495974239463004
40.324,27.4575,0.06674656422210756
40.5457,28.1703,0.04731968597423386
39.7707,27.9633,0.3692338705210567
40.3557,27.4335,0.015744396201474498
40.8165,28.1437,0.016411708943431025
40.8312,28.1318,0.00015391630822902957
40.8105,25.6105,0.005259113549348049
39.9993,27.7302,0.12793270685307123
40.853,28.0955,0.006910715508190002
40.8093,25.6353,0.0033972502768442325
40.8675,27.9545,0.04612497426849871
39.9825,27.6917,0.04688838100375037
40.7777,28.9492,0.06893525671666167
40.4993,30.3342,0.21208364064981944
39.6627,26.0062,0.08441358608404792
40.3433,27.5595,0.057185082491223005
40.8675,28.3048,0.0015881088877930383
40.8625,28.0665,0.013091538387593249
39.9138,27.0662,0.14027610159794746
40.378,28.7355,0.07166495381494253
40.8147,27.9218,0.014655234603323297
41.1963,29.3805,0.9148737407674935
40.776,28.0472,0.03075200560904734
40.7872,28.0512,0.0002278096312925415
40.2427,26.301,0.03566874697864064
40.2427,26.2985,6.714670553020774e-05
40.8013,25.6128,0.0045355542020621975
40.7777,28.0388,0.000939339307918452
40.8087,28.5793,0.29465235529776623
39.8027,25.636,0.08154935184988976
39.648,26.0825,0.014570786860608198
40.8,25.637,0.003921699255610367
40.8545,28.2887,0.0012544841261267203
40.728,27.4403,0.01002085347503301
39.9522,29.1315,0.3030712778164113
40.0797,28.659,0.15143653135427515
40.0787,28.6562,1.799017068415676e-05
40.5908,28.8622,0.09926601954307512
40.085,28.6468,0.00012531970119677993
40.0813,28.6492,9.5318614232065e-05
39.887,30.4707,0.10785946836158922
40.725,29.9537,0.3239394898763158
40.4475,27.5318,0.33634196210524725
40.7353,27.3435,0.021621960742202573
40.0785,28.6477,0.0007515996101548073
40.0952,28.6507,0.0011708488976289733
40.4103,30.0422,0.18074870335578797
40.8158,27.7362,0.009632951141686608
40.2858,27.4553,0.1373020197319622
40.137,28.6065,0.0059756885068379395
39.9943,29.087,0.18615688055898105
39.8677,28.7475,0.10758773014322842
40.7328,27.4712,0.011672139602921794
40.1418,27.2898,0.028831579828838994
40.8428,28.6343,0.13911087748050477
40.532,28.1483,0.05975247598071565
40.8362,28.2763,0.003034738202953635
39.6762,27.8122,0.06010346727004179
39.6863,27.8078,1.1723003870534043e-05
39.6707,27.8003,0.00031014737179690943
39.6442,27.4228,0.5095346167639518
40.7645,28.05,0.008753447320842156
40.711,29.097,0.06360979720357207
40.4395,28.0997,0.12544737144246154
40.6755,27.4778,0.034007342162626464
40.3707,29.629,0.8460921548971492
39.6958,25.6282,0.020585099075873026
40.8858,28.2088,0.001491098082809561
40.7018,27.4065,0.006185163470601607
40.6983,27.4242,0.00012358088060049344
40.699,27.4195,9.4168608857359e-06
40.7013,27.4195,2.4900510687819732e-06
40.7052,27.4213,1.6908762293654789e-06
40.709,27.4253,1.2033297672742194e-06
40.7032,27.4132,1.7134795400330916e-05
40.7092,27.3992,7.003245314862738e-05
40.685,27.4013,0.00011320347567611577
40.7055,27.4225,4.182337562308458e-05
40.7133,27.4268,4.608415202267402e-05
40.7203,27.4615,0.0003696170782447883
40.6987,27.457,0.00014939012937964513
40.4715,27.472,0.16256128386920887
40.4235,27.4662,0.0010817989073849121
40.6953,27.4117,0.00012858345015787087
40.3925,28.68,0.13176729115062047
40.7012,30.6025,0.03886536985453504
40.183,27.412,0.290132375984022
40.6823,27.4162,0.0007817279685971013
40.7563,27.4275,0.00512403278830631
40.8132,28.144,0.010789808564378611
40.8195,28.1748,0.0001434068274883682
40.3618,27.1877,0.020144843545756963
39.6682,27.8112,0.0038943257141947907
40.5463,27.4783,0.15553980167131898
40.8225,28.1903,0.0011659193896110809
40.5443,28.1405,0.02163791961962913
40.8167,28.0358,0.009265629366805639
40.8235,28.0192,0.0033541167915780434
40.4157,26.1193,0.01580689402294022
40.0643,28.2005,0.5227509990035941
40.5935,28.9923,0.00666306180321119
40.8722,28.7417,0.06762948254261625
40.8775,28.7405,1.7683356363540348e-05
40.8803,28.7553,0.00021795694869952698
40.883,28.7365,0.0005378963549493854
40.1977,25.9578,0.8150944206288439
40.7265,27.4373,0.002308386351284719
40.6815,27.3952,0.0001655444627149949
40.803,27.4883,0.01672752943959488
40.7653,29.084,0.04179289802269037
40.1485,27.3892,0.08191483027777502
40.7743,29.0702,0.00024342440068769733
40.3865,27.117,0.009810401494694365
39.938,27.1765,0.3255526784403515
40.7625,29.0825,0.0002740854607380383
40.7682,29.0837,0.00015963125419826696
39.6097,26.0443,0.01907739843663836
40.857,28.0067,0.028364495871991968
40.3285,27.1098,0.03857869826973437
40.8368,28.3458,0.01148351697507477
40.8353,28.3002,0.001536843054689374
40.796,27.8048,0.02965945929976055
40.6863,29.2635,0.007176661559079811
40.007,29.1983,0.3367917447792679
40.7467,28.1812,0.08492921408310838
40.7678,27.4578,0.00810916468174916
40.8182,28.0923,0.01379318751628611
40.4252,28.9472,0.07522731855224207
40.5818,29.011,0.014135245299244592
40.4272,28.957,0.00046124068223607484
40.4283,28.9523,5.852731633559927e-06
40.432,28.9543,4.220548534017432e-05
40.5857,28.986,0.0008385454333592612
40.8795,28.2752,0.0020740555357080526
40.4097,27.919,0.38922521013264366
40.3872,27.1188,0.005297575307292912
40.5898,29.0017,0.001287842016947538
39.685,27.8057,0.007712263584696899
40.5875,28.9833,0.0008292954916271356
40.7027,27.4038,0.0015410447730428434
40.6873,27.3923,0.0005066038583418919
40.5828,28.9868,0.00028808782996936344
40.5957,28.9762,1.418055480673086e-05
40.7393,27.4807,0.006194203760068073
40.7963,27.7033,0.020422062328499857
40.4162,28.936,0.0025390970945149416
40.4288,28.9353,0.000503096731960806
40.5827,28.996,0.0003953864606713875
40.6317,28.9573,0.0033361297285583458
40.7422,29.019,0.035702161261746745
40.5885,28.9888,0.0002488464063781226
40.5817,28.9903,0.00019187895120253984
40.2407,28.9848,0.19778996560944084
39.7538,27.5843,0.453759477831284
40.6997,27.4265,0.001188313205769842
40.5913,28.9838,0.00031822243484880275
39.6203,28.1355,0.8712243421385367
40.5907,28.9975,0.00027965064056134636
40.3482,25.7707,0.07003167030108426
40.5797,29.0045,0.00035755770309431334
40.0387,28.7135,0.2543084914738477
40.6307,29.052,0.008936653537474193
40.8265,28.0768,0.008477155011307969
39.9973,28.2088,0.4607075531817132
40.0052,28.194,4.69115285350874e-06
39.9948,28.203,2.5220993349339693e-06
39.9887,28.2007,6.969451605276511e-06
40.0015,28.2058,1.1180150685130563e-05
40.7805,28.0372,0.006742844252187075
40.5917,28.9967,0.00036648873789968395
40.4255,28.9927,0.009886696152552443
39.7218,26.3567,0.39532593004300665
40.3345,27.5437,0.04197602548999568
40.648,29.0483,0.002468621000766169
39.6593,27.8603,0.020784299070354728
40.7905,27.7307,0.009045734097729907
40.7975,27.5293,0.012289118883272443
39.8823,27.8972,0.5791901621057312
40.4312,28.9333,0.002273601803999381
40.4353,28.9318,0.0002466947069251768
40.2512,29.2183,0.38355116657164023
40.383,27.2012,0.01757521697459319
40.6305,29.0638,0.0018591972885261265
40.4247,28.9233,0.0008658125146560058
40.4282,28.9343,2.5604011967494955e-05
39.7088,26.4672,0.13684178146358017
40.7948,27.8667,0.055461956420590486
40.3635,27.435,0.037787707401994663
39.728,27.7147,0.2396444640938531
39.7285,27.7198,2.7233759916089895e-06
39.6087,26.4502,0.009517232575162127
40.7892,27.52,0.0052075536804447875
40.7842,27.498,0.0008462612140023307
40.4227,28.95,0.0011117164903058363
40.1237,28.1572,0.17384850176070954
39.687,27.6662,0.03045491855585536
39.6572,29.0378,0.07362701087079992
40.7298,27.8497,0.15755025063272687
39.9743,26.9907,0.35778307445528656
40.8467,28.2068,0.005398625058470552
40.626,29.0585,0.0029845890080123505
40.4878,29.187,0.11812461479341141
40.0813,30.4363,0.810470144940157
40.7617,29.2027,0.061973650116772916
39.8477,26.0365,0.5055891264613455
39.9262,26.0518,0.11096143533439673
40.4225,28.8452,0.0562005383128944
40.1303,28.611,0.013349941417903466
39.7777,26.7523,0.6407647180477296
39.7825,26.7462,0.0004433723095690345
39.764,26.7473,0.00012254864659877462
39.7763,26.748,0.00011381927249165535
39.7808,26.767,0.00034300826208011337
40.63,27.3602,0.08057134538279365
39.7747,26.7337,0.0005761633382282971
39.7672,26.7357,5.8134989906477585e-06
40.3947,27.9857,0.18368073610821734
40.3437,27.9843,0.00015869006297264399
40.8107,27.9317,0.016633381161916927
39.611,26.4638,0.006642293556293533
40.389,28.4597,0.2099825865483077
40.8038,27.9313,0.002225737909893555
39.8308,30.4723,0.1714888897208805
40.698,30.6385,0.0523691101345658
40.7038,30.6352,0.0009140129414710874
40.5742,28.667,0.680290666198994
40.1103,25.7008,0.9421586449471493
40.8277,27.997,0.01251374449434961
40.2485,27.047,0.15512247195842588
40.7082,30.6273,0.0010640119869143039
40.411,27.1135,0.017845968347102614
40.3558,27.6823,0.26456101908500707
40.7103,30.6193,0.0007223662754414217
39.8217,27.984,0.5550668471082749
40.4578,30.6893,0.6924870738626769
40.0647,28.9247,0.5045596351951186
40.0518,28.916,7.450237303241458e-05
40.626,29.0452,0.005515124305007668
40.2782,25.748,0.1429831945796809
40.369,27.7457,0.0682006056582336
40.6273,29.054,0.0002177141387267323
40.8428,28.6732,0.05470861240730651
40.6257,29.0578,9.394886769609201e-05
39.6678,26.4887,0.03435111041632932
40.8005,27.5078,0.007976775050487328
40.8293,27.745,0.017454727160325145
40.8245,28.7028,0.03137983016527668
41.2108,29.5702,0.5299764007166059
39.7147,26.5658,0.14636391433315588
40.5163,28.153,0.07612268391868582
39.9953,28.6838,0.3285312816952658
39.9853,28.6867,0.00012533881300014205
40.5215,28.1522,0.001113287505451921
40.8178,28.0533,0.011541983759238428
40.8832,28.2072,0.0023556466371975615
40.3907,26.186,0.08126817922486818
40.2517,27.1425,0.2743227547437965
40.366,30.1253,0.5555476454484396
40.8813,28.1998,0.001606018865179415
40.8382,28.282,0.004020293225495353
40.0745,28.6317,0.02707856245388418
40.416,28.9247,0.006362122237083545
40.7355,30.1435,0.5073290026330355
40.7455,28.7825,0.24070620023748535
40.7392,28.697,0.01068001263791074
40.7277,28.7225,0.0005191503229253769
40.7395,28.7085,6.587650324552108e-05
40.3648,25.9503,0.08356546269294807
40.734,28.7238,0.0003592580294300429
40.3558,25.9552,8.165432006779216e-05
39.6915,25.9013,0.338934680950163
40.7555,28.7362,0.0007388551496629869
40.3722,27.6152,0.14297108617969634
40.3608,27.6068,0.00019136532201735612
40.0987,27.8212,0.557538142784772
40.6002,28.8757,0.05552473252521761
40.8358,28.1288,0.01293800473351936
39.6092,25.9582,0.06056048156501437
39.7542,26.047,0.1713503317638998
40.3698,27.3967,0.09654911141732814
40.3517,27.3988,4.932850292349578e-06
40.338,27.4112,0.00014780425021143628
40.3438,27.3938,0.00011572348307797853
40.6308,29.1237,0.048570994258887445
39.7103,25.7615,0.2148454114323931
39.7062,25.763,0.0003255742565704267
40.3257,27.6338,0.041601399095146485
40.6815,27.5087,0.0545386993391056
40.156,27.3767,0.048639655401604975
39.7047,25.6513,0.030075881937296156
40.6453,29.2168,0.1132451970557804
40.122,28.9193,0.09307134514373328
39.717,25.7385,0.0070856632572777745
40.4043,27.1317,0.008906247795293254
39.7005,25.7482,0.0008351785556333091
40.5865,27.6527,0.30342247777511766
39.8825,30.3173,0.1434020144962862
40.3705,27.5482,0.044803111295093734
40.416,28.6825,0.11499256919527678
40.7062,27.4318,0.0037191557547761045
40.7,27.4203,2.7818699683712644e-05
40.4155,28.6803,0.00136128002829905
40.9073,25.8685,0.953444424997276
40.3958,27.1093,0.007797686668757575
40.4135,27.1345,0.0012225446481577418
40.4115,27.1097,1.2376983378969975e-05
40.1235,27.8305,0.06605207446749728
40.8172,27.873,0.04204953026065161
40.81,28.0595,0.011484384321696295
39.9422,27.3097,0.621713309707635
40.3988,27.1358,0.0024675213708307275
40.3987,27.8122,0.4284587938909865
40.3403,27.0078,0.07203596896047593
40.95,29.2133,0.847846495263801
40.69,30.5078,0.36117168181874815
40.0565,28.802,0.3321497026190019
40.0678,28.7847,6.302230928345587e-06
40.6732,30.5158,0.0008156000775759731
39.9837,26.9125,0.040862620374572334
39.62,27.6297,0.34044707968453736
39.6112,27.6185,0.00014578443617618841
39.6158,27.6295,2.864213973807761e-05
40.3337,26.9982,0.0024181409010570754
40.2205,30.7742,0.10214869632176948
40.3427,27.072,0.026649274306096205
40.785,27.457,0.012333071802147044
40.8203,27.9607,0.016687463546303793
40.6617,29.1822,0.04607328223219609
40.8482,30.8502,0.3442580626185313
40.2528,29.2663,0.4110013194525056
40.2227,28.8718,0.20984002697300508
40.5698,27.4043,0.06138938038896635
40.0307,27.4125,0.3282113676649576
40.0028,27.3918,0.0008642641977761878
40.4108,27.4192,0.04854438105364134
39.6423,28.515,0.6526497461968636
40.7565,27.498,0.021418009911999825
39.618,29.058,0.24357481396517844
40.4402,27.8337,0.22206428825175795
40.2368,29.0125,0.08116478080174905
40.8237,27.9907,0.011350604849754253
39.6533,27.8028,0.04359283155314708
40.9692,29.2632,0.06573808046374452
40.8428,27.922,0.015606536290505568
40.8295,27.9403,0.0005307406517522928
40.8025,27.946,0.0013374375126093963
40.817,27.9445,0.00028014326968217595
40.3312,27.0022,0.00696867211910257
39.9912,27.4492,0.05839076038790203
40.3478,27.1628,0.02978058911549708
40.1493,30.0943,0.9027511885943269
40.4898,26.3433,0.3154668419676464
39.9658,28.094,0.34830073439517606
40.8512,28.3158,0.006725496403675257
40.4082,28.9517,0.015100973255317784
40.5822,27.4388,0.0652664236173095
40.7883,27.6813,0.05530658750156747
39.6713,27.6373,0.07662866392541223
40.7397,27.4928,0.012926747836171648
40.7105,30.6428,0.011357247792908587
40.6108,27.8137,0.1915267701523864
40.4312,28.0575,0.07454147388469456
40.1912,28.6963,0.5791268921910961
40.5618,27.4155,0.010194130554027625
40.6297,27.4732,0.011880506599529772
40.5995,27.765,0.022111981275684256
40.3357,27.1353,0.015153008885338548
40.363,28.2195,0.13220770382498248
40.6418,27.4875,0.002464898465023513
40.633,27.8083,0.009813503302995685
40.1372,27.3488,0.05275564115814868
40.4868,29.0193,0.2056075309136126
39.6568,27.46,0.31065580132850945
40.582,28.5168,0.8447822720637936
40.5787,28.5135,3.363694345637214e-05
40.7905,28.0162,0.021442135116450545
40.4953,29.187,0.05728661741140806
39.8535,29.3268,0.760426872346759
39.9637,28.0115,0.16550977344681306
40.7942,27.9953,0.0009882174456299353
40.772,27.355,0.05267776275805869
40.8515,26.2487,0.898069999296791
40.7083,29.2537,0.01253916672146349
40.833,27.8645,0.03389379392231473
40.7542,27.4647,0.01264331250787698
39.8142,29.4977,0.7794473464563371
40.7642,27.3117,0.026696608695426782
40.2393,27.0465,0.049039586030758975
40.7473,25.6387,0.4683233558332147
40.3557,25.9618,0.02778472102194507
40.8442,28.6763,0.03350166931513732
39.7742,27.638,0.3474524231121211
40.3685,26.786,0.866135214959713
40.6265,27.4628,0.008715189710795102
40.8068,27.7512,0.015839902483925528
40.6882,29.1835,0.041506717117716585
40.1375,30.0547,0.18741356279172583
40.7993,27.7795,0.007680366029751862
40.3388,26.0028,0.06673574144587213
39.8532,29.3147,0.01741737031547952
40.9037,26.3713,0.7337714291398185
39.7645,26.1102,0.08520629336979602
40.6628,27.6625,0.21614805062957765
40.427,26.2232,0.0665707991910911
40.771,27.399,0.017714162274815926
40.7172,27.3457,0.027444161792322563
40.2952,29.1323,0.18124378021834664
40.718,27.5525,0.08056099609829503
40.6268,26.3795,0.8679507051177057
40.7552,27.3255,0.010515530832079012
40.216,27.7058,0.22056145889378787
40.8132,28.034,0.00978577335332309
40.4377,27.0192,0.191366406297647
39.6903,26.6062,0.3646153288949058
39.6977,26.6338,3.42457477839897e-05
39.6693,26.6282,6.006255085611034e-05
39.9407,28.8727,0.6566987842875114
40.635,27.7923,0.025191288099220666
40.2287,27.0352,0.016406976476456947
40.823,28.1608,0.012924656452405037
39.6467,28.5255,0.017815490251708477
40.6515,30.5025,0.09725987658226798
40.6525,30.489,0.0006273266900351793
40.6548,30.4867,0.0010059958435220118
39.7842,26.0722,0.049074916238433186
40.8523,28.2728,0.0041534088377868095
40.8433,28.282,0.00017610707872584008
40.6632,30.4828,0.001353928468416754
40.6703,30.4707,0.0002929975501396731
40.3337,27.5368,0.04863012472798134
40.3337,27.5337,2.9266369390601454e-05
39.6865,28.4245,0.32197106528378483
40.6683,30.4685,0.0009601220768389318
40.0242,27.4068,0.013260300777003242
39.6038,26.4405,0.012583492774541072
40.6862,27.4845,0.024195375012013742
40.0278,27.4102,0.0008132311106010537
39.696,28.4357,0.004315551877816071
40.419,28.6063,0.2993997138882003
39.7173,27.0543,0.9385554854211254
39.6933,28.4227,0.002014421929093735
39.6645,28.5413,0.013214981597918118
39.6713,28.5303,1.6444094904088935e-05
40.81,28.0135,0.008384294897179179
40.7145,29.8977,0.5792591432281236
39.6818,28.4328,0.0017166597741475886
40.535,29.1037,0.20259143405264224
40.4553,27.6908,0.4486826444808497
40.7142,30.309,0.341156782988951
39.6735,28.4255,0.002629011498980316
40.1825,30.7392,0.23380075947118206
40.2687,26.2067,0.4644300389009144
40.1748,27.4027,0.07917257759055973
40.3407,27.0085,0.015052742294455634
40.8022,27.7158,0.016995718530953163
40.6217,27.3148,0.224804375088835
40.6492,27.4082,0.0474440080445061
39.9868,30.6647,0.9542360699804592
40.8312,28.8063,0.13052915616545857
39.8318,29.1303,0.8087646937595256
40.2273,29.0488,0.08792847606703913
40.3697,27.1835,0.01796362936978846
40.7933,27.5323,0.01790928814374093
40.4137,27.6323,0.10753802959562597
